# ISO=4Pardus-23.4-ETAP-20260504-1602-amd64.iso
# TARIH=2026-05-07 22:23:18
# IZLENEN=/bin/bash /bin/kill /bin/kmod /bin/live-config /bin/plymouth /bin/systemd-repart /bin/systemd-tty-ask-password-agent /bin/true /etc/cinnamon /etc/dconf /etc/etap /etc/lightdm /etc/pardus /etc/rc.local /etc/systemd /etc/xdg /etc/xdg/autostart /etc/xdg/xfce4 'if 'ifup journalctl /lib /lib/apparmor/apparmor.systemd /lib/console-setup/console-setup.sh /lib/console-setup/keyboard-setup.sh /lib/ifupdown/wait-online.sh /lib/systemd/systemd /lib/systemd/systemd-backlight /lib/systemd/systemd-binfmt /lib/systemd/systemd-boot-check-no-failures /lib/systemd/systemd-fsck /lib/systemd/systemd-fsckd /lib/systemd/systemd-hibernate-resume /lib/systemd/systemd-hostnamed /lib/systemd/systemd-initctl /lib/systemd/systemd-journald /lib/systemd/systemd-localed /lib/systemd/systemd-logind /lib/systemd/systemd-modules-load /lib/systemd/systemd-networkd /lib/systemd/systemd-networkd-wait-online /lib/systemd/systemd-network-generator /lib/systemd/systemd-pcrphase /lib/systemd/systemd-pstore /lib/systemd/systemd-quotacheck /lib/systemd/systemd-random-seed /lib/systemd/systemd-remount-fs /lib/systemd/systemd-rfkill /lib/systemd/systemd-sleep /lib/systemd/systemd-sulogin-shell /lib/systemd/systemd-sysctl /lib/systemd/systemd-timedated /lib/systemd/systemd-timesyncd /lib/systemd/systemd-time-wait-sync /lib/systemd/systemd-udevd /lib/systemd/systemd-update-utmp /lib/systemd/systemd-user-runtime-dir /lib/systemd/systemd-user-sessions /lib/systemd/systemd-volatile-root /lib/systemd/system-generators/systemd-fstab-generator /lib/udev/udev-configure-printer networkctl rm /sbin/agetty /sbin/blkdeactivate /sbin/dmeventd /sbin/e2scrub /sbin/e2scrub_all /sbin/fstrim /sbin/ifdown /sbin/ifup /sbin/ipp-usb /sbin/lvm /sbin/lvmpolld /sbin/modprobe /sbin/pam_namespace_helper /sbin/quotaon /sbin/wpa_supplicant systemctl systemd-firstboot systemd-machine-id-setup systemd-sysext systemd-sysusers systemd-tmpfiles systemd-tty-ask-password-agent udevadm /usr/bin /usr/bin/busctl /usr/bin/dbus-daemon /usr/bin/dbus-send /usr/bin/find /usr/bin/install /usr/bin/isdv4-serial-inputattach /usr/bin/login /usr/bin/mandb /usr/bin/nm-online /usr/bin/OpticalService* /usr/bin/OtdTouchServer* /usr/bin/plymouth /usr/bin/rsync /usr/bin/sensors /usr/bin/touch /usr/bin/touchdrv_install /usr/bin/touchdrv_launcher /usr/bin/touchegg /usr/bin/true /usr/bin/udevadm /usr/bin/VGAuthService /usr/bin/vmtoolsd /usr/lib/apt/apt-helper /usr/lib/apt/apt.systemd.daily /usr/lib/cinnamon-settings-daemon /usr/lib/etap /usr/libexec/accounts-daemon /usr/libexec/blueman-mechanism /usr/libexec/bluetooth/bluetoothd /usr/libexec/colord /usr/libexec/dpkg/dpkg-db-backup /usr/libexec/geoclue /usr/libexec/nm-dispatcher /usr/libexec/rtkit-daemon /usr/libexec/udisks2/udisksd /usr/libexec/upowerd /usr/lib/NetworkManager/nm-dispatcher /usr/lib/NetworkManager/nm-priv-helper /usr/lib/pardus /usr/lib/polkit-1/polkitd /usr/lib/systemd/systemd /usr/lib/systemd/systemd-journald /usr/lib/systemd/systemd-logind /usr/lib/systemd/systemd-pstore /usr/lib/systemd/systemd-timesyncd /usr/lib/x86_64-linux-gnu/e2fsprogs/e2scrub_fail /usr/sbin/agetty /usr/sbin/alsactl /usr/sbin/anacron /usr/sbin/avahi-daemon /usr/sbin/blkdeactivate /usr/sbin/cron /usr/sbin/cups-browsed /usr/sbin/cupsd /usr/sbin/ifdown /usr/sbin/ifup /usr/sbin/iio-sensor-proxy /usr/sbin/lightdm /usr/sbin/logrotate /usr/sbin/lvm /usr/sbin/ModemManager /usr/sbin/NetworkManager /usr/sbin/nft /usr/sbin/plymouthd /usr/sbin/saned /usr/sbin/sshd /usr/sbin/updatedb.plocate /usr/sbin/usb_modeswitch_dispatcher /usr/sbin/usbmuxd /usr/sbin/uuidd /usr/sbin/wpa_supplicant /usr/sbin/zramswap /usr/share/applications /usr/share/cinnamon /usr/share/cinnamon-background-properties /usr/share/dconf /usr/share/eta /usr/share/eta/eta-display-control/eta-display-control /usr/share/eta/eta-kisit/src/UserCheckService.py /usr/share/eta/eta-qr-login/service.py /usr/share/eta/eta-right-click/main.py /usr/share/eta/eta-shutdown/src/service/main.py /usr/share/eta/eta-usb-login/main.py /usr/share/etap /usr/share/glib-2.0/schemas /usr/share/gnome-shell/extensions /usr/share/lightdm /usr/share/pardus /usr/share/plymouth /usr/share/polkit-1 /usr/share/web-greeter /usr/share/xfce4 /usr/share/xfwm4 /usr/share/xgreeters /usr/src 
# HARIC=/usr/share/cinnamon/theme* /usr/share/cinnamon/thumbnails* /usr/share/glib* /usr/share/plymouth* /usr/src/linux* 
# SUTUNLAR=PATIKA|TUR|SYM|OCT|SAHIP|GRUP|MD5
# BULUNAMADI=/etc/cinnamon
# BULUNAMADI=/etc/etap
# BULUNAMADI=/etc/rc.local
# BULUNAMADI=/sbin/quotaon
# BULUNAMADI=/usr/bin/OpticalService*
# BULUNAMADI=/usr/bin/OtdTouchServer*
# BULUNAMADI=/usr/bin/touchdrv_install
# BULUNAMADI=/usr/bin/VGAuthService
# BULUNAMADI=/usr/bin/vmtoolsd
# BULUNAMADI=/usr/lib/cinnamon-settings-daemon
# BULUNAMADI=/usr/lib/etap
# BULUNAMADI=/usr/libexec/nm-dispatcher
# BULUNAMADI=/usr/lib/pardus
# BULUNAMADI=/usr/sbin/sshd
# BULUNAMADI=/usr/share/cinnamon-background-properties
# BULUNAMADI=/usr/share/dconf
# BULUNAMADI=/usr/share/gnome-shell/extensions
# BULUNAMADI=/usr/share/web-greeter
# BULUNAMADI=/usr/share/xfce4
/bin/bash|application/x-pie-executable|-rwxr-xr-x|755|root|root|36a1c077faa066f94ad0fc5a443ce5ee
/bin/kill|application/x-pie-executable|-rwxr-xr-x|755|root|root|084b792d4feec28e1733fc37be994182
/bin/kmod|application/x-pie-executable|-rwxr-xr-x|755|root|root|794475db6f9e7a5501f6c2ef70a650a4
/bin/live-config|text/x-shellscript|-rwxr-xr-x|755|root|root|835df151e93332eea2e7ea2c41330647
/bin/plymouth|application/x-pie-executable|-rwxr-xr-x|755|root|root|bc9229fe77013a3c62d1bbfc0c8f0479
/bin/systemd-repart|application/x-pie-executable|-rwxr-xr-x|755|root|root|40911a1835d4cf67e7fd9a3e41d4ed14
/bin/systemd-tty-ask-password-agent|application/x-pie-executable|-rwxr-xr-x|755|root|root|db85e0c66a501ce43399dc3a60739a58
/bin/true|application/x-pie-executable|-rwxr-xr-x|755|root|root|7a52c94ace40d9c052cf40f3541637c3
/etc/dconf|directory|drwxr-xr-x|755|root|root|-
/etc/dconf/db|directory|drwxr-xr-x|755|root|root|-
/etc/dconf/db/etapadmin|application/octet-stream|-rw-r--r--|644|root|root|20c405c86e9a823fe8be90074b61244c
/etc/dconf/db/etapadmin.d|directory|drwxr-xr-x|755|root|root|-
/etc/dconf/db/etapadmin.d/00-wallpaper|text/plain|-rw-r--r--|644|root|root|bee82fabdd72112c0d47a44641a34eb1
/etc/dconf/db/ogrenci|application/octet-stream|-rw-r--r--|644|root|root|0ed9d09fbaee23ee192fe3ae35ebcd3d
/etc/dconf/db/ogrenci.d|directory|drwxr-xr-x|755|root|root|-
/etc/dconf/db/ogrenci.d/00-wallpaper|text/plain|-rw-r--r--|644|root|root|094093326a6f7cd92f5d65be7e5502b0
/etc/dconf/db/ogrenci.d/locks|directory|drwxr-xr-x|755|root|root|-
/etc/dconf/db/ogrenci.d/locks/00-wallpaper|text/plain|-rw-r--r--|644|root|root|10225325fe3221de5b910340d6740da4
/etc/dconf/profile|directory|drwxr-xr-x|755|root|root|-
/etc/dconf/profile/etapadmin|text/plain|-rw-r--r--|644|root|root|8e56468acb50bf8603449f8ffb5360fa
/etc/dconf/profile/ogrenci|text/plain|-rw-r--r--|644|root|root|b6b826faa862f58baed92292a15d7575
/etc/lightdm|directory|drwxr-xr-x|755|root|root|-
/etc/lightdm/keys.conf|text/plain|-rw-r--r--|644|root|root|562fbb4f40fab79b05d203be2aabf410
/etc/lightdm/lightdm.conf|text/plain|-rw-r--r--|644|root|root|c23a82124d148a47550904d8b3cb0edc
/etc/lightdm/lightdm-gtk-greeter.conf|text/plain|-rw-r--r--|644|root|root|f697ccc6959a7a5b0e8f310b3917a8f8
/etc/lightdm/users.conf|text/plain|-rw-r--r--|644|root|root|495d2acda42d29736cf320534e1ba830
/etc/pardus|directory|drwxr-xr-x|755|root|root|-
/etc/pardus/eta-right-click.conf|text/plain|-rw-r--r--|644|root|root|a9e2001bd3054fb74cf95adbf71bbd2a
/etc/pardus/eta-shutdown.conf|text/plain|-rw-r--r--|644|root|root|501b1148b842eb96269893e5725cfc46
/etc/pardus/greeter.conf|text/plain|-rw-r--r--|644|root|root|1bb09272cc4499d442d45a1f0ae25898
/etc/pardus/greeter.conf.d|directory|drwxr-xr-x|755|root|root|-
/etc/pardus/greeter.conf.d/00-etap.conf|text/plain|-rw-r--r--|644|root|root|3f653d79133d75bd11344ff5b45daaa1
/etc/pardus/pardus-software.conf|text/plain|-rw-r--r--|644|root|root|02eca154fc02d1c00a714cb72b62bcf2
/etc/systemd|directory|drwxr-xr-x|755|root|root|-
/etc/systemd/journald.conf|text/plain|-rw-r--r--|644|root|root|d2187d732ab2911016a4d4017c155dbb
/etc/systemd/logind.conf|text/plain|-rw-r--r--|644|root|root|8276eeafa20aa65e6a5dca3bdcddafb4
/etc/systemd/network|directory|drwxr-xr-x|755|root|root|-
/etc/systemd/networkd.conf|text/plain|-rw-r--r--|644|root|root|f461eed370e565cbe9890dd6b2c43996
/etc/systemd/pstore.conf|text/plain|-rw-r--r--|644|root|root|ea1d43113c41edaacb39180d60a50b08
/etc/systemd/sleep.conf|text/plain|-rw-r--r--|644|root|root|72e9b6cd3c3c7c2abbe19564771336d0
/etc/systemd/system|directory|drwxr-xr-x|755|root|root|-
/etc/systemd/system/basic.target.wants|directory|drwxr-xr-x|755|root|root|-
/etc/systemd/system/basic.target.wants/live-config.service|symlink|/lib/systemd/system/live-config.service|777|root|root|-
/etc/systemd/system/bluetooth.target.wants|directory|drwxr-xr-x|755|root|root|-
/etc/systemd/system/bluetooth.target.wants/bluetooth.service|symlink|/lib/systemd/system/bluetooth.service|777|root|root|-
/etc/systemd/system.conf|text/plain|-rw-r--r--|644|root|root|36ace4ee4543e277db35948826aa6979
/etc/systemd/system/dbus-fi.w1.wpa_supplicant1.service|symlink|/lib/systemd/system/wpa_supplicant.service|777|root|root|-
/etc/systemd/system/dbus-org.bluez.service|symlink|/lib/systemd/system/bluetooth.service|777|root|root|-
/etc/systemd/system/dbus-org.freedesktop.Avahi.service|symlink|/lib/systemd/system/avahi-daemon.service|777|root|root|-
/etc/systemd/system/dbus-org.freedesktop.ModemManager1.service|symlink|/lib/systemd/system/ModemManager.service|777|root|root|-
/etc/systemd/system/dbus-org.freedesktop.nm-dispatcher.service|symlink|/lib/systemd/system/NetworkManager-dispatcher.service|777|root|root|-
/etc/systemd/system/dbus-org.freedesktop.timesync1.service|symlink|/lib/systemd/system/systemd-timesyncd.service|777|root|root|-
/etc/systemd/system/default.target.wants|directory|drwxr-xr-x|755|root|root|-
/etc/systemd/system/default.target.wants/eta-kisit.service|symlink|/lib/systemd/system/eta-kisit.service|777|root|root|-
/etc/systemd/system/display-manager.service|symlink|/lib/systemd/system/lightdm.service|777|root|root|-
/etc/systemd/system/etausblogin.service|text/plain|-rw-r--r--|644|root|root|d2ad92fd981cf0be9850149be7968c80
/etc/systemd/system/getty.target.wants|directory|drwxr-xr-x|755|root|root|-
/etc/systemd/system/getty.target.wants/getty@tty1.service|symlink|/lib/systemd/system/getty@.service|777|root|root|-
/etc/systemd/system/graphical.target.wants|directory|drwxr-xr-x|755|root|root|-
/etc/systemd/system/graphical.target.wants/accounts-daemon.service|symlink|/lib/systemd/system/accounts-daemon.service|777|root|root|-
/etc/systemd/system/graphical.target.wants/power-profiles-daemon.service|symlink|/lib/systemd/system/power-profiles-daemon.service|777|root|root|-
/etc/systemd/system/graphical.target.wants/udisks2.service|symlink|/lib/systemd/system/udisks2.service|777|root|root|-
/etc/systemd/system/multi-user.target.wants|directory|drwxr-xr-x|755|root|root|-
/etc/systemd/system/multi-user.target.wants/anacron.service|symlink|/lib/systemd/system/anacron.service|777|root|root|-
/etc/systemd/system/multi-user.target.wants/avahi-daemon.service|symlink|/lib/systemd/system/avahi-daemon.service|777|root|root|-
/etc/systemd/system/multi-user.target.wants/blueman-mechanism.service|symlink|/lib/systemd/system/blueman-mechanism.service|777|root|root|-
/etc/systemd/system/multi-user.target.wants/console-setup.service|symlink|/lib/systemd/system/console-setup.service|777|root|root|-
/etc/systemd/system/multi-user.target.wants/cron.service|symlink|/lib/systemd/system/cron.service|777|root|root|-
/etc/systemd/system/multi-user.target.wants/cups-browsed.service|symlink|/lib/systemd/system/cups-browsed.service|777|root|root|-
/etc/systemd/system/multi-user.target.wants/cups.path|symlink|/lib/systemd/system/cups.path|777|root|root|-
/etc/systemd/system/multi-user.target.wants/cups.service|symlink|/lib/systemd/system/cups.service|777|root|root|-
/etc/systemd/system/multi-user.target.wants/e2scrub_reap.service|symlink|/lib/systemd/system/e2scrub_reap.service|777|root|root|-
/etc/systemd/system/multi-user.target.wants/ebaqr.service|symlink|/lib/systemd/system/ebaqr.service|777|root|root|-
/etc/systemd/system/multi-user.target.wants/eta-display-control.service|symlink|/lib/systemd/system/eta-display-control.service|777|root|root|-
/etc/systemd/system/multi-user.target.wants/eta-right-click.service|symlink|/lib/systemd/system/eta-right-click.service|777|root|root|-
/etc/systemd/system/multi-user.target.wants/eta-shutdown.service|symlink|/lib/systemd/system/eta-shutdown.service|777|root|root|-
/etc/systemd/system/multi-user.target.wants/etausblogin.service|symlink|/etc/systemd/system/etausblogin.service|777|root|root|-
/etc/systemd/system/multi-user.target.wants/live-tools.service|symlink|/lib/systemd/system/live-tools.service|777|root|root|-
/etc/systemd/system/multi-user.target.wants/lm-sensors.service|symlink|/lib/systemd/system/lm-sensors.service|777|root|root|-
/etc/systemd/system/multi-user.target.wants/ModemManager.service|symlink|/lib/systemd/system/ModemManager.service|777|root|root|-
/etc/systemd/system/multi-user.target.wants/networking.service|symlink|/lib/systemd/system/networking.service|777|root|root|-
/etc/systemd/system/multi-user.target.wants/NetworkManager.service|symlink|/lib/systemd/system/NetworkManager.service|777|root|root|-
/etc/systemd/system/multi-user.target.wants/remote-fs.target|symlink|/lib/systemd/system/remote-fs.target|777|root|root|-
/etc/systemd/system/multi-user.target.wants/touchegg.service|symlink|/lib/systemd/system/touchegg.service|777|root|root|-
/etc/systemd/system/multi-user.target.wants/wpa_supplicant.service|symlink|/lib/systemd/system/wpa_supplicant.service|777|root|root|-
/etc/systemd/system/multi-user.target.wants/zramswap.service|symlink|/lib/systemd/system/zramswap.service|777|root|root|-
/etc/systemd/system/network-online.target.wants|directory|drwxr-xr-x|755|root|root|-
/etc/systemd/system/network-online.target.wants/networking.service|symlink|/lib/systemd/system/networking.service|777|root|root|-
/etc/systemd/system/network-online.target.wants/NetworkManager-wait-online.service|symlink|/lib/systemd/system/NetworkManager-wait-online.service|777|root|root|-
/etc/systemd/system/printer.target.wants|directory|drwxr-xr-x|755|root|root|-
/etc/systemd/system/printer.target.wants/cups.service|symlink|/lib/systemd/system/cups.service|777|root|root|-
/etc/systemd/system/sockets.target.wants|directory|drwxr-xr-x|755|root|root|-
/etc/systemd/system/sockets.target.wants/avahi-daemon.socket|symlink|/lib/systemd/system/avahi-daemon.socket|777|root|root|-
/etc/systemd/system/sockets.target.wants/cups.socket|symlink|/lib/systemd/system/cups.socket|777|root|root|-
/etc/systemd/system/sockets.target.wants/dm-event.socket|symlink|/lib/systemd/system/dm-event.socket|777|root|root|-
/etc/systemd/system/sockets.target.wants/uuidd.socket|symlink|/lib/systemd/system/uuidd.socket|777|root|root|-
/etc/systemd/system/sysinit.target.wants|directory|drwxr-xr-x|755|root|root|-
/etc/systemd/system/sysinit.target.wants/apparmor.service|symlink|/lib/systemd/system/apparmor.service|777|root|root|-
/etc/systemd/system/sysinit.target.wants/blk-availability.service|symlink|/lib/systemd/system/blk-availability.service|777|root|root|-
/etc/systemd/system/sysinit.target.wants/keyboard-setup.service|symlink|/lib/systemd/system/keyboard-setup.service|777|root|root|-
/etc/systemd/system/sysinit.target.wants/lvm2-lvmpolld.socket|symlink|/lib/systemd/system/lvm2-lvmpolld.socket|777|root|root|-
/etc/systemd/system/sysinit.target.wants/lvm2-monitor.service|symlink|/lib/systemd/system/lvm2-monitor.service|777|root|root|-
/etc/systemd/system/sysinit.target.wants/systemd-pstore.service|symlink|/lib/systemd/system/systemd-pstore.service|777|root|root|-
/etc/systemd/system/sysinit.target.wants/systemd-timesyncd.service|symlink|/lib/systemd/system/systemd-timesyncd.service|777|root|root|-
/etc/systemd/system/timers.target.wants|directory|drwxr-xr-x|755|root|root|-
/etc/systemd/system/timers.target.wants/anacron.timer|symlink|/lib/systemd/system/anacron.timer|777|root|root|-
/etc/systemd/system/timers.target.wants/apt-daily.timer|symlink|/lib/systemd/system/apt-daily.timer|777|root|root|-
/etc/systemd/system/timers.target.wants/apt-daily-upgrade.timer|symlink|/lib/systemd/system/apt-daily-upgrade.timer|777|root|root|-
/etc/systemd/system/timers.target.wants/dpkg-db-backup.timer|symlink|/lib/systemd/system/dpkg-db-backup.timer|777|root|root|-
/etc/systemd/system/timers.target.wants/e2scrub_all.timer|symlink|/lib/systemd/system/e2scrub_all.timer|777|root|root|-
/etc/systemd/system/timers.target.wants/fstrim.timer|symlink|/lib/systemd/system/fstrim.timer|777|root|root|-
/etc/systemd/system/timers.target.wants/logrotate.timer|symlink|/lib/systemd/system/logrotate.timer|777|root|root|-
/etc/systemd/system/timers.target.wants/man-db.timer|symlink|/lib/systemd/system/man-db.timer|777|root|root|-
/etc/systemd/system/timers.target.wants/plocate-updatedb.timer|symlink|/lib/systemd/system/plocate-updatedb.timer|777|root|root|-
/etc/systemd/timesyncd.conf|text/plain|-rw-r--r--|644|root|root|9bca5bc8be90d2921301a24084ffcd55
/etc/systemd/user|directory|drwxr-xr-x|755|root|root|-
/etc/systemd/user.conf|text/plain|-rw-r--r--|644|root|root|a908ebf52cb61e955dcf6b6662666c8d
/etc/systemd/user/dbus-org.bluez.obex.service|symlink|/usr/lib/systemd/user/obex.service|777|root|root|-
/etc/systemd/user/default.target.wants|directory|drwxr-xr-x|755|root|root|-
/etc/systemd/user/default.target.wants/pipewire-pulse.service|symlink|/usr/lib/systemd/user/pipewire-pulse.service|777|root|root|-
/etc/systemd/user/default.target.wants/pipewire.service|symlink|/usr/lib/systemd/user/pipewire.service|777|root|root|-
/etc/systemd/user/default.target.wants/tracker-extract-3.service|symlink|/usr/lib/systemd/user/tracker-extract-3.service|777|root|root|-
/etc/systemd/user/graphical-session-pre.target.wants|directory|drwxr-xr-x|755|root|root|-
/etc/systemd/user/graphical-session-pre.target.wants/gcr-ssh-agent.service|symlink|/usr/lib/systemd/user/gcr-ssh-agent.service|777|root|root|-
/etc/systemd/user/graphical-session-pre.target.wants/gnome-keyring-daemon.service|symlink|/usr/lib/systemd/user/gnome-keyring-daemon.service|777|root|root|-
/etc/systemd/user/graphical-session-pre.target.wants/xdg-desktop-portal-rewrite-launchers.service|symlink|/usr/lib/systemd/user/xdg-desktop-portal-rewrite-launchers.service|777|root|root|-
/etc/systemd/user/pipewire.service.wants|directory|drwxr-xr-x|755|root|root|-
/etc/systemd/user/pipewire.service.wants/wireplumber.service|symlink|/usr/lib/systemd/user/wireplumber.service|777|root|root|-
/etc/systemd/user/sockets.target.wants|directory|drwxr-xr-x|755|root|root|-
/etc/systemd/user/sockets.target.wants/dirmngr.socket|symlink|/usr/lib/systemd/user/dirmngr.socket|777|root|root|-
/etc/systemd/user/sockets.target.wants/gcr-ssh-agent.socket|symlink|/usr/lib/systemd/user/gcr-ssh-agent.socket|777|root|root|-
/etc/systemd/user/sockets.target.wants/gnome-keyring-daemon.socket|symlink|/usr/lib/systemd/user/gnome-keyring-daemon.socket|777|root|root|-
/etc/systemd/user/sockets.target.wants/gpg-agent-browser.socket|symlink|/usr/lib/systemd/user/gpg-agent-browser.socket|777|root|root|-
/etc/systemd/user/sockets.target.wants/gpg-agent-extra.socket|symlink|/usr/lib/systemd/user/gpg-agent-extra.socket|777|root|root|-
/etc/systemd/user/sockets.target.wants/gpg-agent.socket|symlink|/usr/lib/systemd/user/gpg-agent.socket|777|root|root|-
/etc/systemd/user/sockets.target.wants/gpg-agent-ssh.socket|symlink|/usr/lib/systemd/user/gpg-agent-ssh.socket|777|root|root|-
/etc/systemd/user/sockets.target.wants/pipewire-pulse.socket|symlink|/usr/lib/systemd/user/pipewire-pulse.socket|777|root|root|-
/etc/systemd/user/sockets.target.wants/pipewire.socket|symlink|/usr/lib/systemd/user/pipewire.socket|777|root|root|-
/etc/xdg|directory|drwxr-xr-x|755|root|root|-
/etc/xdg/accept-languages.codes|text/plain|-rw-r--r--|644|root|root|1987b74af7fe208569ca214a3b4702c6
/etc/xdg/autostart|directory|drwxr-xr-x|755|root|root|-
/etc/xdg/autostart/at-spi-dbus-bus.desktop|text/plain|-rw-r--r--|644|root|root|b97f071f92cfc4af379984b27cbb7304
/etc/xdg/autostart/blueman.desktop|text/plain|-rw-r--r--|644|root|root|a4900fbe39a6ff2ed5a722f63ed39859
/etc/xdg/autostart/cinnamon-settings-daemon-a11y-settings.desktop|text/plain|-rw-r--r--|644|root|root|b256007daefea3e87631e7cef86bb58a
/etc/xdg/autostart/cinnamon-settings-daemon-automount.desktop|text/plain|-rw-r--r--|644|root|root|6d568890021f9632790a95ec8d467cb2
/etc/xdg/autostart/cinnamon-settings-daemon-background.desktop|text/plain|-rw-r--r--|644|root|root|db9b75cbc4a4d97450b49970dbb0dce4
/etc/xdg/autostart/cinnamon-settings-daemon-clipboard.desktop|text/plain|-rw-r--r--|644|root|root|4f87de238a7e60995fb3168322868d3d
/etc/xdg/autostart/cinnamon-settings-daemon-color.desktop|text/plain|-rw-r--r--|644|root|root|9b67bf9cf4fcab47a797c1c604b80412
/etc/xdg/autostart/cinnamon-settings-daemon-housekeeping.desktop|text/plain|-rw-r--r--|644|root|root|bed11241c7018bcf2cab8aa72f50a591
/etc/xdg/autostart/cinnamon-settings-daemon-keyboard.desktop|text/plain|-rw-r--r--|644|root|root|30a37768ceeb83131937d165f3f08c6a
/etc/xdg/autostart/cinnamon-settings-daemon-media-keys.desktop|text/plain|-rw-r--r--|644|root|root|d18afb801970f47b89bbca416a8d52bf
/etc/xdg/autostart/cinnamon-settings-daemon-power.desktop|text/plain|-rw-r--r--|644|root|root|3f8234fa06e268bcd3475836a0389709
/etc/xdg/autostart/cinnamon-settings-daemon-print-notifications.desktop|text/plain|-rw-r--r--|644|root|root|7ff030dc54eb379a3dbba7201008cc8c
/etc/xdg/autostart/cinnamon-settings-daemon-screensaver-proxy.desktop|text/plain|-rw-r--r--|644|root|root|8785091306bc60b87326b1d7a0f135d8
/etc/xdg/autostart/cinnamon-settings-daemon-smartcard.desktop|text/plain|-rw-r--r--|644|root|root|ed6ac4092080405cee519e699e3d58f6
/etc/xdg/autostart/cinnamon-settings-daemon-wacom.desktop|text/plain|-rw-r--r--|644|root|root|d059c6bf90a36cadaafa5051b66ea4b4
/etc/xdg/autostart/cinnamon-settings-daemon-xsettings.desktop|text/plain|-rw-r--r--|644|root|root|8fe13e16e6580299f902d335c2a1cf10
/etc/xdg/autostart/eta-keyboard-autostart.desktop|text/plain|-rw-r--r--|644|root|root|f5126992fe7aa7c8a5b56b705779e038
/etc/xdg/autostart/eta-poweroff-add.desktop|text/plain|-rw-r--r--|644|root|root|a41941dc40f786f3def5d1a56b394d8a
/etc/xdg/autostart/eta-tif-autostart.desktop|text/plain|-rw-r--r--|644|root|root|e46baffc9e02bc2c0a0bc8682fa1aa83
/etc/xdg/autostart/etausb-agent.desktop|text/plain|-rw-r--r--|644|root|root|879cc30eb5b49cc43bb7c90553748d8a
/etc/xdg/autostart/geoclue-demo-agent.desktop|text/plain|-rw-r--r--|644|root|root|0103d06ba39d32da3e537748b40a97a8
/etc/xdg/autostart/gnome-keyring-pkcs11.desktop|text/plain|-rw-r--r--|644|root|root|93a0f10d095dea3ab6707df95e75deae
/etc/xdg/autostart/gnome-keyring-secrets.desktop|text/plain|-rw-r--r--|644|root|root|c18b8acb7ecca99fe5cb1918200f094a
/etc/xdg/autostart/gnome-keyring-ssh.desktop|text/plain|-rw-r--r--|644|root|root|9fdd60843cbf4a015a3576543a359bf7
/etc/xdg/autostart/light-locker.desktop|text/plain|-rw-r--r--|644|root|root|956688e9aa7ce6d7d932199ca9df390a
/etc/xdg/autostart/nemo-bookmarks.desktop|text/plain|-rwxr-xr-x|755|root|root|015fdebe56bb60ba78bf8a95eafa6b0a
/etc/xdg/autostart/nm-applet.desktop|text/plain|-rw-r--r--|644|root|root|14e33db3662dc8beecb604271729f243
/etc/xdg/autostart/org.gnome.Evolution-alarm-notify.desktop|text/plain|-rw-r--r--|644|root|root|28bc55f97f458f77ca0174206b98f20b
/etc/xdg/autostart/org.gnome.SettingsDaemon.A11ySettings.desktop|text/plain|-rw-r--r--|644|root|root|51d72ba998932962ed6799e188025204
/etc/xdg/autostart/org.gnome.SettingsDaemon.Color.desktop|text/plain|-rw-r--r--|644|root|root|4225721208ba6d876f0e3ba14340bac3
/etc/xdg/autostart/org.gnome.SettingsDaemon.Datetime.desktop|text/plain|-rw-r--r--|644|root|root|37ee9ed2545d74ecaa237099e229e48d
/etc/xdg/autostart/org.gnome.SettingsDaemon.DiskUtilityNotify.desktop|text/plain|-rw-r--r--|644|root|root|22990c92d7e4cc2fdf10f0094303a772
/etc/xdg/autostart/org.gnome.SettingsDaemon.Housekeeping.desktop|text/plain|-rw-r--r--|644|root|root|3b23ff4001da854d3afaf38e2025632a
/etc/xdg/autostart/org.gnome.SettingsDaemon.Keyboard.desktop|text/plain|-rw-r--r--|644|root|root|2355420577842a737dfdb5b463ba3fe8
/etc/xdg/autostart/org.gnome.SettingsDaemon.MediaKeys.desktop|text/plain|-rw-r--r--|644|root|root|8fb01cfad90c3ca16ee675338e16a201
/etc/xdg/autostart/org.gnome.SettingsDaemon.Power.desktop|text/plain|-rw-r--r--|644|root|root|8f04999bbc7e1d2c84141b6968f0837c
/etc/xdg/autostart/org.gnome.SettingsDaemon.PrintNotifications.desktop|text/plain|-rw-r--r--|644|root|root|5553e44c7292b40a624d265ba1993da8
/etc/xdg/autostart/org.gnome.SettingsDaemon.Rfkill.desktop|text/plain|-rw-r--r--|644|root|root|847b8831ef9f7a239c1d4513482856fb
/etc/xdg/autostart/org.gnome.SettingsDaemon.ScreensaverProxy.desktop|text/plain|-rw-r--r--|644|root|root|5c77d8ef4e1a75c11dd0e59cb891f825
/etc/xdg/autostart/org.gnome.SettingsDaemon.Sharing.desktop|text/plain|-rw-r--r--|644|root|root|1b2a406d3cb55de1d633a6f6a805645a
/etc/xdg/autostart/org.gnome.SettingsDaemon.Smartcard.desktop|text/plain|-rw-r--r--|644|root|root|735f2eff9af24cf219c5bac7515eb3f8
/etc/xdg/autostart/org.gnome.SettingsDaemon.Sound.desktop|text/plain|-rw-r--r--|644|root|root|a70dc5da274a3ce623b70b22db055499
/etc/xdg/autostart/org.gnome.SettingsDaemon.UsbProtection.desktop|text/plain|-rw-r--r--|644|root|root|0b8b8b0af34122f79cd0c5ba87fb4a28
/etc/xdg/autostart/org.gnome.SettingsDaemon.Wacom.desktop|text/plain|-rw-r--r--|644|root|root|27a300e670308be0619e26b2cbf067a3
/etc/xdg/autostart/org.gnome.SettingsDaemon.Wwan.desktop|text/plain|-rw-r--r--|644|root|root|ca259a549efe13c845a72bdfa3f8895f
/etc/xdg/autostart/org.gnome.SettingsDaemon.XSettings.desktop|text/plain|-rw-r--r--|644|root|root|1c7194ff986cf6f1dbb8d231afa511dd
/etc/xdg/autostart/pardus-mycomputer-add-to-desktop.desktop|text/plain|-rw-r--r--|644|root|root|87e91265d65d7e0506942aa9eaea1da2
/etc/xdg/autostart/polkit-gnome-authentication-agent-1.desktop|text/plain|-rw-r--r--|644|root|root|1bb19eed91df18324c182069f0540b05
/etc/xdg/autostart/print-applet.desktop|text/plain|-rw-r--r--|644|root|root|58a06b59e95f6a73c8acf1b98bef2981
/etc/xdg/autostart/touchegg.desktop|text/plain|-rw-r--r--|644|root|root|6c3537cf923f9c7796f34bb34b00bc1a
/etc/xdg/autostart/tr.org.eta.password-changer.desktop|text/plain|-rwxr-xr-x|755|root|root|8d0c8c1dc5878896efbb6e907a1e2226
/etc/xdg/autostart/tr.org.pardus.eta-menu-autostart.desktop|text/plain|-rw-r--r--|644|root|root|066f8946900022a6ae1c6ba0567717e3
/etc/xdg/autostart/tr.org.pardus.eta-register-autostart.desktop|text/plain|-rw-r--r--|644|root|root|a1b3532f6a8c2d15a84e2113e9ae0cad
/etc/xdg/autostart/tr.org.pardus.eta-resolution-autostart.desktop|text/plain|-rw-r--r--|644|root|root|3fe366a8dfa3b9cd109ac6db1244a7b7
/etc/xdg/autostart/warpinator-autostart.desktop|text/plain|-rw-r--r--|644|root|root|2e2c3a175024e46831472b62a2cc36ed
/etc/xdg/autostart/xapp-sn-watcher.desktop|text/plain|-rw-r--r--|644|root|root|ffc5cae5fd12b5d1f334483960b49d05
/etc/xdg/autostart/xdg-etap-desktops.desktop|text/plain|-rwxr-xr-x|755|root|root|a245d6ad46da52da899a0f687cecb73a
/etc/xdg/autostart/xdg-etap-templates.desktop|text/plain|-rwxr-xr-x|755|root|root|bf52ce0d7d5462b48809c70cbcef2557
/etc/xdg/autostart/xdg-user-dirs.desktop|text/plain|-rw-r--r--|644|root|root|19075979fa4ac105aa08763bd68e9589
/etc/xdg/autostart/xdg-user-dirs-kde.desktop|text/plain|-rw-r--r--|644|root|root|3e29d5d5a4d4bd5a4975592e7f06a7ce
/etc/xdg/kcm-about-distrorc|text/plain|-rw-r--r--|644|root|root|1e4a9b4cbd26651779f16d5489c5b50c
/etc/xdg/kickoffrc|text/plain|-rw-r--r--|644|root|root|f098a99b82200f39f26177e1457235de
/etc/xdg/kshorturifilterrc|text/plain|-rw-r--r--|644|root|root|cefdcc52c772cb22459ee48ccd8b4ec2
/etc/xdg/menus|directory|drwxr-xr-x|755|root|root|-
/etc/xdg/menus/cinnamon-applications.menu|text/plain|-rw-r--r--|644|root|root|ad4899fe1700aab470235e3035038cdd
/etc/xdg/menus/cinnamon-applications-merged|symlink|applications-merged|777|root|root|-
/etc/xdg/menus/kf5-applications.menu|text/plain|-rw-r--r--|644|root|root|e5f32670552729f650b63b31813ee6ad
/etc/xdg/plasma-workspace|directory|drwxr-xr-x|755|root|root|-
/etc/xdg/plasma-workspace/env|directory|drwxr-xr-x|755|root|root|-
/etc/xdg/plasma-workspace/env/env.sh|text/plain|-rw-r--r--|644|root|root|2ec21baa2cd86ef904cc06d8e7c2461b
/etc/xdg/systemd|directory|drwxr-xr-x|755|root|root|-
/etc/xdg/systemd/user|symlink|../../systemd/user|777|root|root|-
/etc/xdg/tumbler|directory|drwxr-xr-x|755|root|root|-
/etc/xdg/tumbler/tumbler.rc|text/plain|-rw-r--r--|644|root|root|dea153f3e86b2dce90e5d1f40ed3d99a
/etc/xdg/ui|directory|drwxr-xr-x|755|root|root|-
/etc/xdg/ui/ui_standards.rc|text/plain|-rw-r--r--|644|root|root|081acda3e17f7e03ec4bf47f1f0ab9c5
/etc/xdg/user-dirs.conf|text/plain|-rw-r--r--|644|root|root|602a95ec7fe4068512bebb712c41102d
/etc/xdg/user-dirs.defaults|text/plain|-rw-r--r--|644|root|root|b8595963fe74aeb65e854ba9da7f1acb
/etc/xdg/xfce4|directory|drwxr-xr-x|755|root|root|-
/etc/xdg/xfce4/xfconf|directory|drwxr-xr-x|755|root|root|-
/etc/xdg/xfce4/xfconf/xfce-perchannel-xml|directory|drwxr-xr-x|755|root|root|-
/etc/xdg/xfce4/xfconf/xfce-perchannel-xml/xfce4-keyboard-shortcuts.xml|text/xml|-rw-r--r--|644|root|root|c6b7a6ce3eb1c51b76050a09552ac301
/etc/xdg/Xwayland-session.d|directory|drwxr-xr-x|755|root|root|-
/etc/xdg/Xwayland-session.d/00-at-spi|text/x-shellscript|-rwxr-xr-x|755|root|root|da53e8f602edbb788b3cd6dbb056e45d
/etc/xdg/Xwayland-session.d/00-xrdb|text/x-shellscript|-rwxr-xr-x|755|root|root|4f83cb82902904de29cfddc11732b6a9
/lib|symlink|usr/lib|777|root|root|-
/lib/apparmor/apparmor.systemd|text/x-shellscript|-rwxr-xr-x|755|root|root|77505efda60d92698c333a40cbb87967
/lib/console-setup/console-setup.sh|text/x-shellscript|-rwxr-xr-x|755|root|root|0cc31c1bf9f3b80fe1f588435ad1aba1
/lib/console-setup/keyboard-setup.sh|text/x-shellscript|-rwxr-xr-x|755|root|root|b59a4b960fffb9471f97c79603fc3faa
/lib/ifupdown/wait-online.sh|text/x-shellscript|-rwxr-xr-x|755|root|root|66e4a61b4e11544873dc4236f21a3b06
/lib/systemd/systemd|application/x-pie-executable|-rwxr-xr-x|755|root|root|584a461c1ea274216bc4f71ce8c376c7
/lib/systemd/systemd-backlight|application/x-pie-executable|-rwxr-xr-x|755|root|root|168693abd2ef8c9aab68306c29ae3d04
/lib/systemd/systemd-binfmt|application/x-pie-executable|-rwxr-xr-x|755|root|root|783708ff97eba7bde25a09ce2110d8ef
/lib/systemd/systemd-boot-check-no-failures|application/x-pie-executable|-rwxr-xr-x|755|root|root|9eb9100001206443a750f38a69af298e
/lib/systemd/systemd-fsck|application/x-pie-executable|-rwxr-xr-x|755|root|root|5bfec4ef9724c822a9b4267c0a5ea31e
/lib/systemd/systemd-fsckd|application/x-pie-executable|-rwxr-xr-x|755|root|root|c8bca24119c71f15fff73e1a5193d353
/lib/systemd/systemd-hibernate-resume|application/x-pie-executable|-rwxr-xr-x|755|root|root|e13a024a37034c478429faff9495c5fb
/lib/systemd/systemd-hostnamed|application/x-pie-executable|-rwxr-xr-x|755|root|root|5a4c802d165e2345530f87cf00798b15
/lib/systemd/systemd-initctl|application/x-pie-executable|-rwxr-xr-x|755|root|root|c5247dbaca07e27b38b33e7d64375d11
/lib/systemd/systemd-journald|application/x-pie-executable|-rwxr-xr-x|755|root|root|6dea4cdf20d5b81e44281438ac941a3b
/lib/systemd/systemd-localed|application/x-pie-executable|-rwxr-xr-x|755|root|root|0d4ebd35203a812f0ec1586be863be27
/lib/systemd/systemd-logind|application/x-pie-executable|-rwxr-xr-x|755|root|root|2a39b2e5058406c329b734e83b2c991d
/lib/systemd/systemd-modules-load|application/x-pie-executable|-rwxr-xr-x|755|root|root|27b40b3c642cd463435b4f0987fd3e4d
/lib/systemd/systemd-networkd|application/x-pie-executable|-rwxr-xr-x|755|root|root|35b01ce8b9383cd18159d7d9b0e60b2b
/lib/systemd/systemd-networkd-wait-online|application/x-pie-executable|-rwxr-xr-x|755|root|root|504079b94867f370b2e9efcc2d0df835
/lib/systemd/systemd-network-generator|application/x-pie-executable|-rwxr-xr-x|755|root|root|ccfbf3748939160b9bcfc23c9611a749
/lib/systemd/systemd-pcrphase|application/x-pie-executable|-rwxr-xr-x|755|root|root|61d5523b515a14f8608c0da20fe3498b
/lib/systemd/systemd-pstore|application/x-pie-executable|-rwxr-xr-x|755|root|root|e24f3d253259225270c780cc474a5c63
/lib/systemd/systemd-quotacheck|application/x-pie-executable|-rwxr-xr-x|755|root|root|15844fb1e22d46b5c308bb3fe1e9fb78
/lib/systemd/systemd-random-seed|application/x-pie-executable|-rwxr-xr-x|755|root|root|a10c99a0cd0da2c2543de34d49bebade
/lib/systemd/systemd-remount-fs|application/x-pie-executable|-rwxr-xr-x|755|root|root|7359907be16e9d7f421efaf63882d5cd
/lib/systemd/systemd-rfkill|application/x-pie-executable|-rwxr-xr-x|755|root|root|c1de07f1c44ec8e0b1ee25dde7392053
/lib/systemd/systemd-sleep|application/x-pie-executable|-rwxr-xr-x|755|root|root|3fefa729b2e45f26a3446feb6095c9de
/lib/systemd/systemd-sulogin-shell|application/x-pie-executable|-rwxr-xr-x|755|root|root|f73708874bbbd42261c8fe32ad233a04
/lib/systemd/systemd-sysctl|application/x-pie-executable|-rwxr-xr-x|755|root|root|3df99458015db317d36d417e05db3cff
/lib/systemd/systemd-timedated|application/x-pie-executable|-rwxr-xr-x|755|root|root|9f471c470f97c765819b805cc64734ee
/lib/systemd/systemd-timesyncd|application/x-pie-executable|-rwxr-xr-x|755|root|root|cf7d9b0839f5b424f887fd16c448150a
/lib/systemd/systemd-time-wait-sync|application/x-pie-executable|-rwxr-xr-x|755|root|root|5dd1ec2bc0215f0c1cc926cdb397bf89
/lib/systemd/systemd-udevd|symlink|/bin/udevadm|777|root|root|-
/lib/systemd/systemd-update-utmp|application/x-pie-executable|-rwxr-xr-x|755|root|root|5cd77c3645f6863936677f5206dab4db
/lib/systemd/systemd-user-runtime-dir|application/x-pie-executable|-rwxr-xr-x|755|root|root|3d44bd2509a43d60c4ea5f910e34b514
/lib/systemd/systemd-user-sessions|application/x-pie-executable|-rwxr-xr-x|755|root|root|70a7a5d46002a620e12fe39283d7ca24
/lib/systemd/systemd-volatile-root|application/x-pie-executable|-rwxr-xr-x|755|root|root|fc19e7daaaee1f0211c3755a7ba5ce44
/lib/systemd/system-generators/systemd-fstab-generator|application/x-pie-executable|-rwxr-xr-x|755|root|root|4b14e5c24e524745a96b6d4ea51a9184
/lib/udev/udev-configure-printer|application/x-pie-executable|-rwxr-xr-x|755|root|root|83538b051b71657a7405feedc303611f
/sbin/agetty|application/x-pie-executable|-rwxr-xr-x|755|root|root|a5b67b2c174d5671e2ef0ec17baff769
/sbin/blkdeactivate|text/x-shellscript|-rwxr-xr-x|755|root|root|edb3e0c3d10c15a879a569109f56eaa0
/sbin/dmeventd|application/x-pie-executable|-rwxr-xr-x|755|root|root|1edfc756317cbc8ab9ddcf5e8fab6e73
/sbin/e2scrub|text/x-shellscript|-rwxr-xr-x|755|root|root|047aa2a0032ed81843af7425f3e37f8c
/sbin/e2scrub_all|text/x-shellscript|-rwxr-xr-x|755|root|root|81b4f2759bfc1a471cc5e040f6a402c8
/sbin/fstrim|application/x-pie-executable|-rwxr-xr-x|755|root|root|3a17687b83de94978ee97b96aa14de6d
/sbin/ifdown|symlink|ifup|777|root|root|-
/sbin/ifup|application/x-pie-executable|-rwxr-xr-x|755|root|root|d5972780da877a4a6e504bc24273ec12
/sbin/ipp-usb|application/x-executable|-rwxr-xr-x|755|root|root|793300d2d3b8da4e194fbb4127f31c17
/sbin/lvm|application/x-pie-executable|-rwxr-xr-x|755|root|root|14b0378348acfc116c0081f461c29a9c
/sbin/lvmpolld|application/x-pie-executable|-rwxr-xr-x|755|root|root|89d865713c40edfc9fbd86353f986e94
/sbin/modprobe|symlink|/bin/kmod|777|root|root|-
/sbin/pam_namespace_helper|text/x-shellscript|-rwxr-xr-x|755|root|root|71e2f8a1d4106b730062a656f38fe832
/sbin/wpa_supplicant|application/x-pie-executable|-rwxr-xr-x|755|root|root|065e02058daf32ee0954deab808077ff
/usr/bin|directory|drwxr-xr-x|755|root|root|-
/usr/bin/[|application/x-pie-executable|-rwxr-xr-x|755|root|root|3820701e433d98542a3ffbc8cdcc5b14
/usr/bin/7z|text/x-shellscript|-rwxr-xr-x|755|root|root|3b6bd32db169953a5822fe39e31abdb1
/usr/bin/7za|text/x-shellscript|-rwxr-xr-x|755|root|root|6cd8a765c5e5cfc86882155c13e80612
/usr/bin/7zr|text/x-shellscript|-rwxr-xr-x|755|root|root|0c2f573d81194064b129e940edcefe9b
/usr/bin/aa-enabled|application/x-pie-executable|-rwxr-xr-x|755|root|root|b9ac8d6a676397cd32ae538cc28ede52
/usr/bin/aa-exec|application/x-pie-executable|-rwxr-xr-x|755|root|root|6ccff665e77f24d9cf120629c774605c
/usr/bin/aa-features-abi|application/x-pie-executable|-rwxr-xr-x|755|root|root|01861b06c949f1d9ba4ba735dc4a8a59
/usr/bin/aconnect|application/x-pie-executable|-rwxr-xr-x|755|root|root|5855fb92a0984b62f27a4ceea8623641
/usr/bin/acyclic|application/x-pie-executable|-rwxr-xr-x|755|root|root|1dd8a535f47ad5ca32ca4d6df37834fb
/usr/bin/addpart|application/x-pie-executable|-rwxr-xr-x|755|root|root|06a9327489720f56f2ad467c9623a78e
/usr/bin/addr2line|symlink|x86_64-linux-gnu-addr2line|777|root|root|-
/usr/bin/airscan-discover|application/x-pie-executable|-rwxr-xr-x|755|root|root|e71f7467b7afdeb85d80f3fe0578147e
/usr/bin/alsabat|application/x-pie-executable|-rwxr-xr-x|755|root|root|b33659c28bb19e409793b3ca79d2465f
/usr/bin/alsaloop|application/x-pie-executable|-rwxr-xr-x|755|root|root|8acb4ef264abdcb8b16f8cb0c128d184
/usr/bin/alsamixer|application/x-pie-executable|-rwxr-xr-x|755|root|root|edddb50b1d533e6a89b4e43f1021c3b7
/usr/bin/alsatplg|application/x-pie-executable|-rwxr-xr-x|755|root|root|09b343d5decee26b7beb45d89344f4b2
/usr/bin/alsaucm|application/x-pie-executable|-rwxr-xr-x|755|root|root|169e7acfd36b88d17d796b518823b273
/usr/bin/amidi|application/x-pie-executable|-rwxr-xr-x|755|root|root|761f6c8c9af77fcde5d7173d83f637ea
/usr/bin/amixer|application/x-pie-executable|-rwxr-xr-x|755|root|root|d781b10c9d605f73b698dac3efd93f0e
/usr/bin/ant|symlink|../share/ant/bin/ant|777|root|root|-
/usr/bin/apg|text/x-shellscript|-rwxr-xr-x|755|root|root|f27a5b9a85c175d3bef0b127591be095
/usr/bin/apgbfm|application/x-pie-executable|-rwxr-xr-x|755|root|root|6b803f902e1ec83e8d5e4d3f107bd675
/usr/bin/aplay|application/x-pie-executable|-rwxr-xr-x|755|root|root|a36130310f00d8f5a77e24bd41c96ea7
/usr/bin/aplaymidi|application/x-pie-executable|-rwxr-xr-x|755|root|root|940eadcecbe2a338a414d05897a05a42
/usr/bin/appimage-loader|text/x-shellscript|-rwxr-xr-x|755|root|root|b774759199a3b8e9f2e71a0ffde6e79c
/usr/bin/appres|application/x-pie-executable|-rwxr-xr-x|755|root|root|0055bfcf51d89efa33eb98ff2851f6e4
/usr/bin/apropos|symlink|whatis|777|root|root|-
/usr/bin/apt|application/x-pie-executable|-rwxr-xr-x|755|root|root|9294dac7c10fc9175f9d86d19cd6ae88
/usr/bin/apt-cache|application/x-pie-executable|-rwxr-xr-x|755|root|root|9525331a3286af90160c6efa03297e3b
/usr/bin/apt-cdrom|application/x-pie-executable|-rwxr-xr-x|755|root|root|309989ec20900439441edb97adb32769
/usr/bin/apt-config|application/x-pie-executable|-rwxr-xr-x|755|root|root|1c366c5dcc2f8cc3f8dfae17d99af05c
/usr/bin/apt-extracttemplates|application/x-pie-executable|-rwxr-xr-x|755|root|root|5ed23d0b65f1b866706e975c3832cdd9
/usr/bin/apt-file|text/x-perl|-rwxr-xr-x|755|root|root|e6fedaa304bc4cadd3aff9276bc92e4f
/usr/bin/apt-ftparchive|application/x-pie-executable|-rwxr-xr-x|755|root|root|c2c255ecb3252a71fdf160be8be4140a
/usr/bin/apt-get|application/x-pie-executable|-rwxr-xr-x|755|root|root|92031a51b17ba248215692fa3608e825
/usr/bin/apt-key|text/x-shellscript|-rwxr-xr-x|755|root|root|533467d51f08f5bfcb814246c7acc588
/usr/bin/apt-listchanges|text/x-script.python|-rwxr-xr-x|755|root|root|e27e8a384f0afd494bf68fcf39269e5f
/usr/bin/apt-mark|application/x-pie-executable|-rwxr-xr-x|755|root|root|0fe528827db3b32ef5e4e16dad6fd62d
/usr/bin/apt-sortpkgs|application/x-pie-executable|-rwxr-xr-x|755|root|root|4e00e0edee6fa75ac9a81d45155da099
/usr/bin/ar|symlink|x86_64-linux-gnu-ar|777|root|root|-
/usr/bin/arch|application/x-pie-executable|-rwxr-xr-x|755|root|root|c1afea0b50deca49fa182cccde3d6dc7
/usr/bin/arecord|symlink|aplay|777|root|root|-
/usr/bin/arecordmidi|application/x-pie-executable|-rwxr-xr-x|755|root|root|291bae8ccf8421b22527fbf82c700b8e
/usr/bin/arm2hpdl|application/x-pie-executable|-rwxr-xr-x|755|root|root|080261b3d7f476d110d866d159c5913d
/usr/bin/as|symlink|x86_64-linux-gnu-as|777|root|root|-
/usr/bin/aseqdump|application/x-pie-executable|-rwxr-xr-x|755|root|root|3efa00daa98784249716e15a4d2060ef
/usr/bin/aseqnet|application/x-pie-executable|-rwxr-xr-x|755|root|root|ab64072d8b13001a8a5c2f2edc5e4467
/usr/bin/aspell|application/x-pie-executable|-rwxr-xr-x|755|root|root|77d5b86fb7d538ab26c3ddfacb9f2f8c
/usr/bin/aspell-import|text/x-perl|-rwxr-xr-x|755|root|root|085a726790d1beb73831a9ad87868003
/usr/bin/assistant|symlink|qtchooser|777|root|root|-
/usr/bin/atobm|application/x-pie-executable|-rwxr-xr-x|755|root|root|46a9b9354dd346be6f4b139e0e6fa248
/usr/bin/avahi-browse|application/x-pie-executable|-rwxr-xr-x|755|root|root|6bcf8f20d2b25b2534a00bb5b87c9e45
/usr/bin/avahi-browse-domains|symlink|avahi-browse|777|root|root|-
/usr/bin/avahi-publish|application/x-pie-executable|-rwxr-xr-x|755|root|root|dbc72adad603b9a711460d7e26ddc26b
/usr/bin/avahi-publish-address|symlink|avahi-publish|777|root|root|-
/usr/bin/avahi-publish-service|symlink|avahi-publish|777|root|root|-
/usr/bin/avahi-resolve|application/x-pie-executable|-rwxr-xr-x|755|root|root|1b47ce4072650f03ba7ca27caa2b17c4
/usr/bin/avahi-resolve-address|symlink|avahi-resolve|777|root|root|-
/usr/bin/avahi-resolve-host-name|symlink|avahi-resolve|777|root|root|-
/usr/bin/avahi-set-host-name|application/x-pie-executable|-rwxr-xr-x|755|root|root|cf2c95422ac35dda95e2af37ea919ee6
/usr/bin/awk|symlink|/etc/alternatives/awk|777|root|root|-
/usr/bin/axfer|application/x-pie-executable|-rwxr-xr-x|755|root|root|d4420edfa04567eb765311110e51706f
/usr/bin/b2sum|application/x-pie-executable|-rwxr-xr-x|755|root|root|5885ca8a381dd17e7b206ecf49b96cb0
/usr/bin/b43-fwcutter|application/x-pie-executable|-rwxr-xr-x|755|root|root|60aeb16f689049fd62cffc8a4ed3c3d8
/usr/bin/base32|application/x-pie-executable|-rwxr-xr-x|755|root|root|bd348898c2e6708a6c7d27608286324b
/usr/bin/base64|application/x-pie-executable|-rwxr-xr-x|755|root|root|2247fcf18921c9c8e1f150008ee531f7
/usr/bin/basename|application/x-pie-executable|-rwxr-xr-x|755|root|root|4e76f7ad024f7e11761d8d277243cf2d
/usr/bin/basenc|application/x-pie-executable|-rwxr-xr-x|755|root|root|7d451e33629df473270c0dec7356871e
/usr/bin/bash|application/x-pie-executable|-rwxr-xr-x|755|root|root|36a1c077faa066f94ad0fc5a443ce5ee
/usr/bin/bashbug|text/x-shellscript|-rwxr-xr-x|755|root|root|5fe4f25ba9dd8c2ff34e1f93e07c93ee
/usr/bin/bc|application/x-pie-executable|-rwxr-xr-x|755|root|root|0202379689f97f8e377aa0336744f9a2
/usr/bin/bcomps|application/x-pie-executable|-rwxr-xr-x|755|root|root|8360545b29b92aa85785946a350cd507
/usr/bin/bdftopcf|application/x-pie-executable|-rwxr-xr-x|755|root|root|d76822f9d36f220764ee0957fd29975e
/usr/bin/bdftruncate|application/x-pie-executable|-rwxr-xr-x|755|root|root|ab8bfe8d689c1598f00aab691afd8c75
/usr/bin/bf_compact|symlink|/etc/alternatives/bf_compact|777|root|root|-
/usr/bin/bf_compact-bdb|text/x-shellscript|-rwxr-xr-x|755|root|root|4a56934dac002bb6fb4219d845d5df37
/usr/bin/bf_copy|symlink|/etc/alternatives/bf_copy|777|root|root|-
/usr/bin/bf_copy-bdb|text/x-shellscript|-rwxr-xr-x|755|root|root|640cd4a1798708eb52f1bcc16ffdc08a
/usr/bin/bf_tar|symlink|/etc/alternatives/bf_tar|777|root|root|-
/usr/bin/bf_tar-bdb|text/x-shellscript|-rwxr-xr-x|755|root|root|8d65dc73e04cd967f016b04d77fbbb6d
/usr/bin/bitmap|application/x-pie-executable|-rwxr-xr-x|755|root|root|77061d0a7efb620513a5da29e6e9c008
/usr/bin/blueman-adapters|text/x-script.python|-rwxr-xr-x|755|root|root|af401489617320ef7be70f91a69f4299
/usr/bin/blueman-applet|text/x-script.python|-rwxr-xr-x|755|root|root|ae877ed0fc608b3ed28019695d294866
/usr/bin/blueman-manager|text/x-script.python|-rwxr-xr-x|755|root|root|94575053969ae9de0815881a5aedfec7
/usr/bin/blueman-sendto|text/x-script.python|-rwxr-xr-x|755|root|root|2100d1b4f7c4596791b4487eaf9fae83
/usr/bin/blueman-services|text/x-script.python|-rwxr-xr-x|755|root|root|f2c5896880a6410bc27a89dd7e748e39
/usr/bin/blueman-tray|text/x-script.python|-rwxr-xr-x|755|root|root|1ecad001d855facd0a37617ac4363212
/usr/bin/bluemoon|application/x-pie-executable|-rwxr-xr-x|755|root|root|e66143118efdc9f1c2713de80398bd97
/usr/bin/bluetoothctl|application/x-pie-executable|-rwxr-xr-x|755|root|root|175bc566d8d5f3788ef0363038b4cc90
/usr/bin/bmtoa|application/x-pie-executable|-rwxr-xr-x|755|root|root|ff3271eb372520dd6fe45522603d0fb2
/usr/bin/bogofilter|symlink|/etc/alternatives/bogofilter|777|root|root|-
/usr/bin/bogofilter-bdb|application/x-pie-executable|-rwxr-xr-x|755|root|root|2b795d3990dd7c10a5cad711686644dc
/usr/bin/bogolexer|symlink|/etc/alternatives/bogolexer|777|root|root|-
/usr/bin/bogolexer-bdb|application/x-pie-executable|-rwxr-xr-x|755|root|root|8b3156d54a763a1c5dd7aa65bdeb5192
/usr/bin/bogotune|symlink|/etc/alternatives/bogotune|777|root|root|-
/usr/bin/bogotune-bdb|application/x-pie-executable|-rwxr-xr-x|755|root|root|4a40c6f468a00648f328c4a0f3b7522a
/usr/bin/bogoupgrade|symlink|/etc/alternatives/bogoupgrade|777|root|root|-
/usr/bin/bogoupgrade-bdb|text/x-perl|-rwxr-xr-x|755|root|root|6ab34a613cb4ade1aa5c7b57ce0b92b6
/usr/bin/bogoutil|symlink|/etc/alternatives/bogoutil|777|root|root|-
/usr/bin/bogoutil-bdb|application/x-pie-executable|-rwxr-xr-x|755|root|root|f9d96235217adff95f2bec2a9ecaa366
/usr/bin/broadwayd|application/x-pie-executable|-rwxr-xr-x|755|root|root|aefcce63e49a5246f72063d88bfac1a4
/usr/bin/btattach|application/x-pie-executable|-rwxr-xr-x|755|root|root|c8782018a41ae994220ed1e72fdecaf7
/usr/bin/btmgmt|application/x-pie-executable|-rwxr-xr-x|755|root|root|8664f6136d48d5c5b1d4cc5f601deac1
/usr/bin/btmon|application/x-pie-executable|-rwxr-xr-x|755|root|root|cf24db905de8d0b459eef5bf4da945cf
/usr/bin/btrfs|application/x-pie-executable|-rwxr-xr-x|755|root|root|9933f354b3d9dc57aa8f8905e699c97d
/usr/bin/btrfsck|symlink|btrfs|777|root|root|-
/usr/bin/btrfs-convert|application/x-pie-executable|-rwxr-xr-x|755|root|root|84412102e33201e432cf672ab2355b46
/usr/bin/btrfs-find-root|application/x-pie-executable|-rwxr-xr-x|755|root|root|85e1851437c08f7dad343d57daedd62f
/usr/bin/btrfs-image|application/x-pie-executable|-rwxr-xr-x|755|root|root|e785bdcb6e0f124af092548dbe90e731
/usr/bin/btrfs-map-logical|application/x-pie-executable|-rwxr-xr-x|755|root|root|da69b11f0e383a7328af1ecc60ff8079
/usr/bin/btrfs-select-super|application/x-pie-executable|-rwxr-xr-x|755|root|root|6c247bc2c7183848b4cf04c5ca9fac59
/usr/bin/btrfstune|application/x-pie-executable|-rwxr-xr-x|755|root|root|f4af3474f053832f00355f3e6bc32f75
/usr/bin/bunzip2|application/x-pie-executable|-rwxr-xr-x|755|root|root|339218eb143f38d3af60941a8ebb9935
/usr/bin/busctl|application/x-pie-executable|-rwxr-xr-x|755|root|root|f08b3e6c0e5b6468937becbfa79a6677
/usr/bin/busybox|application/x-pie-executable|-rwxr-xr-x|755|root|root|195bfa203ecba3e3fcb88c1a15d8e6b7
/usr/bin/bwrap|application/x-pie-executable|-rwxr-xr-x|755|root|root|ac60cdaf2eeb428ce6fc6431bafd0d34
/usr/bin/bzcat|application/x-pie-executable|-rwxr-xr-x|755|root|root|339218eb143f38d3af60941a8ebb9935
/usr/bin/bzcmp|symlink|bzdiff|777|root|root|-
/usr/bin/bzdiff|text/x-shellscript|-rwxr-xr-x|755|root|root|02e4393afa7eff8d4a80c28f895e3f4d
/usr/bin/bzegrep|symlink|bzgrep|777|root|root|-
/usr/bin/bzexe|text/x-shellscript|-rwxr-xr-x|755|root|root|4194c414b0801c56fa00b8a4553f051b
/usr/bin/bzfgrep|symlink|bzgrep|777|root|root|-
/usr/bin/bzgrep|text/x-shellscript|-rwxr-xr-x|755|root|root|ea2b49b839dc7b65fae1c98b04921c9a
/usr/bin/bzip2|application/x-pie-executable|-rwxr-xr-x|755|root|root|339218eb143f38d3af60941a8ebb9935
/usr/bin/bzip2recover|application/x-pie-executable|-rwxr-xr-x|755|root|root|9cc5aae61d85fc9904ef5646a3fbe8d9
/usr/bin/bzless|symlink|bzmore|777|root|root|-
/usr/bin/bzmore|text/x-shellscript|-rwxr-xr-x|755|root|root|e243255b6cf3b9403df53cb9cd6176e1
/usr/bin/c++|symlink|/etc/alternatives/c++|777|root|root|-
/usr/bin/c2050|application/x-pie-executable|-rwxr-xr-x|755|root|root|53f9ede8e5dbcbc3ac913a33c473dbd6
/usr/bin/c89|symlink|/etc/alternatives/c89|777|root|root|-
/usr/bin/c89-gcc|text/x-shellscript|-rwxr-xr-x|755|root|root|ddef29c39d1a5d5ac6a5380627309ad5
/usr/bin/c99|symlink|/etc/alternatives/c99|777|root|root|-
/usr/bin/c99-gcc|text/x-shellscript|-rwxr-xr-x|755|root|root|aa80579d73b66c41e169b80f5fbc9324
/usr/bin/cabextract|application/x-pie-executable|-rwxr-xr-x|755|root|root|347a9120d17a354b40801f924a1fa597
/usr/bin/cage|application/x-pie-executable|-rwxr-xr-x|755|root|root|93749c0770fc645faa23fe1295805ed1
/usr/bin/calibrate_ppa|application/x-pie-executable|-rwxr-xr-x|755|root|root|e0685e4d46e9ecef5f6fe9d4d05d6487
/usr/bin/calibrationTools|application/x-executable|-rwxr-xr-x|755|root|root|6665e6fc884126d72e2bd876f178a71b
/usr/bin/cancel|application/x-pie-executable|-rwxr-xr-x|755|root|root|2662905362ead49d19dbafa57da01b50
/usr/bin/captoinfo|symlink|tic|777|root|root|-
/usr/bin/cat|application/x-pie-executable|-rwxr-xr-x|755|root|root|7a4179e324c784b99e98fedee05260f7
/usr/bin/catdoc|application/x-pie-executable|-rwxr-xr-x|755|root|root|a054320e233d87794b8c82fd63923bd3
/usr/bin/catfish|text/x-script.python|-rwxr-xr-x|755|root|root|cd40f82ec4085c0b2987de0be2c1dbf0
/usr/bin/catman|application/x-pie-executable|-rwxr-xr-x|755|root|root|6d0780eb3a92d012c28087ff2c0a0687
/usr/bin/catppt|application/x-pie-executable|-rwxr-xr-x|755|root|root|4ffc518370f0800693d1d5e501c996fa
/usr/bin/cc|symlink|/etc/alternatives/cc|777|root|root|-
/usr/bin/ccomps|application/x-pie-executable|-rwxr-xr-x|755|root|root|bc21cdeca8fc5a2f6ea1fc120ed8bfd6
/usr/bin/cct|application/x-pie-executable|-rwxr-xr-x|755|root|root|d13efcb3fbcea43543e65a42df2405c0
/usr/bin/cd-create-profile|application/x-pie-executable|-rwxr-xr-x|755|root|root|8008833b97e615c3e626e7d756891019
/usr/bin/cd-fix-profile|application/x-pie-executable|-rwxr-xr-x|755|root|root|b47e37927805160686270eec1d61a257
/usr/bin/cd-iccdump|application/x-pie-executable|-rwxr-xr-x|755|root|root|a86803847ca2c28391ace91af96f681d
/usr/bin/cd-it8|application/x-pie-executable|-rwxr-xr-x|755|root|root|57ff84538395f01908282e3dc569bb59
/usr/bin/celluloid|application/x-pie-executable|-rwxr-xr-x|755|root|root|e66d402e4d22dd1badbe3ba99f4a8d0c
/usr/bin/certtool|application/x-pie-executable|-rwxr-xr-x|755|root|root|68b14780b8af15c100ed8ac1c36d6dea
/usr/bin/c++filt|symlink|x86_64-linux-gnu-c++filt|777|root|root|-
/usr/bin/chacl|application/x-pie-executable|-rwxr-xr-x|755|root|root|b80613ace788b72ab2b95926517ca448
/usr/bin/chage|application/x-pie-executable|-rwxr-sr-x|2755|root|shadow|8b6e956d43adffce7bce280c2617b53a
/usr/bin/chardet|symlink|chardetect|777|root|root|-
/usr/bin/chardetect|text/x-script.python|-rwxr-xr-x|755|root|root|f6e6f391c7e962259914e8e154a1fb68
/usr/bin/chattr|application/x-pie-executable|-rwxr-xr-x|755|root|root|e56d66f194ef50f02fd85bbed2972950
/usr/bin/chcon|application/x-pie-executable|-rwxr-xr-x|755|root|root|8ea42e74053933bfd5277c8c2b2a9864
/usr/bin/check-filesystem|text/x-shellscript|-rwxr-xr-x|755|root|root|3cada40378c5f4013f2c940a424769f5
/usr/bin/chfn|application/x-pie-executable|-rwsr-xr-x|4755|root|root|1a0434b87e11f638168d4885e1621cca
/usr/bin/chgrp|application/x-pie-executable|-rwxr-xr-x|755|root|root|db0817401cfd9c5a818ae919d10ba7c5
/usr/bin/chmod|application/x-pie-executable|-rwxr-xr-x|755|root|root|6142a2ff5b69d32166187cdee41e7ea0
/usr/bin/choom|application/x-pie-executable|-rwxr-xr-x|755|root|root|e8d21060ed6e449ab095a91a0e67e6a7
/usr/bin/chown|application/x-pie-executable|-rwxr-xr-x|755|root|root|e789e05de882f3db00648191ff1eb4e9
/usr/bin/chrt|application/x-pie-executable|-rwxr-xr-x|755|root|root|3751793f69e38b36b3dc97b6260e9ea0
/usr/bin/chsh|application/x-pie-executable|-rwsr-xr-x|4755|root|root|1417cb3dd4a656034b1447753614fa2e
/usr/bin/chvt|application/x-pie-executable|-rwxr-xr-x|755|root|root|64878ae607adb4f1f9686f58e78238a3
/usr/bin/cinnamon|application/x-pie-executable|-rwxr-xr-x|755|root|root|b0dd2d6a72ce0f3afd88ce96bf8e8526
/usr/bin/cinnamon2d|text/x-shellscript|-rwxr-xr-x|755|root|root|0f9c889ca19b7b53da0f9e931416a990
/usr/bin/cinnamon-calendar-server|text/x-shellscript|-rwxr-xr-x|755|root|root|44b288a9169c895ebea127181cb3427b
/usr/bin/cinnamon-close-dialog|text/x-script.python|-rwxr-xr-x|755|root|root|5d21d9774575a440cefebb47af79a813
/usr/bin/cinnamon-control-center|application/x-pie-executable|-rwxr-xr-x|755|root|root|dd098da3d1787c3590c1f3ae59ec4bb1
/usr/bin/cinnamon-dbus-command|text/x-script.python|-rwxr-xr-x|755|root|root|8f70e286ac7ad1468503dd00d3ff5195
/usr/bin/cinnamon-desktop-editor|text/x-script.python|-rwxr-xr-x|755|root|root|ea74ef39817dc5d62dcfbd732f93256b
/usr/bin/cinnamon-display-changes-dialog|text/x-script.python|-rwxr-xr-x|755|root|root|5372faf456a1ff6dd476c6e8d2cc70b2
/usr/bin/cinnamon-file-dialog|text/x-script.python|-rwxr-xr-x|755|root|root|5017085866fb2047216a38055b549430
/usr/bin/cinnamon-hover-click|text/x-script.python|-rwxr-xr-x|755|root|root|20d625ca51a0a4e6ad23f315821ae3c2
/usr/bin/cinnamon-install-spice|text/x-script.python|-rwxr-xr-x|755|root|root|6fcbf019b1626e9ace25440d08d2a137
/usr/bin/cinnamon-json-makepot|text/x-script.python|-rwxr-xr-x|755|root|root|a28b56c211d56c66c18c8fe9a35a7da8
/usr/bin/cinnamon-killer-daemon|text/x-script.python|-rwxr-xr-x|755|root|root|f723f31e0225d1dac207060db2038681
/usr/bin/cinnamon-launcher|text/x-script.python|-rwxr-xr-x|755|root|root|bebb61e1196e99e2212401049280f75f
/usr/bin/cinnamon-looking-glass|text/x-script.python|-rwxr-xr-x|755|root|root|75f03e193ed79df740c29e3b122e2404
/usr/bin/cinnamon-menu-editor|text/x-script.python|-rwxr-xr-x|755|root|root|806e7f1766063260a873e0a90e5ca4d2
/usr/bin/cinnamon-preview-gtk-theme|text/x-script.python|-rwxr-xr-x|755|root|root|82fd50c969c918ac662016ffc0e40a87
/usr/bin/cinnamon-screensaver|symlink|../share/cinnamon-screensaver/cinnamon-screensaver-main.py|777|root|root|-
/usr/bin/cinnamon-screensaver-command|symlink|../share/cinnamon-screensaver/cinnamon-screensaver-command.py|777|root|root|-
/usr/bin/cinnamon-screensaver-lock-dialog|text/x-script.python|-rwxr-xr-x|755|root|root|0f6c718fa12af8da552d694fbd7b1d34
/usr/bin/cinnamon-session|application/x-pie-executable|-rwxr-xr-x|755|root|root|9a3d2827ebb9b10cbae9617a2bac3b40
/usr/bin/cinnamon-session-cinnamon|text/x-shellscript|-rwxr-xr-x|755|root|root|1dcfe8924fdb00d716299dcf78360cb4
/usr/bin/cinnamon-session-cinnamon2d|text/x-shellscript|-rwxr-xr-x|755|root|root|792fecf50e7e37e8dca3ff6c7be86f19
/usr/bin/cinnamon-session-quit|application/x-pie-executable|-rwxr-xr-x|755|root|root|24f714825d76558f9daf5ae70f1db521
/usr/bin/cinnamon-settings|text/x-script.python|-rwxr-xr-x|755|root|root|53921c4fefb7616a0ac665f80071dc0e
/usr/bin/cinnamon-settings-users|text/x-script.python|-rwxr-xr-x|755|root|root|7601bc71fe3ccb5333e8454cc37c135e
/usr/bin/cinnamon-slideshow|text/x-script.python|-rwxr-xr-x|755|root|root|b7b0b3cc16ac2c0d93a30849155cba93
/usr/bin/cinnamon-spice-updater|text/x-script.python|-rwxr-xr-x|755|root|root|ebbecb4f3714fa79f8d8a98379d49372
/usr/bin/cinnamon-subprocess-wrapper|text/x-script.python|-rwxr-xr-x|755|root|root|3c9dbd68162133674b4aa91daac70774
/usr/bin/cinnamon-unlock-desktop|text/x-shellscript|-rwxr-xr-x|755|root|root|89c90413ec966d48a5d5d4c709507c82
/usr/bin/cinnamon-xlet-makepot|text/x-script.python|-rwxr-xr-x|755|root|root|9db7f1b0431fb61b2ecb116b60e92d2b
/usr/bin/ciptool|application/x-pie-executable|-rwxr-xr-x|755|root|root|7a767648ed8908926f30c2b038573d98
/usr/bin/circo|symlink|dot|777|root|root|-
/usr/bin/cjet|application/x-pie-executable|-rwxr-xr-x|755|root|root|e32991eebd4c348518c1bb2568ef3a5e
/usr/bin/cjs|symlink|cjs-console|777|root|root|-
/usr/bin/cjs-console|application/x-pie-executable|-rwxr-xr-x|755|root|root|f1994a7b457f9765184447a8e8651728
/usr/bin/ckbcomp|text/x-perl|-rwxr-xr-x|755|root|root|d52bc9aa0fde95ac58ef8e7b3a3858ec
/usr/bin/cksum|application/x-pie-executable|-rwxr-xr-x|755|root|root|65de23dae89373f1ebf27e903134b566
/usr/bin/clear|application/x-pie-executable|-rwxr-xr-x|755|root|root|8fa39e32f759e00d774e4e9cce0f0d89
/usr/bin/clear_console|application/x-pie-executable|-rwxr-xr-x|755|root|root|4fda1fbf402775b5d73073f9f687eac5
/usr/bin/cluster|application/x-pie-executable|-rwxr-xr-x|755|root|root|27a8644634965c51e809fc41ae91acf5
/usr/bin/cmp|application/x-pie-executable|-rwxr-xr-x|755|root|root|c9426f1e31af8676d3951b0ffcec117d
/usr/bin/codepage|application/x-pie-executable|-rwxr-xr-x|755|root|root|0b130a91f1ac0f2f6f08616484b87970
/usr/bin/col|application/x-pie-executable|-rwxr-xr-x|755|root|root|da2b8b954a9039e6175542630d7f0a73
/usr/bin/colcrt|application/x-pie-executable|-rwxr-xr-x|755|root|root|5426484de493a90795b5377abf4ff5ee
/usr/bin/colormgr|application/x-pie-executable|-rwxr-xr-x|755|root|root|c4ef0d11c3ec101cad8d3d62a3d27d01
/usr/bin/colrm|application/x-pie-executable|-rwxr-xr-x|755|root|root|8c3edc166cb234eb4ea3cc94f1ca4dbf
/usr/bin/column|application/x-pie-executable|-rwxr-xr-x|755|root|root|b673ac55f7a649e180b037db3721c5dd
/usr/bin/comm|application/x-pie-executable|-rwxr-xr-x|755|root|root|6c314b19c4863d8e7293a38dd8144052
/usr/bin/command-not-found|symlink|../share/command-not-found/command-not-found|777|root|root|-
/usr/bin/compose|symlink|run-mailcap|777|root|root|-
/usr/bin/corelist|text/x-perl|-rwxr-xr-x|755|root|root|266558d983b39c5d214930ab2661a27a
/usr/bin/cp|application/x-pie-executable|-rwxr-xr-x|755|root|root|4799bd8b4078905c8a63dfe95c88fe31
/usr/bin/cpan|text/x-perl|-rwxr-xr-x|755|root|root|a364dce648b87af735cba979cc95c26c
/usr/bin/cpan5.36-i386-linux-gnu|text/x-perl|-rwxr-xr-x|755|root|root|ffd64ed39e50b257e1d2cb2645dbb7f8
/usr/bin/cpan5.36-x86_64-linux-gnu|text/x-perl|-rwxr-xr-x|755|root|root|1e19ee898c2759b9be0b2f14f5424ec1
/usr/bin/cpio|application/x-pie-executable|-rwxr-xr-x|755|root|root|db2130cc509f59086254f89870aacd3d
/usr/bin/cpp|symlink|cpp-12|777|root|root|-
/usr/bin/cpp-12|symlink|x86_64-linux-gnu-cpp-12|777|root|root|-
/usr/bin/cpuid_tool|application/x-pie-executable|-rwxr-xr-x|755|root|root|3879413a5d70a9137e5b377bedca765c
/usr/bin/c_rehash|text/x-perl|-rwxr-xr-x|755|root|root|92bb35006bac3b0ba8d9120a744567fa
/usr/bin/crontab|application/x-pie-executable|-rwxr-sr-x|2755|root|netdev|635de1308ceb68f8fefb540348afd44d
/usr/bin/cs2cs|application/x-pie-executable|-rwxr-xr-x|755|root|root|d17a92fccee325bddad5522dbcdf4233
/usr/bin/csd-a11y-settings|symlink|../lib/x86_64-linux-gnu/cinnamon-settings-daemon/csd-a11y-settings|777|root|root|-
/usr/bin/csd-automount|symlink|../lib/x86_64-linux-gnu/cinnamon-settings-daemon/csd-automount|777|root|root|-
/usr/bin/csd-background|symlink|../lib/x86_64-linux-gnu/cinnamon-settings-daemon/csd-background|777|root|root|-
/usr/bin/csd-backlight-helper|symlink|../lib/x86_64-linux-gnu/cinnamon-settings-daemon/csd-backlight-helper|777|root|root|-
/usr/bin/csd-clipboard|symlink|../lib/x86_64-linux-gnu/cinnamon-settings-daemon/csd-clipboard|777|root|root|-
/usr/bin/csd-color|symlink|../lib/x86_64-linux-gnu/cinnamon-settings-daemon/csd-color|777|root|root|-
/usr/bin/csd-datetime-mechanism|symlink|../lib/x86_64-linux-gnu/cinnamon-settings-daemon/csd-datetime-mechanism|777|root|root|-
/usr/bin/csd-housekeeping|symlink|../lib/x86_64-linux-gnu/cinnamon-settings-daemon/csd-housekeeping|777|root|root|-
/usr/bin/csd-input-helper|symlink|../lib/x86_64-linux-gnu/cinnamon-settings-daemon/csd-input-helper|777|root|root|-
/usr/bin/csd-keyboard|symlink|../lib/x86_64-linux-gnu/cinnamon-settings-daemon/csd-keyboard|777|root|root|-
/usr/bin/csd-media-keys|symlink|../lib/x86_64-linux-gnu/cinnamon-settings-daemon/csd-media-keys|777|root|root|-
/usr/bin/csd-power|symlink|../lib/x86_64-linux-gnu/cinnamon-settings-daemon/csd-power|777|root|root|-
/usr/bin/csd-printer|symlink|../lib/x86_64-linux-gnu/cinnamon-settings-daemon/csd-printer|777|root|root|-
/usr/bin/csd-print-notifications|symlink|../lib/x86_64-linux-gnu/cinnamon-settings-daemon/csd-print-notifications|777|root|root|-
/usr/bin/csd-screensaver-proxy|symlink|../lib/x86_64-linux-gnu/cinnamon-settings-daemon/csd-screensaver-proxy|777|root|root|-
/usr/bin/csd-smartcard|symlink|../lib/x86_64-linux-gnu/cinnamon-settings-daemon/csd-smartcard|777|root|root|-
/usr/bin/csd-wacom|symlink|../lib/x86_64-linux-gnu/cinnamon-settings-daemon/csd-wacom|777|root|root|-
/usr/bin/csd-xsettings|symlink|../lib/x86_64-linux-gnu/cinnamon-settings-daemon/csd-xsettings|777|root|root|-
/usr/bin/csplit|application/x-pie-executable|-rwxr-xr-x|755|root|root|4f0e2e8b6ee0723cb5177241233f233e
/usr/bin/ctstat|symlink|lnstat|777|root|root|-
/usr/bin/cups-calibrate|application/x-pie-executable|-rwxr-xr-x|755|root|root|7750f56bcfeebe402a65513546d6e574
/usr/bin/cupstestppd|application/x-pie-executable|-rwxr-xr-x|755|root|root|c1c2f4ffa290abcc85740dbed269f839
/usr/bin/curl|application/x-pie-executable|-rwxr-xr-x|755|root|root|30fcaf8c56d1183e473d59108bb03abc
/usr/bin/cut|application/x-pie-executable|-rwxr-xr-x|755|root|root|b8dd9174ed8627d7868bfa0541901692
/usr/bin/cvlc|text/x-shellscript|-rwxr-xr-x|755|root|root|0995f7bc841e3e623cdd6197578cca48
/usr/bin/cvt|application/x-pie-executable|-rwxr-xr-x|755|root|root|18838545bcaefe7a4ffa2b917ce81818
/usr/bin/cvtsudoers|application/x-pie-executable|-rwxr-xr-x|755|root|root|e2c23d4ad6c41a8b3aed2de7ac3800fb
/usr/bin/danetool|application/x-pie-executable|-rwxr-xr-x|755|root|root|1fc84f0b29fee5e5f411988d1f0ce176
/usr/bin/dash|application/x-pie-executable|-rwxr-xr-x|755|root|root|623e332d8ae2db8a2d050dcce9510b47
/usr/bin/date|application/x-pie-executable|-rwxr-xr-x|755|root|root|eabbb6891e630b56133f5586c2967d24
/usr/bin/dbus-cleanup-sockets|application/x-pie-executable|-rwxr-xr-x|755|root|root|09fc133ef741f6201c3dad2459311e92
/usr/bin/dbus-daemon|application/x-pie-executable|-rwxr-xr-x|755|root|root|4b3727fe59905370dd492a723783b534
/usr/bin/dbus-launch|application/x-pie-executable|-rwxr-xr-x|755|root|root|36b133bb83aa815aa0e3a58e0a593d08
/usr/bin/dbus-monitor|application/x-pie-executable|-rwxr-xr-x|755|root|root|5eb674297b3d00fdc0dc227ce1760654
/usr/bin/dbus-run-session|application/x-pie-executable|-rwxr-xr-x|755|root|root|f71fe8d1bd4b611e43e2a02ed0b4d8b2
/usr/bin/dbus-send|application/x-pie-executable|-rwxr-xr-x|755|root|root|cfca563775eefa2c4e6cf6192eae17e4
/usr/bin/dbus-update-activation-environment|application/x-pie-executable|-rwxr-xr-x|755|root|root|7b8d95870dc1ecca0d37fd90150735ec
/usr/bin/dbus-uuidgen|application/x-pie-executable|-rwxr-xr-x|755|root|root|439392b9c652c29a999a3d658a99d461
/usr/bin/dc|application/x-pie-executable|-rwxr-xr-x|755|root|root|a7ff9527c9225dedcc6146dcffc8cbbe
/usr/bin/dconf|application/x-pie-executable|-rwxr-xr-x|755|root|root|0952026bc9c100be44d282de496cafb8
/usr/bin/dd|application/x-pie-executable|-rwxr-xr-x|755|root|root|613e08370df170236e4ba6cd74f5aeb1
/usr/bin/ddstdecode|application/x-pie-executable|-rwxr-xr-x|755|root|root|40c81bdac63a607c2cfc562fdd3bc3c2
/usr/bin/deallocvt|application/x-pie-executable|-rwxr-xr-x|755|root|root|b1d0a18f5b41ba0eb3ee9cbf77f02dc9
/usr/bin/debconf|text/x-perl|-rwxr-xr-x|755|root|root|52fc9c61a0d4d0146e6a946c3e14f323
/usr/bin/debconf-apt-progress|text/x-perl|-rwxr-xr-x|755|root|root|19c67e6eb300e9c61f80aa6b76719bdd
/usr/bin/debconf-communicate|text/x-perl|-rwxr-xr-x|755|root|root|9667b0261cac6f775e0bce8d5b390cf6
/usr/bin/debconf-copydb|text/x-perl|-rwxr-xr-x|755|root|root|02b774c3cf0ea04dc88b078fad41681c
/usr/bin/debconf-escape|text/x-perl|-rwxr-xr-x|755|root|root|3b8e7ec5583b033efd3d6eb0085fbce0
/usr/bin/debconf-set-selections|text/x-perl|-rwxr-xr-x|755|root|root|36fca810603f8a0654a9b4bef2178640
/usr/bin/debconf-show|text/x-perl|-rwxr-xr-x|755|root|root|e2193426e7bf0d0d6c30f632aad55fff
/usr/bin/debianbts|text/x-script.python|-rwxr-xr-x|755|root|root|0437d49b229b909c148980b50b50f41d
/usr/bin/deb-systemd-helper|text/x-perl|-rwxr-xr-x|755|root|root|b7de0a06b2b92f3daa66fc4330a46a65
/usr/bin/deb-systemd-invoke|text/x-perl|-rwxr-xr-x|755|root|root|fc6c86c8342c3abaea0283e3be10b80f
/usr/bin/delaunay|application/x-pie-executable|-rwxr-xr-x|755|root|root|01d4db7dabd7d0fd8c0a9d4c41c623c8
/usr/bin/delpart|application/x-pie-executable|-rwxr-xr-x|755|root|root|0e36a461e6896c2013c2cf87e39cb106
/usr/bin/delv|application/x-pie-executable|-rwxr-xr-x|755|root|root|9f082fc6ae2a416992498bf533fe6682
/usr/bin/designer|symlink|qtchooser|777|root|root|-
/usr/bin/desktopeditors|symlink|onlyoffice-desktopeditors|777|root|root|-
/usr/bin/desktop-file-edit|symlink|desktop-file-install|777|root|root|-
/usr/bin/desktop-file-install|application/x-pie-executable|-rwxr-xr-x|755|root|root|28bcdc49271766bce764f03f090620e6
/usr/bin/desktop-file-validate|application/x-pie-executable|-rwxr-xr-x|755|root|root|d4ac670c6934f36d847afd9b9c84f6cb
/usr/bin/devdump|application/x-pie-executable|-rwxr-xr-x|755|root|root|a63dba4a606437b64e873501db749baf
/usr/bin/df|application/x-pie-executable|-rwxr-xr-x|755|root|root|5dbe30808de99a4eae2cb57eba6a9620
/usr/bin/dh_bash-completion|text/x-perl|-rwxr-xr-x|755|root|root|ee849f2709dad258f6d0687385dde0b3
/usr/bin/dh_installxmlcatalogs|text/x-perl|-rwxr-xr-x|755|root|root|95629699d8c300fd7e9f32246acd4c4e
/usr/bin/dh_numpy3|text/x-perl|-rwxr-xr-x|755|root|root|676475e5bc6a43ba518e6782d843d475
/usr/bin/dh_perl_openssl|text/x-perl|-rwxr-xr-x|755|root|root|7f862c48273de899bd35b3fb84541237
/usr/bin/dh_python3-ply|text/x-perl|-rwxr-xr-x|755|root|root|86e0bf1fc9047cb63ffdc95e999a1be6
/usr/bin/dialog|application/x-pie-executable|-rwxr-xr-x|755|root|root|02be393f0cd1864b9e1bc301ab713b36
/usr/bin/diff|application/x-pie-executable|-rwxr-xr-x|755|root|root|5096769cf79b5471bd14df7c5773b091
/usr/bin/diff3|application/x-pie-executable|-rwxr-xr-x|755|root|root|f53bd286dfe7871b85d53b7016f13ab5
/usr/bin/diffimg|application/x-pie-executable|-rwxr-xr-x|755|root|root|2ac05e7d9fab87b3ea9241aefd27c237
/usr/bin/dig|application/x-pie-executable|-rwxr-xr-x|755|root|root|906ff8344590d18378609c93825b36f2
/usr/bin/dijkstra|application/x-pie-executable|-rwxr-xr-x|755|root|root|dad7f5bfd4d3b4bcd1e883224339e844
/usr/bin/dir|application/x-pie-executable|-rwxr-xr-x|755|root|root|882f9aa9bbb1f3a737150ff86c79fd25
/usr/bin/dircolors|application/x-pie-executable|-rwxr-xr-x|755|root|root|0aee5fb04432114be160d13731bf0ca9
/usr/bin/dirmngr|application/x-pie-executable|-rwxr-xr-x|755|root|root|48a188eae66ead14bce0f7e67193fc0b
/usr/bin/dirmngr-client|application/x-pie-executable|-rwxr-xr-x|755|root|root|eb3addce2d8eb36b268a9170875c159c
/usr/bin/dirname|application/x-pie-executable|-rwxr-xr-x|755|root|root|62baaa622242d1b44616908c7a575710
/usr/bin/dirsplit|text/x-perl|-rwxr-xr-x|755|root|root|031072af6f3e0a148756e72c9b1f65aa
/usr/bin/dmesg|application/x-pie-executable|-rwxr-xr-x|755|root|root|9a3856c7a601d93a1ffbba4e6c95786f
/usr/bin/dm-tool|application/x-pie-executable|-rwxr-xr-x|755|root|root|b89286fe50ce788a81fcf05356abbe29
/usr/bin/dnsdomainname|symlink|hostname|777|root|root|-
/usr/bin/dnstap-read|application/x-pie-executable|-rwxr-xr-x|755|root|root|cd623e2494bf51d5289e212793d68c16
/usr/bin/domainname|symlink|hostname|777|root|root|-
/usr/bin/dot|symlink|../sbin/libgvc6-config-update|777|root|root|-
/usr/bin/dot2gxl|symlink|gxl2gv|777|root|root|-
/usr/bin/dot_builtins|application/x-pie-executable|-rwxr-xr-x|755|root|root|01140f979c8b61764645852e6e8e49da
/usr/bin/dotlockfile|application/x-pie-executable|-rwxr-sr-x|2755|root|mail|221ad31fe731f213814203f0534d5965
/usr/bin/dotty|text/x-shellscript|-rwxr-xr-x|755|root|root|1a528b5b58a78b816163824514a9cd02
/usr/bin/dpkg|application/x-pie-executable|-rwxr-xr-x|755|root|root|9b6f8c07496e110980e9eef5a6d8067b
/usr/bin/dpkg-architecture|text/x-perl|-rwxr-xr-x|755|root|root|5cdaef5989db280db7ff9868b05af3c1
/usr/bin/dpkg-buildflags|text/x-perl|-rwxr-xr-x|755|root|root|260440bcb41ee1c74e830e9a799cc69f
/usr/bin/dpkg-buildpackage|text/x-perl|-rwxr-xr-x|755|root|root|5e159f7157630e72eaab5b55f031ace3
/usr/bin/dpkg-checkbuilddeps|text/x-perl|-rwxr-xr-x|755|root|root|b473b93e6b22e7d234b78d88281e964e
/usr/bin/dpkg-deb|application/x-pie-executable|-rwxr-xr-x|755|root|root|444f6fbf2e1bef8ca3dae358dbb32190
/usr/bin/dpkg-distaddfile|text/x-perl|-rwxr-xr-x|755|root|root|21e738240b03d6d7778262b9b9f22192
/usr/bin/dpkg-divert|application/x-pie-executable|-rwxr-xr-x|755|root|root|7b646d08f247859fc1cccd8777af14e4
/usr/bin/dpkg-genbuildinfo|text/x-perl|-rwxr-xr-x|755|root|root|f8b1eb64417641b736be726db82e15e9
/usr/bin/dpkg-genchanges|text/x-perl|-rwxr-xr-x|755|root|root|a910b70341bb6ecfeaffe683fd66ede1
/usr/bin/dpkg-gencontrol|text/x-perl|-rwxr-xr-x|755|root|root|70fd999a2a5c9ba34744918dfe6e1c0c
/usr/bin/dpkg-gensymbols|text/x-perl|-rwxr-xr-x|755|root|root|2f30ccfec8458e1fb90ec0e5800c1e58
/usr/bin/dpkg-maintscript-helper|text/x-shellscript|-rwxr-xr-x|755|root|root|a2f7181e29f25cc611f62e26b3b58326
/usr/bin/dpkg-mergechangelogs|text/x-perl|-rwxr-xr-x|755|root|root|795305255a1f236bfcf091049784940b
/usr/bin/dpkg-name|text/x-perl|-rwxr-xr-x|755|root|root|2b4be9a40541a88f79ef44fad673d7de
/usr/bin/dpkg-parsechangelog|text/x-perl|-rwxr-xr-x|755|root|root|769a5dd9409a1ef47e46280923d8849e
/usr/bin/dpkg-query|application/x-pie-executable|-rwxr-xr-x|755|root|root|b259ca765376746f8d1da0cd3004d89e
/usr/bin/dpkg-realpath|text/x-shellscript|-rwxr-xr-x|755|root|root|3217809fd694be0af7722c50926a4f71
/usr/bin/dpkg-scanpackages|text/x-perl|-rwxr-xr-x|755|root|root|809a92f9b1db7516283eee3ae42aa6a8
/usr/bin/dpkg-scansources|text/x-perl|-rwxr-xr-x|755|root|root|401a4f96e13b1147e8a701c71391e50b
/usr/bin/dpkg-shlibdeps|text/x-perl|-rwxr-xr-x|755|root|root|1d9acc0c7477b22e40c8b902916f340e
/usr/bin/dpkg-source|text/x-perl|-rwxr-xr-x|755|root|root|d2aea7bddf4e75b56af5148082ae04e9
/usr/bin/dpkg-split|application/x-pie-executable|-rwxr-xr-x|755|root|root|931bc15e9df35b77541d8da32310307a
/usr/bin/dpkg-statoverride|application/x-pie-executable|-rwxr-xr-x|755|root|root|b60c922390cbaaa60a28f724aebf0b3a
/usr/bin/dpkg-trigger|application/x-pie-executable|-rwxr-xr-x|755|root|root|48fe59d72e4aaf1a4d631a08ec8a623e
/usr/bin/dpkg-vendor|text/x-perl|-rwxr-xr-x|755|root|root|2748606f88d78418c4d10fa49448c7a2
/usr/bin/drawing|text/x-script.python|-rwxr-xr-x|755|root|root|2d3ddb76de804c47b25224cf683887df
/usr/bin/driverless|symlink|../lib/cups/driver/driverless|777|root|root|-
/usr/bin/driverless-fax|symlink|../lib/cups/driver/driverless-fax|777|root|root|-
/usr/bin/du|application/x-pie-executable|-rwxr-xr-x|755|root|root|950a30cd1a578b27d638c2b189d2cdeb
/usr/bin/dump-info-log|text/x-shellscript|-rwxr-xr-x|755|root|root|fd5907d789b0e5c537c03821b7dc387b
/usr/bin/dumpkeys|application/x-pie-executable|-rwxr-xr-x|755|root|root|52978ef58939a168adbdcb5d62557e2d
/usr/bin/dvipdf|text/x-shellscript|-rwxr-xr-x|755|root|root|a964c1c5eeb5e4c10878272404c69cd8
/usr/bin/dwp|symlink|x86_64-linux-gnu-dwp|777|root|root|-
/usr/bin/ebalogin|text/html|-rwxr-xr-x|755|root|root|6fd008f07d77a8119b23d0be1445a22b
/usr/bin/echo|application/x-pie-executable|-rwxr-xr-x|755|root|root|bf3140d19c23120505f44c536ac67ed8
/usr/bin/edgepaint|application/x-pie-executable|-rwxr-xr-x|755|root|root|5bf3abe4bd38f4239a226f7b91759859
/usr/bin/edit|symlink|run-mailcap|777|root|root|-
/usr/bin/editor|symlink|/etc/alternatives/editor|777|root|root|-
/usr/bin/editres|application/x-pie-executable|-rwxr-xr-x|755|root|root|0a883f6b7a45160c023fd43ff2b64469
/usr/bin/efibootdump|application/x-pie-executable|-rwxr-xr-x|755|root|root|93e545a90024e1598b0871a42e4d96f4
/usr/bin/efibootmgr|application/x-pie-executable|-rwxr-xr-x|755|root|root|82d3711c5ff6a0728e7d556bd74974fb
/usr/bin/eglinfo|symlink|eglinfo.x86_64-linux-gnu|777|root|root|-
/usr/bin/eglinfo.x86_64-linux-gnu|application/x-pie-executable|-rwxr-xr-x|755|root|root|a502904aaaab089574c26ad52738569f
/usr/bin/egrep|text/x-shellscript|-rwxr-xr-x|755|root|root|66c2dba5f7a4da50676c2be1250ee661
/usr/bin/eject|application/x-pie-executable|-rwxr-xr-x|755|root|root|2ad7c3bda8ca1de4b063700770af58b6
/usr/bin/elfedit|symlink|x86_64-linux-gnu-elfedit|777|root|root|-
/usr/bin/enc2xs|text/x-perl|-rwxr-xr-x|755|root|root|1643e2092218247751bd7d3823130229
/usr/bin/encguess|text/x-perl|-rwxr-xr-x|755|root|root|72cde084acadb5e819c92cef97255722
/usr/bin/enchant-2|application/x-pie-executable|-rwxr-xr-x|755|root|root|dc66cbf73d527414b4ed8ec65515489d
/usr/bin/enchant-lsmod-2|application/x-pie-executable|-rwxr-xr-x|755|root|root|4b02e8061e9f6acfcbe397f16396da8a
/usr/bin/env|application/x-pie-executable|-rwxr-xr-x|755|root|root|1b55b9073f3d6afd23952113797e3d8d
/usr/bin/envsubst|application/x-pie-executable|-rwxr-xr-x|755|root|root|2cf3977e0690ff02dd5bb54aa9727512
/usr/bin/eps2eps|text/x-shellscript|-rwxr-xr-x|755|root|root|e02b31f74fb794cbe92ac8a7491d8e3a
/usr/bin/eqn|application/x-pie-executable|-rwxr-xr-x|755|root|root|d3e488e626a4f38dd58187499d4afd80
/usr/bin/es2gears_wayland|symlink|es2gears_wayland.x86_64-linux-gnu|777|root|root|-
/usr/bin/es2gears_wayland.x86_64-linux-gnu|application/x-pie-executable|-rwxr-xr-x|755|root|root|c0a0be57889ea100c6397054b8ea2c8a
/usr/bin/es2gears_x11|symlink|es2gears_x11.x86_64-linux-gnu|777|root|root|-
/usr/bin/es2gears_x11.x86_64-linux-gnu|application/x-pie-executable|-rwxr-xr-x|755|root|root|a3be97ee803fbd5ae5ece1b755aee53c
/usr/bin/es2_info|symlink|es2_info.x86_64-linux-gnu|777|root|root|-
/usr/bin/es2_info.x86_64-linux-gnu|application/x-pie-executable|-rwxr-xr-x|755|root|root|078254403d955a4aea544cbcac63699e
/usr/bin/es2tri|symlink|es2tri.x86_64-linux-gnu|777|root|root|-
/usr/bin/es2tri.x86_64-linux-gnu|application/x-pie-executable|-rwxr-xr-x|755|root|root|f1a58da4d571d12f96c4dc8c195e4446
/usr/bin/esc-m|application/x-pie-executable|-rwxr-xr-x|755|root|root|4ed42eee1f36e80e673f575233201d36
/usr/bin/eta-cinnamon-greeter|text/x-script.python|-rwxr-xr-x|755|root|root|e2de5f707d98f3c661808661bfa5fff1
/usr/bin/eta-help|text/x-script.python|-rwxr-xr-x|755|root|root|3847457a27fbc35b45e00d09bf94877c
/usr/bin/e-tahta|application/x-pie-executable|-rwxr-xr-x|755|root|root|f27a7ae855210428266f8705cef63560
/usr/bin/eta-keyboard|application/x-pie-executable|-rwxr-xr-x|755|root|root|125418b71971a8890ed29801c3e242b9
/usr/bin/eta-kisit|text/x-script.python|-rwxr-xr-x|755|root|root|e6f1743ce14f7dbeef639af312ea1e08
/usr/bin/eta-menu|text/x-script.python|-rwxr-xr-x|755|root|root|ea2065865f4d605632577210edb50d52
/usr/bin/eta-notify|text/x-shellscript|-rwxr-xr-x|755|root|root|b6d7185379cc3397fb57b7391f482eeb
/usr/bin/eta-password-changer|text/x-script.python|-rwxr-xr-x|755|root|root|233034b2de490d81065f885e1960858f
/usr/bin/eta-qr-reader|text/x-script.python|-rwxr-xr-x|755|root|root|ae6ea81bca27b21cf281ef3a9dcfeef6
/usr/bin/eta-register|text/x-script.python|-rwxr-xr-x|755|root|root|59f6bbbb6233e4239fe5f3a116b5956f
/usr/bin/eta-resolution|text/x-script.python|-rwxr-xr-x|755|root|root|32fc5d6e2a16757ea9afe673dead4b9d
/usr/bin/eta-screen-cover|text/x-script.python|-rwxr-xr-x|755|root|root|361767b8a01bba94a100e26733356cec
/usr/bin/eta-shutdown|text/x-script.python|-rwxr-xr-x|755|root|root|f2ebbe9a73a1661a0ef2f41ce138879a
/usr/bin/eta-tif|text/x-script.python|-rwxr-xr-x|755|root|root|504994d3f92144ca5209e54598e8ce2a
/usr/bin/eta-usb-fix|text/x-script.python|-rwxr-xr-x|755|root|root|98f1fa7fcab464b5bacfaf899ed06ec0
/usr/bin/eta-usb-register|text/x-script.python|-rwxr-xr-x|755|root|root|baef00c6f7eaa6efc48fe2e43f01be51
/usr/bin/evince|application/x-pie-executable|-rwxr-xr-x|755|root|root|8e043ab8cd352ab884d712f0120eb7d8
/usr/bin/evince-previewer|application/x-pie-executable|-rwxr-xr-x|755|root|root|b13b7fce6487e7ef9c6c808130602d41
/usr/bin/evince-thumbnailer|application/x-pie-executable|-rwxr-xr-x|755|root|root|a243f54f51ce0594e8caab331269edd7
/usr/bin/evolution|application/x-pie-executable|-rwxr-xr-x|755|root|root|157118f10173b88def9f00f90ad918f7
/usr/bin/ex|symlink|/etc/alternatives/ex|777|root|root|-
/usr/bin/exif|application/x-pie-executable|-rwxr-xr-x|755|root|root|834dd70902207581e1eeb27f84227a35
/usr/bin/expand|application/x-pie-executable|-rwxr-xr-x|755|root|root|b89256b8476649c8f25106a2c8cee112
/usr/bin/expiry|application/x-pie-executable|-rwxr-sr-x|2755|root|shadow|1bbf7f70a650330f71cbb4b7f5ba0337
/usr/bin/expr|application/x-pie-executable|-rwxr-xr-x|755|root|root|d3ec650c5240018ab19d03a4bf898480
/usr/bin/f2py|text/x-script.python|-rwxr-xr-x|755|root|root|56ffd0b6fd1f824dd7018dd67ab3b4c1
/usr/bin/f2py3|text/x-script.python|-rwxr-xr-x|755|root|root|5b0383624cab7e848df8e8dbfc309a64
/usr/bin/f2py3.11|text/x-script.python|-rwxr-xr-x|755|root|root|b1f989051bb772e5318f6b50ac82b639
/usr/bin/factor|application/x-pie-executable|-rwxr-xr-x|755|root|root|3d98321c5f0198c5a9ba221693ad4d31
/usr/bin/faillog|application/x-pie-executable|-rwxr-xr-x|755|root|root|400b81e46e49b26b02e56cbde7d4e879
/usr/bin/faked-sysv|application/x-pie-executable|-rwxr-xr-x|755|root|root|3133b1dfb8f27397e044a0d1d209186d
/usr/bin/faked-tcp|application/x-pie-executable|-rwxr-xr-x|755|root|root|332676558e16528c64ed6391518d046d
/usr/bin/fakeroot|symlink|/etc/alternatives/fakeroot|777|root|root|-
/usr/bin/fakeroot-sysv|text/x-shellscript|-rwxr-xr-x|755|root|root|c3b042d41fc455838070b519c43167f5
/usr/bin/fakeroot-tcp|text/x-shellscript|-rwxr-xr-x|755|root|root|1370f29fd485670651cb61998e8b8a62
/usr/bin/fallocate|application/x-pie-executable|-rwxr-xr-x|755|root|root|d0cfb990ebc861b80dd818d8f12df957
/usr/bin/false|application/x-pie-executable|-rwxr-xr-x|755|root|root|df56c034173cb308425f3a978fa4e660
/usr/bin/fbstat|application/x-pie-executable|-rwxr-xr-x|755|root|root|374ddd7dde47605b68a36e1764123d1d
/usr/bin/fbsvcmgr|application/x-pie-executable|-rwxr-xr-x|755|root|root|19173c8decaec0ac2348bf56e5400bb0
/usr/bin/fc-cache|application/x-pie-executable|-rwxr-xr-x|755|root|root|ce1a4025d6e2905be80f9176373f5c66
/usr/bin/fc-cat|application/x-pie-executable|-rwxr-xr-x|755|root|root|986219f76bee64e9532e1b2a9e9aa88d
/usr/bin/fc-conflist|application/x-pie-executable|-rwxr-xr-x|755|root|root|0a42b31f2a525af00532a479eb48e418
/usr/bin/fc-list|application/x-pie-executable|-rwxr-xr-x|755|root|root|03ea5f610aa852b81017e8bd876d5bc3
/usr/bin/fc-match|application/x-pie-executable|-rwxr-xr-x|755|root|root|31505cb9d97c1c2e38623e87f9c2fcd7
/usr/bin/fc-pattern|application/x-pie-executable|-rwxr-xr-x|755|root|root|b5669ed3d9ac515322bd8442420c2910
/usr/bin/fc-query|application/x-pie-executable|-rwxr-xr-x|755|root|root|16e5d5ff85d618c7360d8d27840c9b86
/usr/bin/fc-scan|application/x-pie-executable|-rwxr-xr-x|755|root|root|0d3f5478be38266282b2e12e72b89a54
/usr/bin/fc-validate|application/x-pie-executable|-rwxr-xr-x|755|root|root|7cffd1851845035b57040607e5827465
/usr/bin/fdp|symlink|dot|777|root|root|-
/usr/bin/ffmpeg|application/x-pie-executable|-rwxr-xr-x|755|root|root|96793bca04e186f18c6767f5d388e6cb
/usr/bin/ffmpegthumbnailer|application/x-pie-executable|-rwxr-xr-x|755|root|root|f6c868415bcf7aaedac76acab57be7ae
/usr/bin/ffplay|application/x-pie-executable|-rwxr-xr-x|755|root|root|21f79b00505224ecd50bc2ab25ad36ff
/usr/bin/ffprobe|application/x-pie-executable|-rwxr-xr-x|755|root|root|87e615b575b97ebd8883d8e37e6fd190
/usr/bin/fgconsole|application/x-pie-executable|-rwxr-xr-x|755|root|root|f9883e4cc6b65e628c970c9de5f7cfb0
/usr/bin/fgrep|text/x-shellscript|-rwxr-xr-x|755|root|root|3572d58e12b0784accb464a3d5d5be21
/usr/bin/file|application/x-pie-executable|-rwxr-xr-x|755|root|root|a72c25d4d16d1d6933e189ec50be11df
/usr/bin/file2brl|application/x-pie-executable|-rwxr-xr-x|755|root|root|591fdbfa0bdda43d345364bda792a29f
/usr/bin/file-roller|application/x-pie-executable|-rwxr-xr-x|755|root|root|6c9b534fb7f9930d32bf9130510f545c
/usr/bin/fincore|application/x-pie-executable|-rwxr-xr-x|755|root|root|13589e260010e7fb46f4df807fff9322
/usr/bin/find|application/x-pie-executable|-rwxr-xr-x|755|root|root|77c69f8faad395a584cc682952786dfc
/usr/bin/findmnt|application/x-pie-executable|-rwxr-xr-x|755|root|root|ea16ed0fc9bc4c31906f00773f90968d
/usr/bin/firefox|text/x-shellscript|-rwxr-xr-x|755|root|root|baf0c25a8d3886d7cfa0b6e3255be5b5
/usr/bin/firefox-esr|symlink|../lib/firefox-esr/firefox-esr|777|root|root|-
/usr/bin/fix-broken-packages|text/x-shellscript|-rwxr-xr-x|755|root|root|3cbda2cf6b5b2a140f2c59d1a5d6a627
/usr/bin/flock|application/x-pie-executable|-rwxr-xr-x|755|root|root|c0c5f9e8c7bf35e00370be4b24f83ee0
/usr/bin/fmt|application/x-pie-executable|-rwxr-xr-x|755|root|root|51e15362e4ad4fed1340c54547ba369f
/usr/bin/fold|application/x-pie-executable|-rwxr-xr-x|755|root|root|0d4d1a3ebb2bb676cb65ace73a7391a0
/usr/bin/fonttosfnt|application/x-pie-executable|-rwxr-xr-x|755|root|root|b7b9162fd2ff8981f0417dc82579c31c
/usr/bin/foo2ddst|application/x-pie-executable|-rwxr-xr-x|755|root|root|969ee1410744d28bbe5833390345bb2c
/usr/bin/foo2ddst-wrapper|text/x-shellscript|-rwxr-xr-x|755|root|root|67a8ffaf23eac5b75785174ca5e90b17
/usr/bin/foo2hbpl2|application/x-pie-executable|-rwxr-xr-x|755|root|root|9487f4c0c6f338ae2fccc9bf9497249d
/usr/bin/foo2hbpl2-wrapper|text/x-shellscript|-rwxr-xr-x|755|root|root|544694b2680791bb069715ee745ba3c6
/usr/bin/foo2hiperc|application/x-pie-executable|-rwxr-xr-x|755|root|root|18d3dfa330a9c27a1f8ee9076feb21e0
/usr/bin/foo2hiperc-wrapper|text/x-shellscript|-rwxr-xr-x|755|root|root|be84fb1a8712b33d36d57ff3eefd083b
/usr/bin/foo2hp|application/x-pie-executable|-rwxr-xr-x|755|root|root|db696e9372c24f2644bb0a7af6c21326
/usr/bin/foo2hp2600-wrapper|text/x-shellscript|-rwxr-xr-x|755|root|root|cab0e31ea3b7b2169936337994778e26
/usr/bin/foo2lava|application/x-pie-executable|-rwxr-xr-x|755|root|root|e724fe8eb4131155ae6def432407188d
/usr/bin/foo2lava-wrapper|text/x-shellscript|-rwxr-xr-x|755|root|root|ee2431c2d61dd96ea32930e87f38cbe6
/usr/bin/foo2oak|application/x-pie-executable|-rwxr-xr-x|755|root|root|962af011873bbd29cd120b3fdc495992
/usr/bin/foo2oak-wrapper|text/x-shellscript|-rwxr-xr-x|755|root|root|226e7918537a1f57a1a11db3a3af95a9
/usr/bin/foo2qpdl|application/x-pie-executable|-rwxr-xr-x|755|root|root|a7a80c871c18ba860adb4c3a5e9b4583
/usr/bin/foo2qpdl-wrapper|text/x-shellscript|-rwxr-xr-x|755|root|root|8fd86c4d9122de3870d2805a6d3da732
/usr/bin/foo2slx|application/x-pie-executable|-rwxr-xr-x|755|root|root|46fd7b4061b33606471b2015e453f4c1
/usr/bin/foo2slx-wrapper|text/x-shellscript|-rwxr-xr-x|755|root|root|898fcaef31c449b84cdfd3a23287abc7
/usr/bin/foo2xqx|application/x-pie-executable|-rwxr-xr-x|755|root|root|77022b24363559855b70935279d6bb86
/usr/bin/foo2xqx-wrapper|text/x-shellscript|-rwxr-xr-x|755|root|root|1c5d470d842529e6ecffc788dc242410
/usr/bin/foo2zjs|application/x-pie-executable|-rwxr-xr-x|755|root|root|fb47e21e21368dae19921226df47df8c
/usr/bin/foo2zjs-icc2ps|symlink|psicc|777|root|root|-
/usr/bin/foo2zjs-pstops|text/x-shellscript|-rwxr-xr-x|755|root|root|dc40449d6588f0bc2bb9767585d38442
/usr/bin/foo2zjs-wrapper|text/x-shellscript|-rwxr-xr-x|755|root|root|8b154d380d4f8cd2c1ad3f9bdb9790cb
/usr/bin/foomatic-rip|symlink|../lib/cups/filter/foomatic-rip|777|root|root|-
/usr/bin/free|application/x-pie-executable|-rwxr-xr-x|755|root|root|b202a0870dc0a7ff7edf18f438f4561d
/usr/bin/full-upgrade|text/x-shellscript|-rwxr-xr-x|755|root|root|56068bd968b0d9c35e9189bac34bf0c2
/usr/bin/function_grep.pl|symlink|/opt/wine-stable/bin/function_grep.pl|777|kali|kali|-
/usr/bin/funzip|application/x-pie-executable|-rwxr-xr-x|755|root|root|4743ac3c5f71df14e2bf0dd330f38f6a
/usr/bin/fuser|application/x-pie-executable|-rwxr-xr-x|755|root|root|a34ed1f94cda8cbb3d4b15fa9dd1118d
/usr/bin/fusermount|symlink|fusermount3|777|root|root|-
/usr/bin/fusermount3|application/x-pie-executable|-rwsr-xr-x|4755|root|root|3d76603d01fb8da83b6df45b64588fc0
/usr/bin/fzf|application/x-executable|-rwxr-xr-x|755|root|root|b917233ec6f4bd86ab91c40c1588b68b
/usr/bin/fzf-tmux|text/x-shellscript|-rwxr-xr-x|755|root|root|4e1239b1f6d8425579d5bf5c468196c6
/usr/bin/g++|symlink|g++-12|777|root|root|-
/usr/bin/g++-12|symlink|x86_64-linux-gnu-g++-12|777|root|root|-
/usr/bin/gamma4scanimage|application/x-pie-executable|-rwxr-xr-x|755|root|root|f6fc9ca43bcf3549588a46095f8d01e7
/usr/bin/gapplication|application/x-pie-executable|-rwxr-xr-x|755|root|root|00f751d047809746859eafe74e8720fd
/usr/bin/gatttool|application/x-pie-executable|-rwxr-xr-x|755|root|root|91b83ef42fc83e4d47e31667232cab4b
/usr/bin/gbak|application/x-pie-executable|-rwxr-xr-x|755|root|root|9c17645e0de88f116940eb05537baf99
/usr/bin/gc|application/x-pie-executable|-rwxr-xr-x|755|root|root|78f7aab2560e093e0bd17893bfba09ec
/usr/bin/gcalccmd|application/x-pie-executable|-rwxr-xr-x|755|root|root|e72e5684d64451a481efd0cc45e35e01
/usr/bin/gcc|symlink|gcc-12|777|root|root|-
/usr/bin/gcc-12|symlink|x86_64-linux-gnu-gcc-12|777|root|root|-
/usr/bin/gcc-ar|symlink|gcc-ar-12|777|root|root|-
/usr/bin/gcc-ar-12|symlink|x86_64-linux-gnu-gcc-ar-12|777|root|root|-
/usr/bin/gcc-nm|symlink|gcc-nm-12|777|root|root|-
/usr/bin/gcc-nm-12|symlink|x86_64-linux-gnu-gcc-nm-12|777|root|root|-
/usr/bin/gcc-ranlib|symlink|gcc-ranlib-12|777|root|root|-
/usr/bin/gcc-ranlib-12|symlink|x86_64-linux-gnu-gcc-ranlib-12|777|root|root|-
/usr/bin/gcov|symlink|gcov-12|777|root|root|-
/usr/bin/gcov-12|symlink|x86_64-linux-gnu-gcov-12|777|root|root|-
/usr/bin/gcov-dump|symlink|gcov-dump-12|777|root|root|-
/usr/bin/gcov-dump-12|symlink|x86_64-linux-gnu-gcov-dump-12|777|root|root|-
/usr/bin/gcov-tool|symlink|gcov-tool-12|777|root|root|-
/usr/bin/gcov-tool-12|symlink|x86_64-linux-gnu-gcov-tool-12|777|root|root|-
/usr/bin/gcr-viewer|application/x-pie-executable|-rwxr-xr-x|755|root|root|b59f2337665ff613fde95d5dc34ec9b4
/usr/bin/gdbus|application/x-pie-executable|-rwxr-xr-x|755|root|root|722db6d6fda81428398b49fadb3bbb41
/usr/bin/gdialog|text/x-perl|-rwxr-xr-x|755|root|root|b69e6a8eabfb134d288612ccf45b8608
/usr/bin/gdk-pixbuf-csource|application/x-pie-executable|-rwxr-xr-x|755|root|root|a4f99d61a1612f12fb5c13d41d8e828f
/usr/bin/gdk-pixbuf-pixdata|application/x-pie-executable|-rwxr-xr-x|755|root|root|06aade8d9cb3deb52f2594178cd29f66
/usr/bin/gdk-pixbuf-thumbnailer|application/x-pie-executable|-rwxr-xr-x|755|root|root|9c449441199c7db6e0fbb0e945f087ba
/usr/bin/gedit|application/x-pie-executable|-rwxr-xr-x|755|root|root|1a48d0ae9d4a015c3e886027f66f1fd9
/usr/bin/gencat|application/x-pie-executable|-rwxr-xr-x|755|root|root|3067a49412ea8632fa77de69ba98784e
/usr/bin/genisoimage|application/x-pie-executable|-rwxr-xr-x|755|root|root|8c61cdfa600a915c2c0d22aadf0d0a82
/usr/bin/geod|application/x-pie-executable|-rwxr-xr-x|755|root|root|8824a952c4f837cadc4b07c7c75ce3be
/usr/bin/geqn|symlink|eqn|777|root|root|-
/usr/bin/GET|symlink|lwp-request|777|root|root|-
/usr/bin/getconf|application/x-pie-executable|-rwxr-xr-x|755|root|root|49da71782ffb3dee69218e097db522e8
/usr/bin/geteltorito|text/x-perl|-rwxr-xr-x|755|root|root|cf665224ddefcdd7b5415a69abca735f
/usr/bin/getent|application/x-pie-executable|-rwxr-xr-x|755|root|root|5bac31d2044736ad1f7ab4f31cf84334
/usr/bin/getfacl|application/x-pie-executable|-rwxr-xr-x|755|root|root|6a260d456769adba6fea8e8fdf0e9f5f
/usr/bin/getkeycodes|application/x-pie-executable|-rwxr-xr-x|755|root|root|3a694f987bbc36a842022c6ef48e8153
/usr/bin/getopt|application/x-pie-executable|-rwxr-xr-x|755|root|root|eef457620c2f5f2128ce4e99d32d7fcd
/usr/bin/gettext|application/x-pie-executable|-rwxr-xr-x|755|root|root|65b7f91c1b8b201acee86c1492bf3221
/usr/bin/gettextize|text/x-shellscript|-rwxr-xr-x|755|root|root|c5c6f2643d307c7c60fba929715b826c
/usr/bin/gettext.sh|text/x-shellscript|-rwxr-xr-x|755|root|root|141821d75678d2bec4a1b14054a0c2b4
/usr/bin/gfix|application/x-pie-executable|-rwxr-xr-x|755|root|root|902d00c9c4574ee91dd8a6ec5e54eb79
/usr/bin/ghostscript|symlink|gs|777|root|root|-
/usr/bin/gie|application/x-pie-executable|-rwxr-xr-x|755|root|root|ee1ce686d272d9baeb2985ba2fc164d2
/usr/bin/gimp|symlink|gimp-2.10|777|root|root|-
/usr/bin/gimp-2.10|application/x-pie-executable|-rwxr-xr-x|755|root|root|df5474e184fdf4a5c6fa174176d14387
/usr/bin/gimp-console|symlink|gimp-console-2.10|777|root|root|-
/usr/bin/gimp-console-2.10|application/x-pie-executable|-rwxr-xr-x|755|root|root|39dc3f402588869e683bfaa60c808352
/usr/bin/gimp-test-clipboard-2.0|application/x-pie-executable|-rwxr-xr-x|755|root|root|d1cf41c1bd1f35703c86d5bc8f3c1e25
/usr/bin/gio|application/x-pie-executable|-rwxr-xr-x|755|root|root|16628a44b8c76efe1a6e27afa788277e
/usr/bin/gio-querymodules|symlink|../lib/x86_64-linux-gnu/glib-2.0/gio-querymodules|777|root|root|-
/usr/bin/gipddecode|application/x-pie-executable|-rwxr-xr-x|755|root|root|4f5a09987699c82386aea6adc14079e6
/usr/bin/gkbd-keyboard-display|application/x-pie-executable|-rwxr-xr-x|755|root|root|83d87bc0a6838d93753b75f52a13da75
/usr/bin/glib-compile-schemas|symlink|../lib/x86_64-linux-gnu/glib-2.0/glib-compile-schemas|777|root|root|-
/usr/bin/glxdemo|symlink|glxdemo.x86_64-linux-gnu|777|root|root|-
/usr/bin/glxdemo.x86_64-linux-gnu|application/x-pie-executable|-rwxr-xr-x|755|root|root|88d406876ce018f506ce900c182eb197
/usr/bin/glxgears|symlink|glxgears.x86_64-linux-gnu|777|root|root|-
/usr/bin/glxgears.x86_64-linux-gnu|application/x-pie-executable|-rwxr-xr-x|755|root|root|e6f7e7758bcd9be758ad1465e727f588
/usr/bin/glxheads|symlink|glxheads.x86_64-linux-gnu|777|root|root|-
/usr/bin/glxheads.x86_64-linux-gnu|application/x-pie-executable|-rwxr-xr-x|755|root|root|463c3113fad720e02615c83e5143e9b7
/usr/bin/glxinfo|symlink|glxinfo.x86_64-linux-gnu|777|root|root|-
/usr/bin/glxinfo.x86_64-linux-gnu|application/x-pie-executable|-rwxr-xr-x|755|root|root|44406add5a086a34593c0506aff3a078
/usr/bin/gmake|symlink|make|777|root|root|-
/usr/bin/gml2gv|application/x-pie-executable|-rwxr-xr-x|755|root|root|80d6647dfb74781fab34afd8cb619c8e
/usr/bin/gnome-boxes|application/x-pie-executable|-rwxr-xr-x|755|root|root|033e28608b7dfc840e32aa7972650178
/usr/bin/gnome-calculator|application/x-pie-executable|-rwxr-xr-x|755|root|root|cd98ec4c5c4e66db95c5c311c40dfce4
/usr/bin/gnome-disk-image-mounter|application/x-pie-executable|-rwxr-xr-x|755|root|root|8ea7c719071b9b8a9a31661ad507bb0f
/usr/bin/gnome-disks|application/x-pie-executable|-rwxr-xr-x|755|root|root|db395e8b30821704b0aae9bda912f62f
/usr/bin/gnome-help|symlink|yelp|777|root|root|-
/usr/bin/gnome-keyring|symlink|gnome-keyring-3|777|root|root|-
/usr/bin/gnome-keyring-3|application/x-pie-executable|-rwxr-xr-x|755|root|root|5546861dc5c080630862e7daf00b352e
/usr/bin/gnome-keyring-daemon|application/x-pie-executable|-rwxr-xr-x|755|root|root|3f7e29ad034f5ced67553cc36637fe49
/usr/bin/gnome-screenshot|application/x-pie-executable|-rwxr-xr-x|755|root|root|4b337de2c6474cdddb765cc6ba75eef7
/usr/bin/gnome-system-monitor|application/x-pie-executable|-rwxr-xr-x|755|root|root|eb66ccc4c77db2527dad3e28325f836d
/usr/bin/gnome-terminal|application/x-pie-executable|-rwxr-xr-x|755|root|root|e1a5bbfcfd10d3dff448de76f08a60dd
/usr/bin/gnome-terminal.wrapper|text/x-perl|-rwxr-xr-x|755|root|root|6004defa48165611825be22c280512ca
/usr/bin/gnome-text-editor|symlink|/etc/alternatives/gnome-text-editor|777|root|root|-
/usr/bin/gnome-www-browser|symlink|/etc/alternatives/gnome-www-browser|777|root|root|-
/usr/bin/gnutls-cli|application/x-pie-executable|-rwxr-xr-x|755|root|root|1b402ce26bf0652a4017fa5fabd5a8fd
/usr/bin/gnutls-cli-debug|application/x-pie-executable|-rwxr-xr-x|755|root|root|4f67ac02d47e450d87a95072ea331ac3
/usr/bin/gnutls-serv|application/x-pie-executable|-rwxr-xr-x|755|root|root|3b9edf5a6157f08cba0c1a12294abdac
/usr/bin/gold|symlink|x86_64-linux-gnu-gold|777|root|root|-
/usr/bin/google-chrome|symlink|/etc/alternatives/google-chrome|777|root|root|-
/usr/bin/google-chrome-stable|symlink|/opt/google/chrome/google-chrome|777|root|root|-
/usr/bin/gp-archive|symlink|x86_64-linux-gnu-gp-archive|777|root|root|-
/usr/bin/gpasswd|application/x-pie-executable|-rwsr-xr-x|4755|root|root|f80cf8cc8b919d161b610779616239be
/usr/bin/gp-collect-app|symlink|x86_64-linux-gnu-gp-collect-app|777|root|root|-
/usr/bin/gp-display-html|symlink|x86_64-linux-gnu-gp-display-html|777|root|root|-
/usr/bin/gp-display-src|symlink|x86_64-linux-gnu-gp-display-src|777|root|root|-
/usr/bin/gp-display-text|symlink|x86_64-linux-gnu-gp-display-text|777|root|root|-
/usr/bin/gpg|application/x-pie-executable|-rwxr-xr-x|755|root|root|0e991334a515f5385ba6cade3dd7bd65
/usr/bin/gpg-agent|application/x-pie-executable|-rwxr-xr-x|755|root|root|0f24282d6dcb4c3807ff5c396d1559f1
/usr/bin/gpgcompose|application/x-pie-executable|-rwxr-xr-x|755|root|root|0a08d504761b0a4f5e49ec9b0eb4ca68
/usr/bin/gpgconf|application/x-pie-executable|-rwxr-xr-x|755|root|root|cb5772441cc94299f403fae1668e37df
/usr/bin/gpg-connect-agent|application/x-pie-executable|-rwxr-xr-x|755|root|root|44ab4aac852b25ea6e6e6accb77fc0de
/usr/bin/gpgparsemail|application/x-pie-executable|-rwxr-xr-x|755|root|root|b64807daabc1f317e57537e6eb50d6e7
/usr/bin/gpgsm|application/x-pie-executable|-rwxr-xr-x|755|root|root|190a76fd3ace02799fedcd7b5e9eef32
/usr/bin/gpgsplit|application/x-pie-executable|-rwxr-xr-x|755|root|root|6d4a30043d15b7b1247711f856116e6a
/usr/bin/gpgtar|application/x-pie-executable|-rwxr-xr-x|755|root|root|6761d26dd39734dab20249bae2dca3b5
/usr/bin/gpgv|application/x-pie-executable|-rwxr-xr-x|755|root|root|215a4afeeafe0a4014260918c137519e
/usr/bin/gpg-wks-server|application/x-pie-executable|-rwxr-xr-x|755|root|root|24471704bc2bdabd81b256852162d8b9
/usr/bin/gpg-zip|text/x-shellscript|-rwxr-xr-x|755|root|root|7d729e54a14e497a1189099b48d0a84e
/usr/bin/gpic|symlink|pic|777|root|root|-
/usr/bin/gpre|application/x-pie-executable|-rwxr-xr-x|755|root|root|38d965f2c8a6ff3b60ef43a3234988eb
/usr/bin/gprof|symlink|x86_64-linux-gnu-gprof|777|root|root|-
/usr/bin/gprofng|symlink|x86_64-linux-gnu-gprofng|777|root|root|-
/usr/bin/graphml2gv|application/x-pie-executable|-rwxr-xr-x|755|root|root|c64c3d379964e7e90e54fa9fbd338982
/usr/bin/grep|application/x-pie-executable|-rwxr-xr-x|755|root|root|9044f3a43fb79a597c5e489b207fdd36
/usr/bin/gresource|application/x-pie-executable|-rwxr-xr-x|755|root|root|a1a36d7e78e11196aa062ec0ea22b6c6
/usr/bin/groff|application/x-pie-executable|-rwxr-xr-x|755|root|root|475cf860aea7cdbb29dfd17366039733
/usr/bin/grog|text/x-perl|-rwxr-xr-x|755|root|root|caad0fe09d4a134d1aa695db78ad0b9a
/usr/bin/grops|application/x-pie-executable|-rwxr-xr-x|755|root|root|5dd7c8b9bfb479261c81f5aaf7d1770d
/usr/bin/grotty|application/x-pie-executable|-rwxr-xr-x|755|root|root|1ead9c1dc1451335fa0b5b92bbaa4dcc
/usr/bin/groups|application/x-pie-executable|-rwxr-xr-x|755|root|root|9fd1559a3d8959bfcdd67b9f30079855
/usr/bin/grub-editenv|application/x-pie-executable|-rwxr-xr-x|755|root|root|31f34f8fa6441e3ca12e75271ec254d4
/usr/bin/grub-file|application/x-pie-executable|-rwxr-xr-x|755|root|root|0ce971bed2e7d041232fdac52b107f08
/usr/bin/grub-fstest|application/x-pie-executable|-rwxr-xr-x|755|root|root|327f610c79eb184a9c74c99966bebfbc
/usr/bin/grub-glue-efi|application/x-pie-executable|-rwxr-xr-x|755|root|root|2bc0790734549d6c195b027945804494
/usr/bin/grub-kbdcomp|text/x-shellscript|-rwxr-xr-x|755|root|root|abc4c94aac897d0756b71589b8b2950a
/usr/bin/grub-menulst2cfg|application/x-pie-executable|-rwxr-xr-x|755|root|root|cc961484ff96b342490d34fe7b7005e7
/usr/bin/grub-mkfont|application/x-pie-executable|-rwxr-xr-x|755|root|root|deb97a2d1fa68448f01f6f1290960194
/usr/bin/grub-mkimage|application/x-pie-executable|-rwxr-xr-x|755|root|root|c4a4440b9782aa924da1d4d32e7c0057
/usr/bin/grub-mklayout|application/x-pie-executable|-rwxr-xr-x|755|root|root|e84aa8340a9f5026293c767eda2ed5fd
/usr/bin/grub-mknetdir|application/x-pie-executable|-rwxr-xr-x|755|root|root|20f31a905d0e70ef5b87bc469262b2a1
/usr/bin/grub-mkpasswd-pbkdf2|application/x-pie-executable|-rwxr-xr-x|755|root|root|bb70c4e59641a8443320aff6433b23f8
/usr/bin/grub-mkrelpath|application/x-pie-executable|-rwxr-xr-x|755|root|root|347bced57facc15026af47c9e58f07e6
/usr/bin/grub-mkrescue|application/x-pie-executable|-rwxr-xr-x|755|root|root|453e0e10cdb75a3793d4d53200e383fe
/usr/bin/grub-mkstandalone|application/x-pie-executable|-rwxr-xr-x|755|root|root|ff1ab8c3cdfc2bcaaa54e49d10eb750f
/usr/bin/grub-mount|application/x-pie-executable|-rwxr-xr-x|755|root|root|8e1c06e5de03081aafc54f384a6563a6
/usr/bin/grub-reinstall|text/x-shellscript|-rwxr-xr-x|755|root|root|3732142a41fd5996edbc88aac7956187
/usr/bin/grub-render-label|application/x-pie-executable|-rwxr-xr-x|755|root|root|71f5d497ebb8b6b6da3fab9a0b140ad8
/usr/bin/grub-script-check|application/x-pie-executable|-rwxr-xr-x|755|root|root|87399fbcb7c20f485e696d2f63a92ba6
/usr/bin/grub-syslinux2cfg|application/x-pie-executable|-rwxr-xr-x|755|root|root|a653dc131fd5006229a24c7bf6e33be7
/usr/bin/gs|application/x-pie-executable|-rwxr-xr-x|755|root|root|fe8b96aeb795ca17ae17dce2038c817d
/usr/bin/gsbj|text/x-shellscript|-rwxr-xr-x|755|root|root|3e0f1fb7057a72d723ddd3dad21fbfe1
/usr/bin/gsdj|text/x-shellscript|-rwxr-xr-x|755|root|root|ffe979c954587f9807e99751cb971b2c
/usr/bin/gsdj500|text/x-shellscript|-rwxr-xr-x|755|root|root|925912183b9f5501ccbab61b3daec875
/usr/bin/gsec|application/x-pie-executable|-rwxr-xr-x|755|root|root|cf920d587e7a384905ee73c8121e7aa5
/usr/bin/gsettings|application/x-pie-executable|-rwxr-xr-x|755|root|root|b3be7d4f4365050bdda9c61fb071bae6
/usr/bin/gslj|text/x-shellscript|-rwxr-xr-x|755|root|root|4c7b5857db3f1c52a07d5feda1370107
/usr/bin/gslp|text/x-shellscript|-rwxr-xr-x|755|root|root|3bc5dfaf7525c2d7fceec5db6165d326
/usr/bin/gsnd|text/x-shellscript|-rwxr-xr-x|755|root|root|711b0bd8eb0a06bdd9c0540e9c9445eb
/usr/bin/gtbl|symlink|tbl|777|root|root|-
/usr/bin/gtf|application/x-pie-executable|-rwxr-xr-x|755|root|root|b40166c20cbf00e835d406a04cbd9587
/usr/bin/gtk4-broadwayd|application/x-pie-executable|-rwxr-xr-x|755|root|root|176eabe93fabe9fedff5793d434567d1
/usr/bin/gtk4-builder-tool|application/x-pie-executable|-rwxr-xr-x|755|root|root|e9bd6281b987527f1517ee475653a4f2
/usr/bin/gtk4-encode-symbolic-svg|application/x-pie-executable|-rwxr-xr-x|755|root|root|f7355190324516ca966e9a36d6177cb6
/usr/bin/gtk4-launch|application/x-pie-executable|-rwxr-xr-x|755|root|root|ced7ac941c3123f192bf3f336c9dc358
/usr/bin/gtk4-query-settings|application/x-pie-executable|-rwxr-xr-x|755|root|root|09bd7e0f5ca50abfbfc4f44abe942175
/usr/bin/gtk4-update-icon-cache|application/x-pie-executable|-rwxr-xr-x|755|root|root|6f5145206c51a4c28953aa3b6ee81128
/usr/bin/gtk-builder-tool|application/x-pie-executable|-rwxr-xr-x|755|root|root|53bcb3b628fe22d2f53d623ba8e65ba9
/usr/bin/gtk-encode-symbolic-svg|application/x-pie-executable|-rwxr-xr-x|755|root|root|cf71acd673703d393754fb3bec7aeed2
/usr/bin/gtk-launch|application/x-pie-executable|-rwxr-xr-x|755|root|root|2711fe18c2e146449a78908f30d39187
/usr/bin/gtk-query-settings|application/x-pie-executable|-rwxr-xr-x|755|root|root|8d61fc391eb0925fe18ec1776b635249
/usr/bin/gtk-update-icon-cache|application/x-pie-executable|-rwxr-xr-x|755|root|root|8b5c0d5d5215627b512195a870e20e87
/usr/bin/gts2dxf|application/x-pie-executable|-rwxr-xr-x|755|root|root|018745b5d47b0269b06cab150198d752
/usr/bin/gts2oogl|application/x-pie-executable|-rwxr-xr-x|755|root|root|0cd0817957f161882d560546623f4395
/usr/bin/gts2stl|application/x-pie-executable|-rwxr-xr-x|755|root|root|7535bd18d2283681ff03b65416e38456
/usr/bin/gts2xyz|application/x-pie-executable|-rwxr-xr-x|755|root|root|fe08d40226127fd945635a8075d00e62
/usr/bin/gtscheck|application/x-pie-executable|-rwxr-xr-x|755|root|root|9715da1ed80f71f74e56fbed66aa4fd6
/usr/bin/gtscompare|application/x-pie-executable|-rwxr-xr-x|755|root|root|f65e1f487c496124ae1a255b1ef022bf
/usr/bin/gts-config|text/x-shellscript|-rwxr-xr-x|755|root|root|c7e8a0781cdba2dc1ff3f3604365e73a
/usr/bin/gtstemplate|text/x-shellscript|-rwxr-xr-x|755|root|root|1fe6514d7d9475756320f20ab54ade2f
/usr/bin/gunzip|text/x-shellscript|-rwxr-xr-x|755|root|root|f1c94a9ff82904934a5269edbc8356ec
/usr/bin/gv2gml|application/x-pie-executable|-rwxr-xr-x|755|root|root|93d88f5e18fe8fb2318b2ede8262475b
/usr/bin/gv2gxl|symlink|gxl2gv|777|root|root|-
/usr/bin/gvcolor|application/x-pie-executable|-rwxr-xr-x|755|root|root|f8acc0df61208316214da087975f81d9
/usr/bin/gvgen|application/x-pie-executable|-rwxr-xr-x|755|root|root|04ecef02b82bcee0f3a370f10ad99bae
/usr/bin/gvmap|application/x-pie-executable|-rwxr-xr-x|755|root|root|46625adcfde0198c36b0033fc7a11521
/usr/bin/gvmap.sh|text/x-shellscript|-rwxr-xr-x|755|root|root|e160f26ecf2cde3da62bd6a5d8800bf5
/usr/bin/gvpack|application/x-pie-executable|-rwxr-xr-x|755|root|root|b282b38855dccb2c31dfc0cab67990e5
/usr/bin/gvpr|application/x-pie-executable|-rwxr-xr-x|755|root|root|c7a6745e16d7d28d1ad5361eb58cc71f
/usr/bin/gwenview|application/x-pie-executable|-rwxr-xr-x|755|root|root|0e41bc4ca7300e728ede7360d6a0b229
/usr/bin/gwenview_importer|application/x-pie-executable|-rwxr-xr-x|755|root|root|1b1a34f586fa25b9ac1b0a4243bab96f
/usr/bin/gxl2dot|symlink|gxl2gv|777|root|root|-
/usr/bin/gxl2gv|application/x-pie-executable|-rwxr-xr-x|755|root|root|e48e12ab3ef55cc48908f0ab6a152811
/usr/bin/gzexe|text/x-shellscript|-rwxr-xr-x|755|root|root|9ede9e20fdee2e757019cba41d9e9d10
/usr/bin/gzip|application/x-pie-executable|-rwxr-xr-x|755|root|root|4b7aad10291e9314b8c56686cbac070c
/usr/bin/h2ph|text/x-perl|-rwxr-xr-x|755|root|root|c04f0dbcc35b0b4043ebe3baa30200b7
/usr/bin/h2xs|text/x-perl|-rwxr-xr-x|755|root|root|6eab18cf5ee2284b616c868b042e5ebd
/usr/bin/hardlink|application/x-pie-executable|-rwxr-xr-x|755|root|root|24b4aa3938debdca332fd806a29e8997
/usr/bin/hbpldecode|application/x-pie-executable|-rwxr-xr-x|755|root|root|1bcacf929e9ab95c6b10d9c319027064
/usr/bin/hciattach|application/x-pie-executable|-rwxr-xr-x|755|root|root|db797635d86d791003f65b4624e31110
/usr/bin/hciconfig|application/x-pie-executable|-rwxr-xr-x|755|root|root|758602f285ffa31ab5be541c7b9afe2f
/usr/bin/hcitool|application/x-pie-executable|-rwxr-xr-x|755|root|root|b7eb2a394524ae17b8de25a7fbdc7c0b
/usr/bin/hd|symlink|hexdump|777|root|root|-
/usr/bin/HEAD|symlink|lwp-request|777|root|root|-
/usr/bin/head|application/x-pie-executable|-rwxr-xr-x|755|root|root|ef30f5ee62ba71d373af486fc3119d78
/usr/bin/helpztags|text/x-perl|-rwxr-xr-x|755|root|root|5166edabc4f3be65c72b069a7415b6c1
/usr/bin/hex2hcd|application/x-pie-executable|-rwxr-xr-x|755|root|root|ab4bb583926477bbf4ce6066bb48fb86
/usr/bin/hexdump|application/x-pie-executable|-rwxr-xr-x|755|root|root|642aaf2636e7c03ca3a636a9ee387b0f
/usr/bin/hipercdecode|application/x-pie-executable|-rwxr-xr-x|755|root|root|495a62201b929f69d823a2e7e2a4f8cc
/usr/bin/host|application/x-pie-executable|-rwxr-xr-x|755|root|root|41e09814bddfc3e82bb9e2ac69eee618
/usr/bin/hostid|application/x-pie-executable|-rwxr-xr-x|755|root|root|3d28e190ef5f9e0229cfe40b92381931
/usr/bin/hostname|application/x-pie-executable|-rwxr-xr-x|755|root|root|84663f46a29817d9b0641f960a551cdb
/usr/bin/hostnamectl|application/x-pie-executable|-rwxr-xr-x|755|root|root|7cd06d3303c5efc8468936f02030b087
/usr/bin/html2text|application/x-pie-executable|-rwxr-xr-x|755|root|root|baa5d51d39febf6c2d2b2a5a1cfe5e6c
/usr/bin/i386|symlink|setarch|777|root|root|-
/usr/bin/iceauth|application/x-pie-executable|-rwxr-xr-x|755|root|root|f5618aaa79f827c17cc969e7a92fd3fc
/usr/bin/ico|application/x-pie-executable|-rwxr-xr-x|755|root|root|08d27dcf018609bcc0d1ffb02d90d17e
/usr/bin/iconv|application/x-pie-executable|-rwxr-xr-x|755|root|root|c07c6585377bc0cb398b435ecb77d42a
/usr/bin/id|application/x-pie-executable|-rwxr-xr-x|755|root|root|5a2ca6d0a7cffd7d5df8b4617beb9e43
/usr/bin/id3|application/x-pie-executable|-rwxr-xr-x|755|root|root|bd83c4dab249df9d024e16de97d409a9
/usr/bin/iecset|application/x-pie-executable|-rwxr-xr-x|755|root|root|1a01f720ac5be53590e46a94c6f0bb0f
/usr/bin/ijs_pxljr|application/x-pie-executable|-rwxr-xr-x|755|root|root|94f2c2aaa340b38576771225d066f033
/usr/bin/indi_dsi_ccd|application/x-pie-executable|-rwxr-xr-x|755|root|root|569f21c61143217cf2bc203c4fc27e62
/usr/bin/inetutils-telnet|application/x-pie-executable|-rwxr-xr-x|755|root|root|62bd81c9540041f3759ef9c12fb72679
/usr/bin/infocmp|application/x-pie-executable|-rwxr-xr-x|755|root|root|73de2914983d2d6d3f411ba931557af7
/usr/bin/infotocap|symlink|tic|777|root|root|-
/usr/bin/install|application/x-pie-executable|-rwxr-xr-x|755|root|root|a21d765038f77f69d324d3da05d9d116
/usr/bin/install-printerdriver|text/x-shellscript|-rwxr-xr-x|755|root|root|96721149e41a5dc21f43ac142632cc60
/usr/bin/instmodsh|text/x-perl|-rwxr-xr-x|755|root|root|0cd9b283a45e73c472309dcf036e4ca2
/usr/bin/intel-virtual-output|application/x-pie-executable|-rwxr-xr-x|755|root|root|cbb552ebbfa5af1b9e49a6126a3d1818
/usr/bin/invgeod|symlink|geod|777|root|root|-
/usr/bin/invproj|symlink|proj|777|root|root|-
/usr/bin/inxi|text/x-perl|-rwxr-xr-x|755|root|root|95933be5e62a6484c1d61878d8590cdc
/usr/bin/ionice|application/x-pie-executable|-rwxr-xr-x|755|root|root|3cdac158c9325343e646a6c7ca4f6402
/usr/bin/ip|application/x-pie-executable|-rwxr-xr-x|755|root|root|3b7f2ca18247c3b2ecba344246fb3a85
/usr/bin/ipcmk|application/x-pie-executable|-rwxr-xr-x|755|root|root|644f461a2f5900d320fec97a1fd964d3
/usr/bin/ipcrm|application/x-pie-executable|-rwxr-xr-x|755|root|root|aefd60be36554402990bb2183b2de5cf
/usr/bin/ipcs|application/x-pie-executable|-rwxr-xr-x|755|root|root|6d71c054f44280c16d7e9cd90f152944
/usr/bin/ippfind|application/x-pie-executable|-rwxr-xr-x|755|root|root|8ead629d0970dde59825c8ced9b12777
/usr/bin/ipptool|application/x-pie-executable|-rwxr-xr-x|755|root|root|1ffaab5ff18d10f1ec2f031cdd69a79a
/usr/bin/ischroot|application/x-pie-executable|-rwxr-xr-x|755|root|root|385ec708cb6c1caba40018aad7c8e446
/usr/bin/isdv4-serial-debugger|application/x-pie-executable|-rwxr-xr-x|755|root|root|89caa76621d6d701181474909b27336b
/usr/bin/isdv4-serial-inputattach|application/x-pie-executable|-rwxr-xr-x|755|root|root|0891e501a74c510e2827c45aba17c904
/usr/bin/isodump|application/x-pie-executable|-rwxr-xr-x|755|root|root|d79c088fba57ec2bd899196207d0d5c3
/usr/bin/isoinfo|application/x-pie-executable|-rwxr-xr-x|755|root|root|3f42bbd7bc80fecd3b2eacc829e12270
/usr/bin/isovfy|application/x-pie-executable|-rwxr-xr-x|755|root|root|ea14121873dd828209b3412a84e20f0e
/usr/bin/ispell-wrapper|text/x-perl|-rwxr-xr-x|755|root|root|6341ec43e55b2fce52600d5bfc6b9649
/usr/bin/isql-fb|application/x-pie-executable|-rwxr-xr-x|755|root|root|e225488f80acd35fab1923a4f48fc91f
/usr/bin/isympy|text/x-script.python|-rwxr-xr-x|755|root|root|eee1ceb0569499fbc4f7f4e334e66193
/usr/bin/isympy3|text/x-shellscript|-rwxr-xr-x|755|root|root|369a71423985f4c5de8dc5fea4e65e2b
/usr/bin/java|symlink|/etc/alternatives/java|777|root|root|-
/usr/bin/jexec|symlink|/etc/alternatives/jexec|777|root|root|-
/usr/bin/join|application/x-pie-executable|-rwxr-xr-x|755|root|root|9b5dc4a5a3b13a9a40b90f4d0c4aa8ac
/usr/bin/journalctl|application/x-pie-executable|-rwxr-xr-x|755|root|root|6b4a7f729b1055ece27d7d7d46a4bef2
/usr/bin/jpackage|symlink|/etc/alternatives/jpackage|777|root|root|-
/usr/bin/jpgicc|application/x-pie-executable|-rwxr-xr-x|755|root|root|4d27af61ccee8154e98edaa12acc8bf5
/usr/bin/json_pp|text/x-perl|-rwxr-xr-x|755|root|root|db4e053ef06dca48f83d9b6760419f8d
/usr/bin/JxrDecApp|application/x-pie-executable|-rwxr-xr-x|755|root|root|7e9406c62cc3237bc13f9be62745e5e1
/usr/bin/JxrEncApp|application/x-pie-executable|-rwxr-xr-x|755|root|root|48befa8362ee70c156da1cbaada51f6f
/usr/bin/kbdinfo|application/x-pie-executable|-rwxr-xr-x|755|root|root|d944c78e8d8c45e5f95cf55bf95cf8b3
/usr/bin/kbd_mode|application/x-pie-executable|-rwxr-xr-x|755|root|root|aef110c4576f69dd98f672808d76542b
/usr/bin/kbuildsycoca5|application/x-pie-executable|-rwxr-xr-x|755|root|root|de11f4b1bd7d7e1b69f0baf1f78debb4
/usr/bin/kbxutil|application/x-pie-executable|-rwxr-xr-x|755|root|root|29b95eb223ebb538ae262b2f8bfa9a5a
/usr/bin/kcookiejar5|application/x-pie-executable|-rwxr-xr-x|755|root|root|4478b56d52984428682c57e78486ae6e
/usr/bin/kded5|application/x-pie-executable|-rwxr-xr-x|755|root|root|abb417fe58ec6702c9578629d2bf1dfc
/usr/bin/kdeinit5|application/x-pie-executable|-rwxr-xr-x|755|root|root|2181e1bec0751dfa379bd8421333d2f6
/usr/bin/kdeinit5_shutdown|application/x-pie-executable|-rwxr-xr-x|755|root|root|92656180f1f1d66e6692012624ea4fe3
/usr/bin/kdeinit5_wrapper|application/x-pie-executable|-rwxr-xr-x|755|root|root|8b1a7b7992929243642e1d8d5d360dec
/usr/bin/kernel-install|text/x-shellscript|-rwxr-xr-x|755|root|root|5d8c01febc06d86c13c7c3b33d5ae171
/usr/bin/keytool|symlink|/etc/alternatives/keytool|777|root|root|-
/usr/bin/kglobalaccel5|application/x-pie-executable|-rwxr-xr-x|755|root|root|c4df580ac9df80389a760841f869eced
/usr/bin/kill|application/x-pie-executable|-rwxr-xr-x|755|root|root|084b792d4feec28e1733fc37be994182
/usr/bin/killall|application/x-pie-executable|-rwxr-xr-x|755|root|root|44b93c649f51cefbca2fbdfb0cf7c4ab
/usr/bin/kmod|application/x-pie-executable|-rwxr-xr-x|755|root|root|794475db6f9e7a5501f6c2ef70a650a4
/usr/bin/kpackagetool5|application/x-pie-executable|-rwxr-xr-x|755|root|root|8973d536be271d0d33e4e2928a3b905c
/usr/bin/kshell5|application/x-pie-executable|-rwxr-xr-x|755|root|root|d506e0b8dc0b0e7d8ccd4ad23ed0fa68
/usr/bin/ktelnetservice5|application/x-pie-executable|-rwxr-xr-x|755|root|root|eeff5d5e6a5891252a9707ba63bf3ce2
/usr/bin/ktrash5|application/x-pie-executable|-rwxr-xr-x|755|root|root|2a1d8e7e55f40ce3414d0fabc3ac6c0a
/usr/bin/kvm|symlink|qemu-system-x86_64|777|root|root|-
/usr/bin/kwalletd5|application/x-pie-executable|-rwxr-xr-x|755|root|root|70f8b4c572f6c2efe5f61edf5d243e0b
/usr/bin/kwallet-query|application/x-pie-executable|-rwxr-xr-x|755|root|root|1a08f8fefc43c9d61ec8ee6f01dd8f4f
/usr/bin/kwrapper5|application/x-pie-executable|-rwxr-xr-x|755|root|root|d848b09839152b18b6cb2cc0df271ce7
/usr/bin/l2ping|application/x-pie-executable|-rwxr-xr-x|755|root|root|8cbea4459fc86da5773eec6f8119fd4f
/usr/bin/l2test|application/x-pie-executable|-rwxr-xr-x|755|root|root|6e2123dd3b250dcd4ed3aa7b04d70a4a
/usr/bin/last|application/x-pie-executable|-rwxr-xr-x|755|root|root|70b3c92ed4388d0fb5346a9a5a3294cb
/usr/bin/lastb|symlink|last|777|root|root|-
/usr/bin/lastlog|application/x-pie-executable|-rwxr-xr-x|755|root|root|bc4f5a232d4478f4ec1f2bfd596b7b22
/usr/bin/lavadecode|application/x-pie-executable|-rwxr-xr-x|755|root|root|32ada83f376b9b4517707a83d7de8a85
/usr/bin/lcf|text/x-shellscript|-rwxr-xr-x|755|root|root|20345de8ca19c1e0b3d21af2f054ca60
/usr/bin/lconvert|symlink|qtchooser|777|root|root|-
/usr/bin/ld|symlink|x86_64-linux-gnu-ld|777|root|root|-
/usr/bin/ld.bfd|symlink|x86_64-linux-gnu-ld.bfd|777|root|root|-
/usr/bin/ldd|text/x-shellscript|-rwxr-xr-x|755|root|root|88a2a6191f07c94322f16ab6b54dc259
/usr/bin/ld.gold|symlink|x86_64-linux-gnu-ld.gold|777|root|root|-
/usr/bin/ld.so|symlink|/lib64/ld-linux-x86-64.so.2|777|root|root|-
/usr/bin/lefty|application/x-pie-executable|-rwxr-xr-x|755|root|root|276d5add970578defc6405bac4b86130
/usr/bin/less|application/x-pie-executable|-rwxr-xr-x|755|root|root|81b1a61e7952e37fd2c4663fad8a9c96
/usr/bin/lessecho|application/x-pie-executable|-rwxr-xr-x|755|root|root|2e6ec43a2f948cb8c850edb182855040
/usr/bin/lessfile|symlink|lesspipe|777|root|root|-
/usr/bin/lesskey|application/x-pie-executable|-rwxr-xr-x|755|root|root|92d60778b64605b87419cd2cebec7c62
/usr/bin/lesspipe|text/x-shellscript|-rwxr-xr-x|755|root|root|51313d822665ed76ff1bccb8874e8724
/usr/bin/lexgrog|application/x-pie-executable|-rwxr-xr-x|755|root|root|bc83b2cba5c43f32fd1d81c7e6a3f10e
/usr/bin/lft|symlink|/etc/alternatives/lft|777|root|root|-
/usr/bin/lft.db|text/x-shellscript|-rwxr-xr-x|755|root|root|e451e1149883e5a0f0066667ab062bc7
/usr/bin/libnetcfg|text/x-perl|-rwxr-xr-x|755|root|root|15cfc257e3c2d68cab8ed3379f85be0a
/usr/bin/libreoffice|symlink|../lib/libreoffice/program/soffice|777|root|root|-
/usr/bin/light-locker|application/x-pie-executable|-rwxr-xr-x|755|root|root|0d52113d0b927e78f22aa0d79db846f1
/usr/bin/light-locker-command|application/x-pie-executable|-rwxr-xr-x|755|root|root|92aa32e0c1b014da7ea4b9ce9de5df20
/usr/bin/linguist|symlink|qtchooser|777|root|root|-
/usr/bin/link|application/x-pie-executable|-rwxr-xr-x|755|root|root|ec58606891bf7b2cfdd6ddefffeda76e
/usr/bin/linkicc|application/x-pie-executable|-rwxr-xr-x|755|root|root|83596122f625416a96d4253b4fa504e6
/usr/bin/linux32|symlink|setarch|777|root|root|-
/usr/bin/linux64|symlink|setarch|777|root|root|-
/usr/bin/linux-boot-prober|text/x-shellscript|-rwxr-xr-x|755|root|root|0108197959fc499ab621c499c8ade83d
/usr/bin/linux-check-removal|text/x-perl|-rwxr-xr-x|755|root|root|b6271a9f4b28b61980166c7c0c11e5a5
/usr/bin/linux-update-symlinks|text/x-perl|-rwxr-xr-x|755|root|root|a714a0496b7bb12f6b9ceb19839f6654
/usr/bin/linux-version|text/x-perl|-rwxr-xr-x|755|root|root|e21c8e49fcce2130ce64c1125d6ddf9d
/usr/bin/listres|application/x-pie-executable|-rwxr-xr-x|755|root|root|0aa0cbdeac585759fc8b9354fa4c2a41
/usr/bin/live-boot|text/x-shellscript|-rwxr-xr-x|755|root|root|3f75dc7609a72ac634c632a6b3a2d4ba
/usr/bin/live-config|text/x-shellscript|-rwxr-xr-x|755|root|root|835df151e93332eea2e7ea2c41330647
/usr/bin/live-config-update|text/x-shellscript|-rwxr-xr-x|755|root|root|04672818f65d88690ace4d5740cc32ad
/usr/bin/live-medium-cache|text/x-shellscript|-rwxr-xr-x|755|root|root|5b16bf87b140e824f0d832cb39479029
/usr/bin/live-medium-eject|text/x-shellscript|-rwxr-xr-x|755|root|root|906536361094c8d45c6fd85e37a324cc
/usr/bin/live-partial-squashfs-updates|text/x-shellscript|-rwxr-xr-x|755|root|root|04e974e95663a80a19f1d75f38946ebb
/usr/bin/live-persistence|text/x-shellscript|-rwxr-xr-x|755|root|root|96070e16c4485275ec479e7537dbdf5d
/usr/bin/live-swapfile|text/x-shellscript|-rwxr-xr-x|755|root|root|48f54c62ecd93974fdffd34034dae228
/usr/bin/live-system|text/x-shellscript|-rwxr-xr-x|755|root|root|8889b6d7df4c30f1e1bd2a6960707df3
/usr/bin/live-toram|text/x-shellscript|-rwxr-xr-x|755|root|root|31fa370798aecbb6b7ed35ada3fff7e2
/usr/bin/live-update-initramfs|text/x-shellscript|-rwxr-xr-x|755|root|root|f2b3660727d1468a5679729daebae1cb
/usr/bin/live-update-initramfs-uuid|text/x-shellscript|-rwxr-xr-x|755|root|root|d9c417e935802a83c861d0ba4926c6c1
/usr/bin/ln|application/x-pie-executable|-rwxr-xr-x|755|root|root|720a4e697b43627748b73e2fe7e628e8
/usr/bin/lneato|text/x-shellscript|-rwxr-xr-x|755|root|root|d4b21b28bf37135af66fdb3ae5d3bf90
/usr/bin/lnstat|application/x-pie-executable|-rwxr-xr-x|755|root|root|8687e2f15574212302bbb318af98b7f6
/usr/bin/loadkeys|application/x-pie-executable|-rwxr-xr-x|755|root|root|e0d601988d408ee4f7d2d4b444612537
/usr/bin/loadunimap|application/x-pie-executable|-rwxr-xr-x|755|root|root|9ac19a43169d0f58dd3e34101f99a387
/usr/bin/lobase|text/x-shellscript|-rwxr-xr-x|755|root|root|85b6061cf881dcb77f4514ce8cc2ccf9
/usr/bin/localc|text/x-shellscript|-rwxr-xr-x|755|root|root|f747a26a82e66f643564ecc3bafdd07a
/usr/bin/locale|application/x-pie-executable|-rwxr-xr-x|755|root|root|d2fc101c1e4a94a3cdc16c8b7486af97
/usr/bin/localectl|application/x-pie-executable|-rwxr-xr-x|755|root|root|e10be95b3826743a20890ac0ce42bbce
/usr/bin/localedef|application/x-pie-executable|-rwxr-xr-x|755|root|root|a46738d2f3f61b04a5dd5315a7322919
/usr/bin/locate|symlink|/etc/alternatives/locate|777|root|root|-
/usr/bin/lodraw|text/x-shellscript|-rwxr-xr-x|755|root|root|2b172e28ba7fc0a8b5015af8e213f5d6
/usr/bin/loffice|text/x-shellscript|-rwxr-xr-x|755|root|root|809f840fd41bd3975c9a6bae77f71f36
/usr/bin/lofromtemplate|text/x-shellscript|-rwxr-xr-x|755|root|root|b1f42f8785f08cbc89a79d088eb2a6bb
/usr/bin/logger|application/x-pie-executable|-rwxr-xr-x|755|root|root|b4d99c80bde0db7fee34827e4c3a5f4c
/usr/bin/login|application/x-pie-executable|-rwxr-xr-x|755|root|root|ba847752a178da3c43dc865736520deb
/usr/bin/loginctl|application/x-pie-executable|-rwxr-xr-x|755|root|root|53cdcf649c5532111b97704c6d68235c
/usr/bin/logname|application/x-pie-executable|-rwxr-xr-x|755|root|root|5e0cfcc574f5c171f2daeb8edc9e5cd8
/usr/bin/loimpress|text/x-shellscript|-rwxr-xr-x|755|root|root|5fac3d9f5b8398ec80a1908c9b2ef4e0
/usr/bin/lomath|text/x-shellscript|-rwxr-xr-x|755|root|root|71c0d623fb28754c8c953d4381047fa7
/usr/bin/look|application/x-pie-executable|-rwxr-xr-x|755|root|root|97844428d470f9ce7875b04848474f71
/usr/bin/loweb|text/x-shellscript|-rwxr-xr-x|755|root|root|6b982250d40eb012206d3c65f27e2506
/usr/bin/lowntfs-3g|application/x-pie-executable|-rwxr-xr-x|755|root|root|a8c989e281c359bf693152fc7d127074
/usr/bin/lowriter|text/x-shellscript|-rwxr-xr-x|755|root|root|bc2f442de7d0c6086801fc4933d4820a
/usr/bin/lp|application/x-pie-executable|-rwxr-xr-x|755|root|root|7278e62d273cd36b62c169ccd243b2d9
/usr/bin/lpoptions|application/x-pie-executable|-rwxr-xr-x|755|root|root|7c3b82d6809ae6c64451fdbed04dd19e
/usr/bin/lp_solve|application/x-pie-executable|-rwxr-xr-x|755|root|root|8187ea6642ba049f662ca367102b242f
/usr/bin/lpstat|application/x-pie-executable|-rwxr-xr-x|755|root|root|5514ec04e450bb4c9ad91ce4be9c5037
/usr/bin/lrelease|symlink|qtchooser|777|root|root|-
/usr/bin/ls|application/x-pie-executable|-rwxr-xr-x|755|root|root|7987cf330ff5bb94015dfbb9eae5a99f
/usr/bin/lsattr|application/x-pie-executable|-rwxr-xr-x|755|root|root|6984f5245cdd1d446c96754c29cbb742
/usr/bin/lsblk|application/x-pie-executable|-rwxr-xr-x|755|root|root|42cbd4dd877425d36a7b34774ee29872
/usr/bin/lsb_release|text/x-shellscript|-rwxr-xr-x|755|root|root|ea9d75d89eb0db5bda8ebe14a102f4d0
/usr/bin/lscpu|application/x-pie-executable|-rwxr-xr-x|755|root|root|04c0f685fc4d8e042a37374e00e268e2
/usr/bin/lsfd|application/x-pie-executable|-rwxr-xr-x|755|root|root|6a4bf5c33b98de9756017e69617275c6
/usr/bin/lsinitramfs|text/x-shellscript|-rwxr-xr-x|755|root|root|a1e8258fa25511217fd16188f72df70d
/usr/bin/lsipc|application/x-pie-executable|-rwxr-xr-x|755|root|root|2b72f4612804079227ed9aaaf87e2d8f
/usr/bin/lsirq|application/x-pie-executable|-rwxr-xr-x|755|root|root|68d3d1e41fd1c63529a2d79701f0903f
/usr/bin/lslocks|application/x-pie-executable|-rwxr-xr-x|755|root|root|bfbbf1e5d37bd345e099f35d050a1d43
/usr/bin/lslogins|application/x-pie-executable|-rwxr-xr-x|755|root|root|2c51743c86d67f74bda4c067433b2b68
/usr/bin/lsmem|application/x-pie-executable|-rwxr-xr-x|755|root|root|d5e5261ca2d868ccc981402d8f7dd08f
/usr/bin/lsmod|symlink|kmod|777|root|root|-
/usr/bin/lsns|application/x-pie-executable|-rwxr-xr-x|755|root|root|31584ddbe873328e440450153f525872
/usr/bin/lsof|application/x-pie-executable|-rwxr-xr-x|755|root|root|5f9375fb7190a05ee09ca9d957016676
/usr/bin/lspci|application/x-pie-executable|-rwxr-xr-x|755|root|root|2054e9710abdf92e37cc3f3ea2e7346c
/usr/bin/lspgpot|text/x-shellscript|-rwxr-xr-x|755|root|root|5330329ffc1f4d5c60ca3fbf3b4f7836
/usr/bin/lsusb|application/x-pie-executable|-rwxr-xr-x|755|root|root|c6d8bc32e77a3ecdb871ecdceda5895b
/usr/bin/lto-dump|symlink|lto-dump-12|777|root|root|-
/usr/bin/lto-dump-12|symlink|x86_64-linux-gnu-lto-dump-12|777|root|root|-
/usr/bin/luit|application/x-pie-executable|-rwxr-xr-x|755|root|root|1562efa0016ceedc29ea602e23f4077d
/usr/bin/lupdate|symlink|qtchooser|777|root|root|-
/usr/bin/lwp-download|text/x-perl|-rwxr-xr-x|755|root|root|10cd1c9367ae8c5a79eb7c72ad8b6226
/usr/bin/lwp-dump|text/x-perl|-rwxr-xr-x|755|root|root|599057e742c1e2ebbc0c68a9082dc41f
/usr/bin/lwp-mirror|text/x-perl|-rwxr-xr-x|755|root|root|c3599a6a564ebdd73c7e323207302cf7
/usr/bin/lwp-request|text/x-perl|-rwxr-xr-x|755|root|root|185bf8df1759ca384e623042344abb60
/usr/bin/lynx|application/x-pie-executable|-rwxr-xr-x|755|root|root|730a13fe145c44e0df3860f2ff8690d7
/usr/bin/lz4|application/x-pie-executable|-rwxr-xr-x|755|root|root|8a345da332429de28d62682d29792e94
/usr/bin/lz4c|symlink|lz4|777|root|root|-
/usr/bin/lz4cat|symlink|lz4|777|root|root|-
/usr/bin/lzcat|symlink|/etc/alternatives/lzcat|777|root|root|-
/usr/bin/lzcmp|symlink|/etc/alternatives/lzcmp|777|root|root|-
/usr/bin/lzdiff|symlink|/etc/alternatives/lzdiff|777|root|root|-
/usr/bin/lzegrep|symlink|/etc/alternatives/lzegrep|777|root|root|-
/usr/bin/lzfgrep|symlink|/etc/alternatives/lzfgrep|777|root|root|-
/usr/bin/lzgrep|symlink|/etc/alternatives/lzgrep|777|root|root|-
/usr/bin/lzless|symlink|/etc/alternatives/lzless|777|root|root|-
/usr/bin/lzma|symlink|/etc/alternatives/lzma|777|root|root|-
/usr/bin/lzmainfo|application/x-pie-executable|-rwxr-xr-x|755|root|root|bd0563ba311ee61023903e956653e507
/usr/bin/lzmore|symlink|/etc/alternatives/lzmore|777|root|root|-
/usr/bin/m2300w|application/x-pie-executable|-rwxr-xr-x|755|root|root|a8594340a502fa53049479f5a120730d
/usr/bin/m2300w-wrapper|text/x-shellscript|-rwxr-xr-x|755|root|root|b76bb54d722f6c9d11313c140447aa99
/usr/bin/m2400w|application/x-pie-executable|-rwxr-xr-x|755|root|root|43a6125303c6c559486f0c494e3b93b2
/usr/bin/make|application/x-pie-executable|-rwxr-xr-x|755|root|root|a370d38c3f5e5787f5d6b910aff13665
/usr/bin/make-first-existing-target|text/x-perl|-rwxr-xr-x|755|root|root|87681438ec4ab7d3a458bf56dacdac7f
/usr/bin/malcontent-client|text/x-script.python|-rwxr-xr-x|755|root|root|ef28f8b8f3fa13e123282afd18d197df
/usr/bin/man|application/x-pie-executable|-rwxr-xr-x|755|root|root|8ff900242aada7520caf40bf353e520e
/usr/bin/mandb|application/x-pie-executable|-rwxr-xr-x|755|root|root|0af1751d629ac4a7b8e991521befea0d
/usr/bin/manpath|application/x-pie-executable|-rwxr-xr-x|755|root|root|3e78723ca7a8ebafadc5a5e6134578dc
/usr/bin/man-recode|application/x-pie-executable|-rwxr-xr-x|755|root|root|76e2189a55bccb3bf0007dee60f8188b
/usr/bin/mapscrn|application/x-pie-executable|-rwxr-xr-x|755|root|root|f3242a5485981430a113fdd7e3d8c164
/usr/bin/mawk|application/x-pie-executable|-rwxr-xr-x|755|root|root|1c32072670f4b5da0e78cdd610f1f09b
/usr/bin/mbimcli|application/x-pie-executable|-rwxr-xr-x|755|root|root|9c42317c4779c4e67b95a7dc36a7c681
/usr/bin/mbim-network|text/x-shellscript|-rwxr-xr-x|755|root|root|103dd1a3305740db5e368dbb5bc5ac04
/usr/bin/mcookie|application/x-pie-executable|-rwxr-xr-x|755|root|root|6f3b9e2ceab7778bc52f77dae88b5a35
/usr/bin/md5sum|application/x-pie-executable|-rwxr-xr-x|755|root|root|84da1678e490fb1bc3183e4aa02aa7cb
/usr/bin/md5sum.textutils|symlink|md5sum|777|root|root|-
/usr/bin/mdig|application/x-pie-executable|-rwxr-xr-x|755|root|root|ae30fefb2de89f949721ebd1598fb126
/usr/bin/memusage|text/x-shellscript|-rwxr-xr-x|755|root|root|9929d33a28514f936fe37843b7c5c149
/usr/bin/memusagestat|application/x-pie-executable|-rwxr-xr-x|755|root|root|52b11a9c4cc7ff2e16f2eeeb92594acb
/usr/bin/mesa-overlay-control.py|text/x-script.python|-rwxr-xr-x|755|root|root|c5c057fc2be1c7a45c90f9b73580a681
/usr/bin/mesg|application/x-pie-executable|-rwxr-xr-x|755|root|root|45de282c4b248d262a84a7e858f86047
/usr/bin/mid3cp|text/x-script.python|-rwxr-xr-x|755|root|root|9a79b407702563ad4f29de32898fff19
/usr/bin/mid3iconv|text/x-script.python|-rwxr-xr-x|755|root|root|5094d321214d2d3c90a5e90f92572786
/usr/bin/mid3v2|text/x-script.python|-rwxr-xr-x|755|root|root|e71985171b6b271dadd615bca920676e
/usr/bin/migrate-pubring-from-classic-gpg|text/x-shellscript|-rwxr-xr-x|755|root|root|e3d4780d6d209e4a014250692362018f
/usr/bin/mimeopen|text/x-perl|-rwxr-xr-x|755|root|root|ac282bcaf9808d95da1dbe56bec97d5b
/usr/bin/mimetype|text/x-perl|-rwxr-xr-x|755|root|root|6c1c9562680de2654ca0c02253997025
/usr/bin/min12xxw|application/x-pie-executable|-rwxr-xr-x|755|root|root|29658ac7af092218f7eefa6778b7c8c1
/usr/bin/mingle|application/x-pie-executable|-rwxr-xr-x|755|root|root|e62f92a502d701a098ccbb0a4f4cb4fa
/usr/bin/mkdir|application/x-pie-executable|-rwxr-xr-x|755|root|root|aa9201e747658fdd2deaec71c60327b1
/usr/bin/mkfifo|application/x-pie-executable|-rwxr-xr-x|755|root|root|8c9a48d5c60759d162797867d079ae95
/usr/bin/mkfontdir|text/x-shellscript|-rwxr-xr-x|755|root|root|afeda1c58c204b18f273f9c2722dce57
/usr/bin/mkfontscale|application/x-pie-executable|-rwxr-xr-x|755|root|root|fee586b1225c67929a14b8eca3fd693f
/usr/bin/mkisofs|symlink|genisoimage|777|root|root|-
/usr/bin/mk_modmap|text/x-shellscript|-rwxr-xr-x|755|root|root|dbd5b650d6d8b579b5678dbc27cbc33e
/usr/bin/mknod|application/x-pie-executable|-rwxr-xr-x|755|root|root|ebb8f8282dc096f1f360ea8ba15ce6f0
/usr/bin/mktemp|application/x-pie-executable|-rwxr-xr-x|755|root|root|7d238b3cd5ee873c8fe87fc80fae4f03
/usr/bin/mkzftree|application/x-pie-executable|-rwxr-xr-x|755|root|root|84fd0aad9dda4c429ecfc78014c2cea7
/usr/bin/mm2gv|application/x-pie-executable|-rwxr-xr-x|755|root|root|25b67eb1c37913194788fac88c68a96a
/usr/bin/mmcli|application/x-pie-executable|-rwxr-xr-x|755|root|root|45e2e861b96144a2a44d6bd4136c1bf8
/usr/bin/moc|symlink|qtchooser|777|root|root|-
/usr/bin/moggsplit|text/x-script.python|-rwxr-xr-x|755|root|root|87a1c8fd991c36ebccb87afe05eb2ce9
/usr/bin/monitor-sensor|application/x-pie-executable|-rwxr-xr-x|755|root|root|d7914cde1a79ed337a84638b6e900ab1
/usr/bin/more|application/x-pie-executable|-rwxr-xr-x|755|root|root|792db406b532cafe1a5bd04508b44db8
/usr/bin/mount|application/x-pie-executable|-rwsr-xr-x|4755|root|root|52453d1608a72fd18c29c189ce9abe46
/usr/bin/mountpoint|application/x-pie-executable|-rwxr-xr-x|755|root|root|973ee5830dbd1f0895aaa7a088c33e51
/usr/bin/mpris-proxy|application/x-pie-executable|-rwxr-xr-x|755|root|root|aa096859cdd32d39615537eb2ad398a5
/usr/bin/mpv|application/x-pie-executable|-rwxr-xr-x|755|root|root|62811a4855b9270c1215020719b468d6
/usr/bin/mscompress|application/x-pie-executable|-rwxr-xr-x|755|root|root|e66b9e62f167d4536a06afa1624536ef
/usr/bin/msexpand|application/x-pie-executable|-rwxr-xr-x|755|root|root|ec196248e940aacb79e99d5bcf8ecd40
/usr/bin/msgattrib|application/x-pie-executable|-rwxr-xr-x|755|root|root|adf1dfd8318fa19f860c3bbcfb290c25
/usr/bin/msgcat|application/x-pie-executable|-rwxr-xr-x|755|root|root|740adf9a75372f5c447007b582502d3a
/usr/bin/msgcmp|application/x-pie-executable|-rwxr-xr-x|755|root|root|40e1b7422277429b31817085c2ed981e
/usr/bin/msgcomm|application/x-pie-executable|-rwxr-xr-x|755|root|root|0d30ad298d6fd78793f8feeebcb5c614
/usr/bin/msgconv|application/x-pie-executable|-rwxr-xr-x|755|root|root|cc288b02a01f6ae39ed689bfbeea5695
/usr/bin/msgen|application/x-pie-executable|-rwxr-xr-x|755|root|root|75aa2b60c160e0f335bf9443f4a3a54b
/usr/bin/msgexec|application/x-pie-executable|-rwxr-xr-x|755|root|root|47f95a90a225256220812242f39c5ed6
/usr/bin/msgfilter|application/x-pie-executable|-rwxr-xr-x|755|root|root|7ff55570cabf4cfb8f7982ad1b8f3301
/usr/bin/msgfmt|application/x-pie-executable|-rwxr-xr-x|755|root|root|42b7cddb53e87c5305659c4817e01afa
/usr/bin/msggrep|application/x-pie-executable|-rwxr-xr-x|755|root|root|f207d1fd0561aaeda9522565ac148012
/usr/bin/msginit|application/x-pie-executable|-rwxr-xr-x|755|root|root|5740c8a486c9d4cbc25fca6aec6dcb81
/usr/bin/msgmerge|application/x-pie-executable|-rwxr-xr-x|755|root|root|c5032ef4e9709fb5f721add1f67edb67
/usr/bin/msgunfmt|application/x-pie-executable|-rwxr-xr-x|755|root|root|8db3aa90be35d7680530b889e8931923
/usr/bin/msguniq|application/x-pie-executable|-rwxr-xr-x|755|root|root|a8f01ad20dbfa15918aa5cd0e1eb4766
/usr/bin/msidb|symlink|/opt/wine-stable/bin/msidb|777|kali|kali|-
/usr/bin/msiexec|symlink|/opt/wine-stable/bin/msiexec|777|kali|kali|-
/usr/bin/mt|symlink|/etc/alternatives/mt|777|root|root|-
/usr/bin/mt-gnu|application/x-pie-executable|-rwxr-xr-x|755|root|root|5a0ab531211a66a240984ddbe61a6ca1
/usr/bin/mtrace|text/x-perl|-rwxr-xr-x|755|root|root|31fb9a7f76707a6ddedbecd43183321f
/usr/bin/muffin|application/x-pie-executable|-rwxr-xr-x|755|root|root|7a790d8436c128084a23915d6139fbc4
/usr/bin/mutagen-inspect|text/x-script.python|-rwxr-xr-x|755|root|root|a69164a17ace9b9d558d555406d3cf97
/usr/bin/mutagen-pony|text/x-script.python|-rwxr-xr-x|755|root|root|964c5013bd09463daae02a7457416fc1
/usr/bin/mv|application/x-pie-executable|-rwxr-xr-x|755|root|root|1d2e990f96663c9d15542a48018623e5
/usr/bin/namei|application/x-pie-executable|-rwxr-xr-x|755|root|root|b9c88ddfe32574ca98af0a2a2877d711
/usr/bin/nano|application/x-pie-executable|-rwxr-xr-x|755|root|root|9fae3ffc66fd22f064459cf1682ec3f8
/usr/bin/nawk|symlink|/etc/alternatives/nawk|777|root|root|-
/usr/bin/nbackup|application/x-pie-executable|-rwxr-xr-x|755|root|root|d3644b8adeb30a22f357455d9bb24ac0
/usr/bin/nc|symlink|/etc/alternatives/nc|777|root|root|-
/usr/bin/nc.openbsd|application/x-pie-executable|-rwxr-xr-x|755|root|root|df7cc8eb1609ad04adc345dabb41a7b7
/usr/bin/nc.traditional|application/x-pie-executable|-rwxr-xr-x|755|root|root|3f5db9efd875a5cb98454184ebf89db9
/usr/bin/neato|symlink|dot|777|root|root|-
/usr/bin/nemo|application/x-pie-executable|-rwxr-xr-x|755|root|root|7f6607f9dba58b7d8b07de9d76a9bf21
/usr/bin/nemo-autorun-software|application/x-pie-executable|-rwxr-xr-x|755|root|root|da47f4f0f3c4b7a9c9588dcae1feb6c6
/usr/bin/nemo-connect-server|application/x-pie-executable|-rwxr-xr-x|755|root|root|3c0c6207fe009093f1d291fa0a730d6b
/usr/bin/nemo-desktop|application/x-pie-executable|-rwxr-xr-x|755|root|root|44b2163de1989e8dacf14b4fb5315000
/usr/bin/nemo-epub2text|text/x-shellscript|-rwxr-xr-x|755|root|root|1426ffec21452ea4ea817ce1cd4ba303
/usr/bin/nemo-mso-to-txt|application/x-pie-executable|-rwxr-xr-x|755|root|root|f981f16cc19ed9b7ddb0d60af9d853c9
/usr/bin/nemo-open-with|application/x-pie-executable|-rwxr-xr-x|755|root|root|691e795a8b321e302ffb806a06934128
/usr/bin/nemo-ppt-to-txt|application/x-pie-executable|-rwxr-xr-x|755|root|root|bc4dd1ca59fea1d36af83ca70cce8111
/usr/bin/nemo-xls-to-txt|text/x-script.python|-rwxr-xr-x|755|root|root|f5ce0cb70df4b1d4ce7a5d78797913f7
/usr/bin/neqn|text/x-shellscript|-rwxr-xr-x|755|root|root|75295c1826e5eb35e3e5e5a138c34cd6
/usr/bin/netaddr|text/x-script.python|-rwxr-xr-x|755|root|root|d1dfa1e6c6a5c8ebdf62257c56f34761
/usr/bin/netcat|symlink|/etc/alternatives/netcat|777|root|root|-
/usr/bin/netstat|application/x-pie-executable|-rwxr-xr-x|755|root|root|27ff068a197279eb17720f26c9433164
/usr/bin/networkctl|application/x-pie-executable|-rwxr-xr-x|755|root|root|ff8a5128ca26097122eeb9fb8cbbc6ab
/usr/bin/newgrp|application/x-pie-executable|-rwsr-xr-x|4755|root|root|9e87f7e5a93cad2489c0600a7df5c1ab
/usr/bin/ngettext|application/x-pie-executable|-rwxr-xr-x|755|root|root|d8eeeb0f388ccce44225a4edaa70abef
/usr/bin/nice|application/x-pie-executable|-rwxr-xr-x|755|root|root|ae29da82d30e5b6c352ec4dee4c5d594
/usr/bin/nisdomainname|symlink|hostname|777|root|root|-
/usr/bin/nl|application/x-pie-executable|-rwxr-xr-x|755|root|root|946c3e959d8bd9bfe2df4faa34a27323
/usr/bin/nm|symlink|x86_64-linux-gnu-nm|777|root|root|-
/usr/bin/nm-applet|application/x-pie-executable|-rwxr-xr-x|755|root|root|12774a7f05965c281e45763e2f9170b4
/usr/bin/nmcli|application/x-pie-executable|-rwxr-xr-x|755|root|root|c9a1ad77e315610f5d4ec5a07685968e
/usr/bin/nm-connection-editor|application/x-pie-executable|-rwxr-xr-x|755|root|root|1f6d3a3963937c8d55d79d0826c332fc
/usr/bin/nm-online|application/x-pie-executable|-rwxr-xr-x|755|root|root|a976179c1288770a369b40e84ea97720
/usr/bin/nmtui|application/x-pie-executable|-rwxr-xr-x|755|root|root|370d6ab8b90e7688521f0e6682c89741
/usr/bin/nmtui-connect|symlink|nmtui|777|root|root|-
/usr/bin/nmtui-edit|symlink|nmtui|777|root|root|-
/usr/bin/nmtui-hostname|symlink|nmtui|777|root|root|-
/usr/bin/nohup|application/x-pie-executable|-rwxr-xr-x|755|root|root|4a99a4bb67a8e1866dcd9544e7834674
/usr/bin/nop|application/x-pie-executable|-rwxr-xr-x|755|root|root|b0fa52f1d8874ddfb2b6147ccb19d480
/usr/bin/normalizer|text/x-script.python|-rwxr-xr-x|755|root|root|386ef85b833a13dac16ecd5be3666fb1
/usr/bin/notepad|symlink|/opt/wine-stable/bin/notepad|777|kali|kali|-
/usr/bin/notify-send|application/x-pie-executable|-rwxr-xr-x|755|root|root|4008f3c84c605579f32481811fee29e2
/usr/bin/nproc|application/x-pie-executable|-rwxr-xr-x|755|root|root|7e9541668d2506f6d2eb9dffd9303afa
/usr/bin/nroff|text/x-shellscript|-rwxr-xr-x|755|root|root|1fb903007cf91cb49b193dbb19592e98
/usr/bin/nsenter|application/x-pie-executable|-rwxr-xr-x|755|root|root|7f7cfdce758b725f7f811c93d89a9431
/usr/bin/nslookup|application/x-pie-executable|-rwxr-xr-x|755|root|root|7586a4dfc7cec910f8b66a85f7aedd77
/usr/bin/nstat|application/x-pie-executable|-rwxr-xr-x|755|root|root|acfa1f08dd916787f36883d395d83204
/usr/bin/nsupdate|application/x-pie-executable|-rwxr-xr-x|755|root|root|345f688b72f52d8f042fdc777a07bcc7
/usr/bin/ntfs-3g|application/x-pie-executable|-rwsr-xr-x|4755|root|root|d10b2c6441366026f506062cf1d7d651
/usr/bin/ntfs-3g.probe|application/x-pie-executable|-rwxr-xr-x|755|root|root|f172d00145902865a1d7ad2d9d9d8db8
/usr/bin/ntfscat|application/x-pie-executable|-rwxr-xr-x|755|root|root|e882a341d85290477bfc057337536f1b
/usr/bin/ntfscluster|application/x-pie-executable|-rwxr-xr-x|755|root|root|aa2ffca18ced144b728c2c3ae9efa431
/usr/bin/ntfscmp|application/x-pie-executable|-rwxr-xr-x|755|root|root|5ed30cd08f01121f4321b92e2a506408
/usr/bin/ntfsdecrypt|application/x-pie-executable|-rwxr-xr-x|755|root|root|ba411c73017f59d7b2a238c8fb559344
/usr/bin/ntfsfallocate|application/x-pie-executable|-rwxr-xr-x|755|root|root|a69d6b2ddf7f3440427a86df9757cc64
/usr/bin/ntfsfix|application/x-pie-executable|-rwxr-xr-x|755|root|root|dfd53a183faa16a2771bff091ad5fade
/usr/bin/ntfsinfo|application/x-pie-executable|-rwxr-xr-x|755|root|root|3d598393b3acad3b62453396d67ad8c1
/usr/bin/ntfsls|application/x-pie-executable|-rwxr-xr-x|755|root|root|ed873d1bd93f31508aace06601dc9db8
/usr/bin/ntfsmove|application/x-pie-executable|-rwxr-xr-x|755|root|root|74444e5164bf6b64bb671e4c81a1bc71
/usr/bin/ntfsrecover|application/x-pie-executable|-rwxr-xr-x|755|root|root|ae637a4e36134ff36a711820a42ebb88
/usr/bin/ntfssecaudit|application/x-pie-executable|-rwxr-xr-x|755|root|root|eb519c97be1276bee98c69a2b1eb0876
/usr/bin/ntfstruncate|application/x-pie-executable|-rwxr-xr-x|755|root|root|bf44a3259695ad4fe48365787c8c9d34
/usr/bin/ntfsusermap|application/x-pie-executable|-rwxr-xr-x|755|root|root|301a396ff6654d37c5b7c7492b5f657d
/usr/bin/ntfswipe|application/x-pie-executable|-rwxr-xr-x|755|root|root|049c7f66fd676ccb14ba5e4ddd95c0f1
/usr/bin/numfmt|application/x-pie-executable|-rwxr-xr-x|755|root|root|6279fb99b28c5110e3a0cb6aa7ad4cb1
/usr/bin/numlockx|application/x-pie-executable|-rwxr-xr-x|755|root|root|daa10da03631f92d9481fde6d6902a13
/usr/bin/nvlc|text/x-shellscript|-rwxr-xr-x|755|root|root|f620068e2d5a72a11050698d3fbc2efb
/usr/bin/oakdecode|application/x-pie-executable|-rwxr-xr-x|755|root|root|f6ffa64a0a5b0485f5023f530af09124
/usr/bin/obexctl|application/x-pie-executable|-rwxr-xr-x|755|root|root|efe25fad839d572c02651eb088af86c9
/usr/bin/objcopy|symlink|x86_64-linux-gnu-objcopy|777|root|root|-
/usr/bin/objdump|symlink|x86_64-linux-gnu-objdump|777|root|root|-
/usr/bin/oclock|application/x-pie-executable|-rwxr-xr-x|755|root|root|8664742d7af65b7257e456d9d75ce179
/usr/bin/ocsptool|application/x-pie-executable|-rwxr-xr-x|755|root|root|c168a9eeacc62fa2005fc26df59c6afc
/usr/bin/od|application/x-pie-executable|-rwxr-xr-x|755|root|root|fdce3c8042e8abe0463ad60fa05b1951
/usr/bin/odp2txt|symlink|odt2txt.odt2txt|777|root|root|-
/usr/bin/ods2txt|symlink|odt2txt.odt2txt|777|root|root|-
/usr/bin/odt2txt|symlink|/etc/alternatives/odt2txt|777|root|root|-
/usr/bin/odt2txt.odt2txt|application/x-pie-executable|-rwxr-xr-x|755|root|root|3749b39b757ad1adec9ee3220211869a
/usr/bin/onlyoffice-desktopeditors|text/x-shellscript|-rwxr-xr-x|755|root|root|c6aa866d1f10398b5592a7a20bd47feb
/usr/bin/open|symlink|/etc/alternatives/open|777|root|root|-
/usr/bin/openssl|application/x-pie-executable|-rwxr-xr-x|755|root|root|38df5a1f32318cedb04480790350ecb0
/usr/bin/openvt|application/x-pie-executable|-rwxr-xr-x|755|root|root|c4b18ced07107e5b866b057417af113c
/usr/bin/opldecode|application/x-pie-executable|-rwxr-xr-x|755|root|root|909eebb754d5661633008323bf5f53b7
/usr/bin/OpticalService|application/x-executable|-rwxr-xr-x|755|root|root|3b95919a4b5dcf879bf148e2931d40e0
/usr/bin/osage|symlink|dot|777|root|root|-
/usr/bin/osinfo-detect|application/x-pie-executable|-rwxr-xr-x|755|root|root|f3cd52605e02a706310d247bc533cb6f
/usr/bin/osinfo-install-script|application/x-pie-executable|-rwxr-xr-x|755|root|root|4ab4fd0b85fc8cf6abd4ae181379a163
/usr/bin/osinfo-query|application/x-pie-executable|-rwxr-xr-x|755|root|root|dc5787d5b061b5532721be5fa61fc5bf
/usr/bin/os-prober|text/x-shellscript|-rwxr-xr-x|755|root|root|ffb693693ef3811333dd1277ee7ae23b
/usr/bin/OtdCalibrationTool|application/x-executable|-rwxr-xr-x|755|root|root|aa811b1326a60db11752f1f1b054c3e1
/usr/bin/OtdTouchServer.x86_64|application/x-executable|-rwxr-xr-x|755|root|root|840e3eb5c850a8c11943f12021269065
/usr/bin/p11-kit|application/x-pie-executable|-rwxr-xr-x|755|root|root|f1018412080f5786e97ec318dc4907f4
/usr/bin/p11tool|application/x-pie-executable|-rwxr-xr-x|755|root|root|bd8c9cb1db5ddd539280243d454760fe
/usr/bin/p7zip|text/x-shellscript|-rwxr-xr-x|755|root|root|235cb71f9a6173c0b15897d8c5796907
/usr/bin/pacat|application/x-pie-executable|-rwxr-xr-x|755|root|root|f23c0e25ac4ebb9ae6c396aaf56c000f
/usr/bin/pacmd|application/x-pie-executable|-rwxr-xr-x|755|root|root|683bbe2500bd75ceb3970026b69f068f
/usr/bin/pactl|application/x-pie-executable|-rwxr-xr-x|755|root|root|8cc5f958cf9b0c41f84867d0ab231394
/usr/bin/padsp|text/x-shellscript|-rwxr-xr-x|755|root|root|46c21651346ec828eede2e64b563c0e1
/usr/bin/pager|symlink|/etc/alternatives/pager|777|root|root|-
/usr/bin/pa-info|text/x-shellscript|-rwxr-xr-x|755|root|root|889b1d474f8eeeb2b715770394078b1a
/usr/bin/pamon|symlink|pacat|777|root|root|-
/usr/bin/paperconf|application/x-pie-executable|-rwxr-xr-x|755|root|root|1e4197df44659a3c628e87162e762272
/usr/bin/paplay|symlink|pacat|777|root|root|-
/usr/bin/pardus-about|text/x-script.python|-rwxr-xr-x|755|root|root|9c0cf009a353d65bbd44927db9004ab7
/usr/bin/pardus-boot-repair|text/x-script.python|-rwxr-xr-x|755|root|root|0b59a89d785d3b5ea6cb29d7f7edc7b3
/usr/bin/pardus-chroot|text/x-shellscript|-rwxr-xr-x|755|root|root|ef08b6cbf07603f6e8151e2be618dc28
/usr/bin/pardus-font-manager|text/x-script.python|-rwxr-xr-x|755|root|root|d8f7f6fbe0a4e221f2964136324684f3
/usr/bin/pardus-hotspot|text/x-script.python|-rwxr-xr-x|755|root|root|4bf55767614dcad58762c51b16635820
/usr/bin/pardus-image-writer|text/x-script.python|-rwxr-xr-x|755|root|root|2dafdbaa7a516e9eb1ba049aeab535f7
/usr/bin/pardus-java-installer|text/x-script.python|-rwxr-xr-x|755|root|root|70040b0c33d855865edecd81ec65c1a2
/usr/bin/pardus-lightdm-greeter-settings|symlink|../share/pardus/pardus-lightdm-greeter-settings/main.py|777|root|root|-
/usr/bin/pardus-login|text/x-script.python|-rwxr-xr-x|755|root|root|07f981dd103d3ec87163fdaeb45d2471
/usr/bin/pardus-mount-rootfs|text/x-shellscript|-rwxr-xr-x|755|root|root|802bdbd1eee78f34a904d14fdc56331b
/usr/bin/pardus-mycomputer|text/x-script.python|-rwxr-xr-x|755|root|root|0b03ef35436715ca7799c5b389170481
/usr/bin/pardus-night-light|text/x-script.python|-rwxr-xr-x|755|root|root|19055b4f3492f05a3c9841b32cae1685
/usr/bin/pardus-open-luks-lvm|text/x-shellscript|-rwxr-xr-x|755|root|root|c2ee62b174d94525d554311a137d881c
/usr/bin/pardus-package-installer|text/x-script.python|-rwxr-xr-x|755|root|root|db382436fa508461f3ffaebdc6f23d42
/usr/bin/pardus-pen|application/x-pie-executable|-rwxr-xr-x|755|root|root|598656d9c83f0ffcf3a624e3f58c72ab
/usr/bin/pardus-reinstall|text/x-shellscript|-rwxr-xr-x|755|root|root|00fe7a59cecacd6fb0b6e460c537bc1f
/usr/bin/pardus-software|text/x-script.python|-rwxr-xr-x|755|root|root|0f09f4c8c9f6397e658917449f5b2dd0
/usr/bin/pardus-update|text/x-script.python|-rwxr-xr-x|755|root|root|add862742fdb78c2c4f9d5569862245d
/usr/bin/pardus-usb-formatter|text/x-script.python|-rwxr-xr-x|755|root|root|8bc24d596735d5b52c1938a3f0679ce6
/usr/bin/parec|symlink|pacat|777|root|root|-
/usr/bin/parecord|symlink|pacat|777|root|root|-
/usr/bin/partx|application/x-pie-executable|-rwxr-xr-x|755|root|root|eed0061a18b42b00869fe0cb21928b54
/usr/bin/passwd|application/x-pie-executable|-rwsr-xr-x|4755|root|root|81a92a758ee9b0b7a0fe6a445fed56fd
/usr/bin/paste|application/x-pie-executable|-rwxr-xr-x|755|root|root|08acc08095d0aa68480a5c109bb2811b
/usr/bin/pasuspender|application/x-pie-executable|-rwxr-xr-x|755|root|root|019e9326f6779839a23787b7125f7824
/usr/bin/patch|application/x-pie-executable|-rwxr-xr-x|755|root|root|2b75cc721dae7cc7572df5bfd987fa3a
/usr/bin/patchwork|symlink|dot|777|root|root|-
/usr/bin/pathchk|application/x-pie-executable|-rwxr-xr-x|755|root|root|ff3a0528dcdc7fc9ce37a22f9d33eb8c
/usr/bin/pax11publish|application/x-pie-executable|-rwxr-xr-x|755|root|root|d335d3ad080eebf8bcd51f7fb6d26dbc
/usr/bin/pdb3|symlink|pdb3.11|777|root|root|-
/usr/bin/pdb3.11|symlink|../lib/python3.11/pdb.py|777|root|root|-
/usr/bin/pdf2dsc|text/x-shellscript|-rwxr-xr-x|755|root|root|a77064f0ed54cacf23e8c32a36f70e8d
/usr/bin/pdf2ps|text/x-shellscript|-rwxr-xr-x|755|root|root|be94f493cf3d6b96d56b2dde5ade8ea0
/usr/bin/pdfattach|application/x-pie-executable|-rwxr-xr-x|755|root|root|bcdaf3584d739f0c260fdeecccd8e56b
/usr/bin/pdfdetach|application/x-pie-executable|-rwxr-xr-x|755|root|root|247115f38ddcffc86b4955310fa1c458
/usr/bin/pdffonts|application/x-pie-executable|-rwxr-xr-x|755|root|root|5b2895d85a69c99f5977175648233cdb
/usr/bin/pdfimages|application/x-pie-executable|-rwxr-xr-x|755|root|root|d52df0d43adf3875b447f2888024b17d
/usr/bin/pdfinfo|application/x-pie-executable|-rwxr-xr-x|755|root|root|933dcad04d3a681e8971c046aa06ae62
/usr/bin/pdfseparate|application/x-pie-executable|-rwxr-xr-x|755|root|root|3b6753374ae2b1215ca03a33beec8178
/usr/bin/pdfsig|application/x-pie-executable|-rwxr-xr-x|755|root|root|52d0e370ac1c59d29450c50182b0dc6f
/usr/bin/pdftocairo|application/x-pie-executable|-rwxr-xr-x|755|root|root|d41a4383903735b1f094a0b791ec2e75
/usr/bin/pdftohtml|application/x-pie-executable|-rwxr-xr-x|755|root|root|39023d46d33b5427a47f14d45f31087a
/usr/bin/pdftoppm|application/x-pie-executable|-rwxr-xr-x|755|root|root|6c26b532a3a187951b842951d2257d11
/usr/bin/pdftops|application/x-pie-executable|-rwxr-xr-x|755|root|root|920f27115bdcac7b0a047f2f6caf9f09
/usr/bin/pdftotext|application/x-pie-executable|-rwxr-xr-x|755|root|root|b73e06a2ec047ffffab6714c9031e1e2
/usr/bin/pdfunite|application/x-pie-executable|-rwxr-xr-x|755|root|root|38fa619e9d408dcfe010bb72c44e02e7
/usr/bin/peekfd|application/x-pie-executable|-rwxr-xr-x|755|root|root|018b8f12e794815911be91a7c9c8d6d6
/usr/bin/perl|application/x-pie-executable|-rwxr-xr-x|755|root|root|293a3e334001dbae0a3f582ae0ec27ff
/usr/bin/perl5.36.0|application/x-pie-executable|-rwxr-xr-x|755|root|root|293a3e334001dbae0a3f582ae0ec27ff
/usr/bin/perl5.36-i386-linux-gnu|application/x-pie-executable|-rwxr-xr-x|755|root|root|053bc520b86883187d0d74a659063db5
/usr/bin/perl5.36-x86_64-linux-gnu|application/x-pie-executable|-rwxr-xr-x|755|root|root|59a0c11dd803af7db9834a7c9f57a01c
/usr/bin/perlbug|text/x-perl|-rwxr-xr-x|755|root|root|b849701cc994e2928067d06cc43a098d
/usr/bin/perldoc|text/x-shellscript|-rwxr-xr-x|755|root|root|878b3670b343e75e2452ef0b88640656
/usr/bin/perli11ndoc|text/x-perl|-rwxr-xr-x|755|root|root|218d25f33b9f9d45b17e61dc4075c683
/usr/bin/perlivp|text/x-perl|-rwxr-xr-x|755|root|root|57987f027b39ec5ffbaa44fb511722ce
/usr/bin/perlthanks|text/x-perl|-rwxr-xr-x|755|root|root|b849701cc994e2928067d06cc43a098d
/usr/bin/pf2afm|text/x-shellscript|-rwxr-xr-x|755|root|root|ed0c3a002f208bd915f43d4b71f8baf0
/usr/bin/pfbtopfa|text/x-shellscript|-rwxr-xr-x|755|root|root|82fbeab547535657ccd2628b235c5118
/usr/bin/pgrep|application/x-pie-executable|-rwxr-xr-x|755|root|root|5fb40a2d75da02b308f6b8014afbb9e7
/usr/bin/pic|application/x-pie-executable|-rwxr-xr-x|755|root|root|83c12b59d02f6eaf30faf3f548f625a1
/usr/bin/pico|symlink|/etc/alternatives/pico|777|root|root|-
/usr/bin/piconv|text/x-perl|-rwxr-xr-x|755|root|root|0720fb03b2182b91bc5f5060d5eaf4d1
/usr/bin/pidof|symlink|/sbin/killall5|777|root|root|-
/usr/bin/pidwait|application/x-pie-executable|-rwxr-xr-x|755|root|root|5fb40a2d75da02b308f6b8014afbb9e7
/usr/bin/pinentry|symlink|/etc/alternatives/pinentry|777|root|root|-
/usr/bin/pinentry-curses|application/x-pie-executable|-rwxr-xr-x|755|root|root|d41c0162f0e0de20622405ad22702767
/usr/bin/pinentry-gnome3|application/x-pie-executable|-rwxr-xr-x|755|root|root|18bf4609fc28ac0776db4e7b6d39c28b
/usr/bin/pinentry-x11|symlink|/etc/alternatives/pinentry-x11|777|root|root|-
/usr/bin/ping|application/x-pie-executable|-rwxr-xr-x|755|root|root|95739d8b0f06c030d6e9130d93a14043
/usr/bin/ping4|symlink|ping|777|root|root|-
/usr/bin/ping6|symlink|ping|777|root|root|-
/usr/bin/pinky|application/x-pie-executable|-rwxr-xr-x|755|root|root|e0590cc3a0e0b4bffe9c4b617d7d8cbe
/usr/bin/pipewire|application/x-pie-executable|-rwxr-xr-x|755|root|root|aa302df40b34b7ff846d422cec1d3186
/usr/bin/pipewire-avb|application/x-pie-executable|-rwxr-xr-x|755|root|root|aa302df40b34b7ff846d422cec1d3186
/usr/bin/pipewire-pulse|symlink|pipewire|777|root|root|-
/usr/bin/pixeltool|symlink|qtchooser|777|root|root|-
/usr/bin/pkaction|application/x-pie-executable|-rwxr-xr-x|755|root|root|b2e1cf257fa708dcf629f9a76c7a3d90
/usr/bin/pkcheck|application/x-pie-executable|-rwxr-xr-x|755|root|root|d790c8c3ba155aefb6dd8e1d130eedfe
/usr/bin/pkexec|application/x-pie-executable|-rwsr-xr-x|4755|root|root|834df8db471ac159b17ba3330985cdfc
/usr/bin/pkill|symlink|pgrep|777|root|root|-
/usr/bin/pkttyagent|application/x-pie-executable|-rwxr-xr-x|755|root|root|4efbd6329fcd5ad07b4fb6806ae67718
/usr/bin/pl2pm|text/x-perl|-rwxr-xr-x|755|root|root|23108bcb29eb3bdcc10e10dd8249649d
/usr/bin/pldd|application/x-pie-executable|-rwxr-xr-x|755|root|root|0bbe994f91b9a1a27cf85461c21a4b60
/usr/bin/plocate|application/x-pie-executable|-rwxr-sr-x|2755|root|mosquitto|906b8fb7d2a3c55bd4833d9750edc35e
/usr/bin/plog|text/x-shellscript|-rwxr-xr-x|755|root|root|86cdaf133f7a79fb464f02d83afc7734
/usr/bin/plymouth|application/x-pie-executable|-rwxr-xr-x|755|root|root|bc9229fe77013a3c62d1bbfc0c8f0479
/usr/bin/pmap|application/x-pie-executable|-rwxr-xr-x|755|root|root|ade6cc4b009194a354a3b2066c3ec232
/usr/bin/pnm2ppa|application/x-pie-executable|-rwxr-xr-x|755|root|root|22d1d7d1cdd61bc0f7d225dfd5acfeb1
/usr/bin/pod2html|text/x-perl|-rwxr-xr-x|755|root|root|f0dbd4b19a310009b21f979d23ebf206
/usr/bin/pod2man|text/x-perl|-rwxr-xr-x|755|root|root|6f583b51652cd526d63d939b9c24741a
/usr/bin/pod2text|text/x-perl|-rwxr-xr-x|755|root|root|f8945654beeb0ad2d038af8a43378e63
/usr/bin/pod2usage|text/x-perl|-rwxr-xr-x|755|root|root|29ada461cd57e5c9789cbf18a8c77c99
/usr/bin/podchecker|text/x-perl|-rwxr-xr-x|755|root|root|7d2c338021e14551741c1f28b41d53d7
/usr/bin/poff|text/x-shellscript|-rwxr-xr-x|755|root|root|f7018674993b54b723de10353669dbe8
/usr/bin/pon|text/x-shellscript|-rwxr-xr-x|755|root|root|d709f2d799268ef42e70f7109242aa91
/usr/bin/POST|symlink|lwp-request|777|root|root|-
/usr/bin/ppdc|application/x-pie-executable|-rwxr-xr-x|755|root|root|7c801da105e9a2372f761d71470ba7d4
/usr/bin/ppdhtml|application/x-pie-executable|-rwxr-xr-x|755|root|root|3e438d023f03e38893de7a91f047ae72
/usr/bin/ppdi|application/x-pie-executable|-rwxr-xr-x|755|root|root|592ea94361d2c6408e34142e9dca7300
/usr/bin/ppdmerge|application/x-pie-executable|-rwxr-xr-x|755|root|root|a36c25d2b37af1712362abce315c031e
/usr/bin/ppdpo|application/x-pie-executable|-rwxr-xr-x|755|root|root|ac3b0ec8820b88e7d772183e06e09670
/usr/bin/pphs|text/x-shellscript|-rwxr-xr-x|755|root|root|80c4d9730c577439243521efc17a5e67
/usr/bin/pr|application/x-pie-executable|-rwxr-xr-x|755|root|root|f2595ba3e3de660a31e32a4f1882e419
/usr/bin/precat|text/x-shellscript|-rwxr-xr-x|755|root|root|e131d74483fdc55d3868c4f3306c092c
/usr/bin/preconv|application/x-pie-executable|-rwxr-xr-x|755|root|root|2e2b2cb81478fcd2b20ae437d738ac27
/usr/bin/preparetips5|text/x-perl|-rwxr-xr-x|755|root|root|2ab2115dbcd0dfdaf63740470e3ae4d0
/usr/bin/preunzip|text/x-shellscript|-rwxr-xr-x|755|root|root|e131d74483fdc55d3868c4f3306c092c
/usr/bin/prezip|text/x-shellscript|-rwxr-xr-x|755|root|root|e131d74483fdc55d3868c4f3306c092c
/usr/bin/prezip-bin|application/x-pie-executable|-rwxr-xr-x|755|root|root|014e58132b5f08d49d592eb3fcb839ab
/usr/bin/print|symlink|run-mailcap|777|root|root|-
/usr/bin/printafm|text/x-shellscript|-rwxr-xr-x|755|root|root|21145bf2205a26e73a08e1699d91d1bf
/usr/bin/printenv|application/x-pie-executable|-rwxr-xr-x|755|root|root|b611567a5ede050cc56a7ebef162cc3f
/usr/bin/printer-profile|text/x-shellscript|-rwxr-xr-x|755|root|root|68f2d28d2eac37bc9d82caf6ba0b70a9
/usr/bin/printf|application/x-pie-executable|-rwxr-xr-x|755|root|root|8bddf6a7a22498b8db40938441b6feb3
/usr/bin/prlimit|application/x-pie-executable|-rwxr-xr-x|755|root|root|a9802594c288da2af4aab9c53b30e5c4
/usr/bin/proj|application/x-pie-executable|-rwxr-xr-x|755|root|root|85a8f91dcb392145dd6656d515e0bf39
/usr/bin/projinfo|application/x-pie-executable|-rwxr-xr-x|755|root|root|1358d982478a12f890c56dce31682b4c
/usr/bin/projsync|application/x-pie-executable|-rwxr-xr-x|755|root|root|aa28055cf7583a1f4ab1523744e9ef48
/usr/bin/protocoltojson|application/x-pie-executable|-rwxr-xr-x|755|root|root|87adef09f9505b44b5ce9bdf2ca0fd88
/usr/bin/prove|text/x-perl|-rwxr-xr-x|755|root|root|14ee5a19f1f71fb158fa253090948b8d
/usr/bin/proxy|application/x-pie-executable|-rwxr-xr-x|755|root|root|3dee1dc445d2988a65cb2bc42d54d264
/usr/bin/prtstat|application/x-pie-executable|-rwxr-xr-x|755|root|root|2364b020eec9d54273248253cc8a75e8
/usr/bin/prune|application/x-pie-executable|-rwxr-xr-x|755|root|root|fa8ead0979c6cf946a49c86d3097f8a9
/usr/bin/ps|application/x-pie-executable|-rwxr-xr-x|755|root|root|08a07e7517a09d2f40e2618eff4adf22
/usr/bin/ps2ascii|text/x-shellscript|-rwxr-xr-x|755|root|root|7340131ca626ebe67c83a03f3e60f062
/usr/bin/ps2epsi|text/x-shellscript|-rwxr-xr-x|755|root|root|9e9795ac45c2cb81bb87cc275448ed6a
/usr/bin/ps2lexmark|text/x-shellscript|-rwxr-xr-x|755|root|root|adbadeb5f9af7c3321ca726d6f06dd11
/usr/bin/ps2pdf|text/x-shellscript|-rwxr-xr-x|755|root|root|868f7bfe3dac6331e8766785aab7a53a
/usr/bin/ps2pdf12|text/x-shellscript|-rwxr-xr-x|755|root|root|f5dd2441cc7d66714004426ef0753d82
/usr/bin/ps2pdf13|text/x-shellscript|-rwxr-xr-x|755|root|root|b96f45de19b8bf5e1afcdff3a0181a72
/usr/bin/ps2pdf14|text/x-shellscript|-rwxr-xr-x|755|root|root|294ffc3f3b999d5f22235c251c3a97ce
/usr/bin/ps2pdfwr|text/x-shellscript|-rwxr-xr-x|755|root|root|70e6504c3ef135227ba68b0f7b67dc76
/usr/bin/ps2ps|text/x-shellscript|-rwxr-xr-x|755|root|root|8c87402c915b0074770cb1b8b251de7e
/usr/bin/ps2ps2|text/x-shellscript|-rwxr-xr-x|755|root|root|bc90d70227b613f8012f4bb4485ebd2d
/usr/bin/ps2txt|symlink|ps2ascii|777|root|root|-
/usr/bin/psfaddtable|symlink|psfxtable|777|root|root|-
/usr/bin/psfgettable|symlink|psfxtable|777|root|root|-
/usr/bin/psfstriptable|symlink|psfxtable|777|root|root|-
/usr/bin/psfxtable|application/x-pie-executable|-rwxr-xr-x|755|root|root|da30dfb1bde5089d3ed1e91c940bfa4a
/usr/bin/psicc|application/x-pie-executable|-rwxr-xr-x|755|root|root|43514b5f149466dd348604b0a912b90f
/usr/bin/psktool|application/x-pie-executable|-rwxr-xr-x|755|root|root|f8a713ceeb67ced334852470d0c34175
/usr/bin/pslog|application/x-pie-executable|-rwxr-xr-x|755|root|root|8992bc1bb09e0aeeb82337945562eba5
/usr/bin/pstree|application/x-pie-executable|-rwxr-xr-x|755|root|root|08db989f58f1ffe3c0d0f53b9e0acfcd
/usr/bin/pstree.x11|symlink|pstree|777|root|root|-
/usr/bin/ptar|text/x-perl|-rwxr-xr-x|755|root|root|4081f8ef184fea130aeedc3d13e5f9ad
/usr/bin/ptardiff|text/x-perl|-rwxr-xr-x|755|root|root|3c84e25e13a07579be12c7f51b3726f1
/usr/bin/ptargrep|text/x-perl|-rwxr-xr-x|755|root|root|6b55c434bfc82510f0d70570f054c520
/usr/bin/ptx|application/x-pie-executable|-rwxr-xr-x|755|root|root|0e7c073097d41ae15b77a09a9324dfa9
/usr/bin/pv|application/x-pie-executable|-rwxr-xr-x|755|root|root|94ecda0d27aff093770198e60b44bcce
/usr/bin/pw-cat|application/x-pie-executable|-rwxr-xr-x|755|root|root|12607eff03fb0074988a16ae62b2fa5f
/usr/bin/pw-cli|application/x-pie-executable|-rwxr-xr-x|755|root|root|64ed3d13dbb210cbcd900872e7dbba63
/usr/bin/pwd|application/x-pie-executable|-rwxr-xr-x|755|root|root|f37a618c1076c36474a8befa6a466cd9
/usr/bin/pw-dot|application/x-pie-executable|-rwxr-xr-x|755|root|root|7df7ce13f6b47a7665c19a274852ddfd
/usr/bin/pw-dsdplay|symlink|pw-cat|777|root|root|-
/usr/bin/pw-dump|application/x-pie-executable|-rwxr-xr-x|755|root|root|2a71bf412ef541888a2b793cc1c8d4c6
/usr/bin/pwdx|application/x-pie-executable|-rwxr-xr-x|755|root|root|b32d19f32539f18cec08d1e234e8ad45
/usr/bin/pw-link|application/x-pie-executable|-rwxr-xr-x|755|root|root|afe4353c7bbfb31615b26c6d6eecf2d1
/usr/bin/pw-loopback|application/x-pie-executable|-rwxr-xr-x|755|root|root|15d2ae7e4c0f135d3ab485c79bebdaa2
/usr/bin/pw-metadata|application/x-pie-executable|-rwxr-xr-x|755|root|root|e6ef25b44206fc4ee0017b6e9bee2a34
/usr/bin/pw-mididump|application/x-pie-executable|-rwxr-xr-x|755|root|root|8513b275aa03390e1d4c27d5b132d86f
/usr/bin/pw-midiplay|symlink|pw-cat|777|root|root|-
/usr/bin/pw-midirecord|symlink|pw-cat|777|root|root|-
/usr/bin/pw-mon|application/x-pie-executable|-rwxr-xr-x|755|root|root|5803eba5dfb713c37c06b8552035e375
/usr/bin/pw-play|symlink|pw-cat|777|root|root|-
/usr/bin/pw-profiler|application/x-pie-executable|-rwxr-xr-x|755|root|root|1c176c1f827d4cffe063a066bd8a80e9
/usr/bin/pw-record|symlink|pw-cat|777|root|root|-
/usr/bin/pw-reserve|application/x-pie-executable|-rwxr-xr-x|755|root|root|88434cf5786a92da053aa7dd2e6e8cba
/usr/bin/pw-top|application/x-pie-executable|-rwxr-xr-x|755|root|root|1d28c911ab07f96e7908e9fb53bf1833
/usr/bin/py3clean|text/x-script.python|-rwxr-xr-x|755|root|root|f8823b526addbf2a2bc0d5fb8293b42b
/usr/bin/py3compile|text/x-script.python|-rwxr-xr-x|755|root|root|c8b5fd60d1c8913fb51b2b35a796f196
/usr/bin/py3versions|symlink|../share/python3/py3versions.py|777|root|root|-
/usr/bin/pydoc3|symlink|pydoc3.11|777|root|root|-
/usr/bin/pydoc3.11|text/x-script.python|-rwxr-xr-x|755|root|root|5f45bd2f983776a91cd179735f277dc2
/usr/bin/pygettext3|symlink|pygettext3.11|777|root|root|-
/usr/bin/pygettext3.11|text/x-script.python|-rwxr-xr-x|755|root|root|ce3ace2b131fb8b259993fd137f1a6f1
/usr/bin/pyroute2-cli|text/x-script.python|-rwxr-xr-x|755|root|root|8a7cda547becde080a313eefa99c41ce
/usr/bin/pyroute2-dhcp-client|text/x-script.python|-rwxr-xr-x|755|root|root|cd132c6826f327735def12dab45a454d
/usr/bin/pyroute2-test-platform|text/x-script.python|-rwxr-xr-x|755|root|root|5f423f769d0afe431aedf4af01152e39
/usr/bin/python3|symlink|python3.11|777|root|root|-
/usr/bin/python3.11|application/x-executable|-rwxr-xr-x|755|root|root|61b1600a764d9e2947a52ad348b2b0dd
/usr/bin/python3.11-config|symlink|x86_64-linux-gnu-python3.11-config|777|root|root|-
/usr/bin/python3-config|symlink|python3.11-config|777|root|root|-
/usr/bin/python3-qr|text/x-script.python|-rwxr-xr-x|755|root|root|ca12a4a3915509007552f28bd1562c10
/usr/bin/pythran|text/x-script.python|-rwxr-xr-x|755|root|root|9ad28b7288656b2e3a5cd176064748a0
/usr/bin/pythran-config|text/x-script.python|-rwxr-xr-x|755|root|root|86fcfd9934fd72220ffadd6da46365c9
/usr/bin/pzstd|application/x-pie-executable|-rwxr-xr-x|755|root|root|cbe00f50ff5675da4ea14deacf1bd3b7
/usr/bin/qcollectiongenerator|symlink|qtchooser|777|root|root|-
/usr/bin/qdbus|symlink|qtchooser|777|root|root|-
/usr/bin/qdbuscpp2xml|symlink|qtchooser|777|root|root|-
/usr/bin/qdbusviewer|symlink|qtchooser|777|root|root|-
/usr/bin/qdbusxml2cpp|symlink|qtchooser|777|root|root|-
/usr/bin/qdoc|symlink|qtchooser|777|root|root|-
/usr/bin/qdoc3|symlink|qtchooser|777|root|root|-
/usr/bin/qemu-img|application/x-pie-executable|-rwxr-xr-x|755|root|root|6958dd39a54b89ed15a3cb8b533f751d
/usr/bin/qemu-io|application/x-pie-executable|-rwxr-xr-x|755|root|root|59d4462a9f33eb721691c00f1d0dca87
/usr/bin/qemu-nbd|application/x-pie-executable|-rwxr-xr-x|755|root|root|5a89461cd9a1aeadaaf0862077fb69e6
/usr/bin/qemu-pr-helper|application/x-pie-executable|-rwxr-xr-x|755|root|root|2c5debcc2059b73ddf6bd1599f9264ab
/usr/bin/qemu-storage-daemon|application/x-pie-executable|-rwxr-xr-x|755|root|root|353ec30833f79d12dbc578e89a0d8219
/usr/bin/qemu-system-i386|text/x-shellscript|-rwxr-xr-x|755|root|root|ba531d4feb2f7bcc659a1f8aef67aff2
/usr/bin/qemu-system-x86_64|application/x-pie-executable|-rwxr-xr-x|755|root|root|c11c24851647998632fa8b4c07bb4c80
/usr/bin/qemu-system-x86_64-microvm|application/x-pie-executable|-rwxr-xr-x|755|root|root|71485b3c384bc3f801577ff0d5addaf9
/usr/bin/qgltf|symlink|qtchooser|777|root|root|-
/usr/bin/qhelpconverter|symlink|qtchooser|777|root|root|-
/usr/bin/qhelpgenerator|symlink|qtchooser|777|root|root|-
/usr/bin/qlalr|symlink|qtchooser|777|root|root|-
/usr/bin/qmake|symlink|qtchooser|777|root|root|-
/usr/bin/qmicli|application/x-pie-executable|-rwxr-xr-x|755|root|root|c647a5230f711a0f6e591d9c8117a0a2
/usr/bin/qmi-firmware-update|application/x-pie-executable|-rwxr-xr-x|755|root|root|e2cfa11de5c2af39928da3cd25141a3e
/usr/bin/qmi-network|text/x-shellscript|-rwxr-xr-x|755|root|root|175681fda67f8786ded49e1b5424a215
/usr/bin/qml|symlink|qtchooser|777|root|root|-
/usr/bin/qml1plugindump|symlink|qtchooser|777|root|root|-
/usr/bin/qmlbundle|symlink|qtchooser|777|root|root|-
/usr/bin/qmlcachegen|symlink|qtchooser|777|root|root|-
/usr/bin/qmleasing|symlink|qtchooser|777|root|root|-
/usr/bin/qmlimportscanner|symlink|qtchooser|777|root|root|-
/usr/bin/qmljs|symlink|qtchooser|777|root|root|-
/usr/bin/qmllint|symlink|qtchooser|777|root|root|-
/usr/bin/qmlmin|symlink|qtchooser|777|root|root|-
/usr/bin/qmlplugindump|symlink|qtchooser|777|root|root|-
/usr/bin/qmlprofiler|symlink|qtchooser|777|root|root|-
/usr/bin/qmlscene|symlink|qtchooser|777|root|root|-
/usr/bin/qmltestrunner|symlink|qtchooser|777|root|root|-
/usr/bin/qmlviewer|symlink|qtchooser|777|root|root|-
/usr/bin/qpdldecode|application/x-pie-executable|-rwxr-xr-x|755|root|root|8ae7c294b3956af81df9568752f7daf3
/usr/bin/qr|symlink|/etc/alternatives/qr|777|root|root|-
/usr/bin/qtattributionsscanner|symlink|qtchooser|777|root|root|-
/usr/bin/qtchooser|application/x-pie-executable|-rwxr-xr-x|755|root|root|ef6067e463c22a5124b774f6c9ab41aa
/usr/bin/qtconfig|symlink|qtchooser|777|root|root|-
/usr/bin/qtdiag|symlink|qtchooser|777|root|root|-
/usr/bin/qt-faststart|application/x-pie-executable|-rwxr-xr-x|755|root|root|f076897cffc8a1415f47c767f0f4ce4a
/usr/bin/qtpaths|symlink|qtchooser|777|root|root|-
/usr/bin/qtplugininfo|symlink|qtchooser|777|root|root|-
/usr/bin/querybts|text/x-script.python|-rwxr-xr-x|755|root|root|7405fe23303e24054a13dbe32a62c5a9
/usr/bin/qvkgen|symlink|qtchooser|777|root|root|-
/usr/bin/qvlc|text/x-shellscript|-rwxr-xr-x|755|root|root|d7383ffde9bf16d8032f6849f0249e81
/usr/bin/ranlib|symlink|x86_64-linux-gnu-ranlib|777|root|root|-
/usr/bin/rar|application/x-executable|-rwxr-xr-x|755|root|root|b94e2fd47a41adf4c10d7b1948861680
/usr/bin/rasterizer|text/x-shellscript|-rwxr-xr-x|755|root|root|a1ae75c21352d230d0908d61a946bdb9
/usr/bin/rbash|symlink|bash|777|root|root|-
/usr/bin/rcc|symlink|qtchooser|777|root|root|-
/usr/bin/rctest|application/x-pie-executable|-rwxr-xr-x|755|root|root|93dbb1ec8ffcad76b2500f9904662e4d
/usr/bin/rdma|application/x-pie-executable|-rwxr-xr-x|755|root|root|8a3223ec91995f9a39f6ba7b9b04ff56
/usr/bin/readelf|symlink|x86_64-linux-gnu-readelf|777|root|root|-
/usr/bin/readlink|application/x-pie-executable|-rwxr-xr-x|755|root|root|61b8680dc559f48c6fba7e7b363feb6f
/usr/bin/read_zbar|text/x-script.python|-rwxr-xr-x|755|root|root|b36eb920e9052c8267f1bbe6229a0d64
/usr/bin/realpath|application/x-pie-executable|-rwxr-xr-x|755|root|root|7e3bf63f1ddc5b7319e8dd22ba3ddade
/usr/bin/recode-sr-latin|application/x-pie-executable|-rwxr-xr-x|755|root|root|519f01f0c61e54d629f709b4935b2f09
/usr/bin/redshift|application/x-pie-executable|-rwxr-xr-x|755|root|root|a6c1475cf41529458ca2b119258b20bf
/usr/bin/regedit|symlink|/opt/wine-stable/bin/regedit|777|kali|kali|-
/usr/bin/regexp-assemble|text/x-perl|-rwxr-xr-x|755|root|root|bb0e2d3cef142c9725b39ffb5ae7ad5e
/usr/bin/regsvr32|symlink|/opt/wine-stable/bin/regsvr32|777|kali|kali|-
/usr/bin/rename.ul|application/x-pie-executable|-rwxr-xr-x|755|root|root|9754355f23b5527b3706074b45621baa
/usr/bin/rendercheck|application/x-pie-executable|-rwxr-xr-x|755|root|root|63f2a46d05507f0ac00da983120ac835
/usr/bin/renice|application/x-pie-executable|-rwxr-xr-x|755|root|root|ffed484c8bbce8eacef28f69296e53a3
/usr/bin/repc|symlink|qtchooser|777|root|root|-
/usr/bin/reportbug|text/x-script.python|-rwxr-xr-x|755|root|root|ef154f5d34d364e5ffa7d60a46c58558
/usr/bin/reset|symlink|tset|777|root|root|-
/usr/bin/reset-password|text/x-shellscript|-rwxr-xr-x|755|root|root|74ee2ccb1b3acc8cad53498e21d5ea69
/usr/bin/resizecons|application/x-pie-executable|-rwxr-xr-x|755|root|root|aaf6e06cb972cf665b47bd6f7227281e
/usr/bin/resizepart|application/x-pie-executable|-rwxr-xr-x|755|root|root|a68596a42f1e53f780e35c7d1fad6be4
/usr/bin/rev|application/x-pie-executable|-rwxr-xr-x|755|root|root|b2aa039e521f6c6dba73494c96ecd563
/usr/bin/rfcomm|application/x-pie-executable|-rwxr-xr-x|755|root|root|9f1377a2c361a6877142fa8a832efad1
/usr/bin/rgrep|text/x-shellscript|-rwxr-xr-x|755|root|root|449ab80d285c0965c814c89a8264a6a1
/usr/bin/ristretto|application/x-pie-executable|-rwxr-xr-x|755|root|root|ab999ae3eabb480ba59e1c41b8045e20
/usr/bin/rm|application/x-pie-executable|-rwxr-xr-x|755|root|root|a6526861d83c2e25b2eb7912af1306fa
/usr/bin/rmdir|application/x-pie-executable|-rwxr-xr-x|755|root|root|c0b4cdb7235c5619ccbba556a9adb5c4
/usr/bin/rmiregistry|symlink|/etc/alternatives/rmiregistry|777|root|root|-
/usr/bin/rnano|symlink|nano|777|root|root|-
/usr/bin/routel|text/x-script.python|-rwxr-xr-x|755|root|root|b0c3118e3225a3d0c9f842d894ff8acc
/usr/bin/rpcgen|application/x-pie-executable|-rwxr-xr-x|755|root|root|8ff90b48c65cb10ce9db2ab64a3e848c
/usr/bin/rrsync|text/x-script.python|-rwxr-xr-x|755|root|root|7753709d4addca6691e9e2a41d62a1b8
/usr/bin/rstart|text/x-shellscript|-rwxr-xr-x|755|root|root|859d7e8358661bbf4bc6d7b661b51451
/usr/bin/rstartd|text/x-shellscript|-rwxr-xr-x|755|root|root|e8cd7e1d83f36ee5973315b02ce246d2
/usr/bin/rsync|application/x-pie-executable|-rwxr-xr-x|755|root|root|4156356549f90284f726b2917a2e4013
/usr/bin/rsync-ssl|text/x-shellscript|-rwxr-xr-x|755|root|root|ec85f398f7b20ec7667a2218c737e8b3
/usr/bin/rtmpdump|application/x-pie-executable|-rwxr-xr-x|755|root|root|2ef7d466264e3f1c1e5be190d8a920b9
/usr/bin/rtstat|symlink|lnstat|777|root|root|-
/usr/bin/runcon|application/x-pie-executable|-rwxr-xr-x|755|root|root|ae36ec0a0c18f753de3cd74a2a0012f1
/usr/bin/run-mailcap|text/x-perl|-rwxr-xr-x|755|root|root|aa86232e8e84bebcceeb9572448b3aa3
/usr/bin/run-parts|application/x-pie-executable|-rwxr-xr-x|755|root|root|f761c929d6dc77bd3c17a5245ad32de7
/usr/bin/run-with-aspell|text/x-shellscript|-rwxr-xr-x|755|root|root|11ae9db9e09a797f98288125c316125a
/usr/bin/runxlrd|text/x-script.python|-rwxr-xr-x|755|root|root|7b815a64c9b8daa99399092d5838e292
/usr/bin/rview|symlink|/etc/alternatives/rview|777|root|root|-
/usr/bin/rvlc|text/x-shellscript|-rwxr-xr-x|755|root|root|94b0abf0e07ed7a7e392c82f16b7bc39
/usr/bin/sane-find-scanner|application/x-pie-executable|-rwxr-xr-x|755|root|root|63befbdeabcd9e99b3a03c11b13565e9
/usr/bin/savelog|text/x-shellscript|-rwxr-xr-x|755|root|root|8c844c3942907e9edf9f30b7110b0cc6
/usr/bin/scanimage|application/x-pie-executable|-rwxr-xr-x|755|root|root|e94659cfb68c0e46d55c61ff72449c17
/usr/bin/sccmap|application/x-pie-executable|-rwxr-xr-x|755|root|root|c3ab51d97188c0f9e4cbbe21ac398b04
/usr/bin/scp|application/x-pie-executable|-rwxr-xr-x|755|root|root|2fccf62cca502eefbe1dd73e0e0761f8
/usr/bin/scp-dbus-service|text/x-shellscript|-rwxr-xr-x|755|root|root|62cb92e70c55e79cfeb29296ecbe8a48
/usr/bin/screendump|application/x-pie-executable|-rwxr-xr-x|755|root|root|16f8c71917aa6fd1b5a9969c36155965
/usr/bin/script|application/x-pie-executable|-rwxr-xr-x|755|root|root|7048fd19519e211e946aed43b049539d
/usr/bin/scriptlive|application/x-pie-executable|-rwxr-xr-x|755|root|root|8ce03512ae637f1de842fff1e7e050b0
/usr/bin/scriptreplay|application/x-pie-executable|-rwxr-xr-x|755|root|root|821635b4955d998e0d8558858f297ff5
/usr/bin/sdiff|application/x-pie-executable|-rwxr-xr-x|755|root|root|6ae2843b495d49cd90d4d2ef8df05af8
/usr/bin/sdptool|application/x-pie-executable|-rwxr-xr-x|755|root|root|8b1eb9377945e36fc845c2143d4d3896
/usr/bin/search-operating-system|text/x-shellscript|-rwxr-xr-x|755|root|root|9b22a0365bf0a87bb1bf6047c1b06b6e
/usr/bin/sed|application/x-pie-executable|-rwxr-xr-x|755|root|root|d906d3cbe97d5cd7594e77c09dbc5286
/usr/bin/see|symlink|run-mailcap|777|root|root|-
/usr/bin/select-default-iwrap|text/x-perl|-rwxr-xr-x|755|root|root|1b8241323bd1458a89feaf8f0bfcd948
/usr/bin/select-editor|text/x-shellscript|-rwxr-xr-x|755|root|root|84fb5ece4f05dfedebb842b37a1c452d
/usr/bin/sensible-browser|text/x-shellscript|-rwxr-xr-x|755|root|root|906db1b120cfcfc2972e01499561e290
/usr/bin/sensible-editor|text/x-shellscript|-rwxr-xr-x|755|root|root|0b35dc9d9911a7f510de60c2ad087ec7
/usr/bin/sensible-pager|text/x-shellscript|-rwxr-xr-x|755|root|root|b124bc4dd7d48e25596e74ae15fb36e9
/usr/bin/sensors|application/x-pie-executable|-rwxr-xr-x|755|root|root|425dd99453c680629b37ccde69990672
/usr/bin/sensors-conf-convert|text/x-perl|-rwxr-xr-x|755|root|root|44bfcae75e4847986f68bb14c050743f
/usr/bin/seq|application/x-pie-executable|-rwxr-xr-x|755|root|root|e33e457493af30ba6d87e91e1f21fd82
/usr/bin/sessreg|application/x-pie-executable|-rwxr-xr-x|755|root|root|c5f311eb54f72b125a20a6d58d591cd8
/usr/bin/setarch|application/x-pie-executable|-rwxr-xr-x|755|root|root|0fc4bbeef12f1c2bc5f8135dd8ce9bb0
/usr/bin/setfacl|application/x-pie-executable|-rwxr-xr-x|755|root|root|c17b0d5cee894be78fe66132e808cb76
/usr/bin/setfont|application/x-pie-executable|-rwxr-xr-x|755|root|root|a459df108b04e997bb034877c85bcb56
/usr/bin/setkeycodes|application/x-pie-executable|-rwxr-xr-x|755|root|root|1e9dd27396a237d8ab062622e9e9295a
/usr/bin/setleds|application/x-pie-executable|-rwxr-xr-x|755|root|root|a8aa7543a83ec0e531f01ecf6666fd74
/usr/bin/setlogcons|application/x-pie-executable|-rwxr-xr-x|755|root|root|591e1b839c64bbc5ff15578fed5da7e6
/usr/bin/setmetamode|application/x-pie-executable|-rwxr-xr-x|755|root|root|95d9708adc9748b401d87744b1ddbb16
/usr/bin/setpci|application/x-pie-executable|-rwxr-xr-x|755|root|root|0484a2c18a403d8ebf1f45fa2e2f96ff
/usr/bin/setpriv|application/x-pie-executable|-rwxr-xr-x|755|root|root|c8225cc5bb8d846ea464077ec5c64671
/usr/bin/setsid|application/x-pie-executable|-rwxr-xr-x|755|root|root|f11fb9f1c11e760234676682622681be
/usr/bin/setterm|application/x-pie-executable|-rwxr-xr-x|755|root|root|b8cbb8df89194463def876b76c98039a
/usr/bin/setupcon|text/x-shellscript|-rwxr-xr-x|755|root|root|70265435b2e66a74fb17231fd2ca1d96
/usr/bin/setvtrgb|application/x-pie-executable|-rwxr-xr-x|755|root|root|46641d4406e91679b394f6cb0f2c4ba6
/usr/bin/setxkbmap|application/x-pie-executable|-rwxr-xr-x|755|root|root|5006ca4f71f413abc5c877161b939b43
/usr/bin/sfdp|symlink|dot|777|root|root|-
/usr/bin/sftp|application/x-pie-executable|-rwxr-xr-x|755|root|root|eb46a4364dad7c6733bdac599bdd6e29
/usr/bin/sg|symlink|newgrp|777|root|root|-
/usr/bin/sh|symlink|dash|777|root|root|-
/usr/bin/sha1sum|application/x-pie-executable|-rwxr-xr-x|755|root|root|219a268fcc35d6f586c963e3945381f3
/usr/bin/sha224sum|application/x-pie-executable|-rwxr-xr-x|755|root|root|7d8e605f403dc63ec5f71458eea0bcc2
/usr/bin/sha256sum|application/x-pie-executable|-rwxr-xr-x|755|root|root|57aa3f86e559f6e8d211da0c1f737739
/usr/bin/sha384sum|application/x-pie-executable|-rwxr-xr-x|755|root|root|f9c90c9d5a6d4ea4480457e89bc05b09
/usr/bin/sha512sum|application/x-pie-executable|-rwxr-xr-x|755|root|root|cc9736a157e7ca4c6950c70797d42628
/usr/bin/shasum|text/x-perl|-rwxr-xr-x|755|root|root|3a8fac04b8537bd9240d6a79583ba0da
/usr/bin/showconsolefont|application/x-pie-executable|-rwxr-xr-x|755|root|root|e32516a7f1579f41c711d7e9cb631634
/usr/bin/showkey|application/x-pie-executable|-rwxr-xr-x|755|root|root|67b48104cf1c5670fe1dff4889cedcfb
/usr/bin/showrgb|application/x-pie-executable|-rwxr-xr-x|755|root|root|5451390155d60f127e2731fe0f21c3b0
/usr/bin/shred|application/x-pie-executable|-rwxr-xr-x|755|root|root|4f1ba6b0f0e7cd7e536c40d1c055d91c
/usr/bin/shuf|application/x-pie-executable|-rwxr-xr-x|755|root|root|21160d1dbabf4f6ca986591c5bb96bcb
/usr/bin/simple-scan|application/x-pie-executable|-rwxr-xr-x|755|root|root|39828ccd85a3baf0d6b425918ed0d674
/usr/bin/size|symlink|x86_64-linux-gnu-size|777|root|root|-
/usr/bin/skill|application/x-pie-executable|-rwxr-xr-x|755|root|root|f358983dddad3075be2db2fde00aca14
/usr/bin/slabtop|application/x-pie-executable|-rwxr-xr-x|755|root|root|c5dd88f9db716f562660091e47cc2510
/usr/bin/sleep|application/x-pie-executable|-rwxr-xr-x|755|root|root|2ce54ade9838ff20e0f3e44763dbbb66
/usr/bin/slogin|symlink|ssh|777|root|root|-
/usr/bin/slxdecode|application/x-pie-executable|-rwxr-xr-x|755|root|root|ee8401350105fee993f17db9928ebc39
/usr/bin/smartdns|application/x-pie-executable|-rwxr-xr-x|755|root|root|0018235df806058f4ed7f82fa9513197
/usr/bin/smproxy|application/x-pie-executable|-rwxr-xr-x|755|root|root|1e40abf109a62d828ea53aa773312471
/usr/bin/snice|symlink|skill|777|root|root|-
/usr/bin/soelim|application/x-pie-executable|-rwxr-xr-x|755|root|root|d401ced5e566206f34310bb36df5a8c2
/usr/bin/soffice|symlink|../lib/libreoffice/program/soffice|777|root|root|-
/usr/bin/sort|application/x-pie-executable|-rwxr-xr-x|755|root|root|8b7634d32e91facd5800d2d97ef5a4fb
/usr/bin/sotruss|text/x-shellscript|-rwxr-xr-x|755|root|root|a03063d34ce816367f7350074d564ee2
/usr/bin/spa-acp-tool|application/x-pie-executable|-rwxr-xr-x|755|root|root|3ae19fb8846ba8bd8bc813dbec7b2b00
/usr/bin/spa-inspect|application/x-pie-executable|-rwxr-xr-x|755|root|root|80715dbc35d0954b360f04abc9919425
/usr/bin/spa-json-dump|application/x-pie-executable|-rwxr-xr-x|755|root|root|19f8b277fd748a2726cd8a08fe174572
/usr/bin/spa-monitor|application/x-pie-executable|-rwxr-xr-x|755|root|root|90b147ae059a5d4f55803d44165798cf
/usr/bin/spa-resample|application/x-pie-executable|-rwxr-xr-x|755|root|root|b729c703b64e68f662f643f0183a9bf3
/usr/bin/speaker-test|application/x-pie-executable|-rwxr-xr-x|755|root|root|ff90ee702d4407699305e59ac635b400
/usr/bin/splain|text/x-perl|-rwxr-xr-x|755|root|root|57278f8ffdf7467717273f8fdc2dd4d3
/usr/bin/split|application/x-pie-executable|-rwxr-xr-x|755|root|root|a6eb2b789023c70c3994ab428354f9bd
/usr/bin/splitfont|application/x-pie-executable|-rwxr-xr-x|755|root|root|41e975110e6e30c3c590d8a2323eef4c
/usr/bin/sprof|application/x-pie-executable|-rwxr-xr-x|755|root|root|31fbe96aef35ee92685ad92a429500d8
/usr/bin/squiggle|text/x-shellscript|-rwxr-xr-x|755|root|root|3667a8e5d60da950773fe08ba3441c3a
/usr/bin/srptool|application/x-pie-executable|-rwxr-xr-x|755|root|root|9f766f21b5a23f179eb4fb89a4d5d456
/usr/bin/ss|application/x-pie-executable|-rwxr-xr-x|755|root|root|1244d6a84b1f23a79a763a730c228d1b
/usr/bin/ss2|text/x-script.python|-rwxr-xr-x|755|root|root|2b26a60293f6af3b44c01942af4ee3d5
/usr/bin/ssh|application/x-pie-executable|-rwxr-xr-x|755|root|root|f9db69b2c58a2d8ae23687c20b8ee1e2
/usr/bin/ssh-add|application/x-pie-executable|-rwxr-xr-x|755|root|root|ebdd6fd8c53040303f1f26d413bc086c
/usr/bin/ssh-agent|application/x-pie-executable|-rwxr-sr-x|2755|root|i2c|5a270fc5a56bbc5b933ccc729338745c
/usr/bin/ssh-argv0|text/x-shellscript|-rwxr-xr-x|755|root|root|df186356713a0c094a0fcdc6df5d9887
/usr/bin/ssh-copy-id|text/x-shellscript|-rwxr-xr-x|755|root|root|def23132436446aaa9dcf3d56bbf0875
/usr/bin/ssh-keygen|application/x-pie-executable|-rwxr-xr-x|755|root|root|5fb78359a0d09a87e95aae6828cc86a5
/usr/bin/ssh-keyscan|application/x-pie-executable|-rwxr-xr-x|755|root|root|322196510403acee188276495b12979f
/usr/bin/startx|text/x-shellscript|-rwxr-xr-x|755|root|root|ed0a7d33fe4f302b2fc7f3ebf478531a
/usr/bin/stat|application/x-pie-executable|-rwxr-xr-x|755|root|root|fc1de59c99c31cde0cba7f3d8a0009dc
/usr/bin/stdbuf|application/x-pie-executable|-rwxr-xr-x|755|root|root|779343475dc276cec469abaf03b01c69
/usr/bin/stl2gts|application/x-pie-executable|-rwxr-xr-x|755|root|root|c2555078634c0b9609150089b1af5a8b
/usr/bin/streamzip|text/x-perl|-rwxr-xr-x|755|root|root|35e51c4955fe02fba0857e3754661d90
/usr/bin/strings|symlink|x86_64-linux-gnu-strings|777|root|root|-
/usr/bin/strip|symlink|x86_64-linux-gnu-strip|777|root|root|-
/usr/bin/stty|application/x-pie-executable|-rwxr-xr-x|755|root|root|c77c79d27c0c5a969e6e6b4e82c066f3
/usr/bin/su|application/x-pie-executable|-rwsr-xr-x|4755|root|root|bf3f1799b2782402b9bbe1d16fba90e5
/usr/bin/sudo|application/x-pie-executable|-rwsr-xr-x|4755|root|root|ef45e403949fb11b4f23931384b3c705
/usr/bin/sudoedit|symlink|sudo|777|root|root|-
/usr/bin/sudoreplay|application/x-pie-executable|-rwxr-xr-x|755|root|root|52fe7962d177ba926b243f7be472bbde
/usr/bin/sum|application/x-pie-executable|-rwxr-xr-x|755|root|root|89723f6d65ca3ef1774c47a9f33d87e1
/usr/bin/svgpp|text/x-shellscript|-rwxr-xr-x|755|root|root|1bf372c46fd9bd37cf54734aaba2ef8f
/usr/bin/svlc|text/x-shellscript|-rwxr-xr-x|755|root|root|3bff1bf6cca8d6f40345ee4a17c2522b
/usr/bin/switch-restricted|text/x-shellscript|-rwxr-xr-x|755|root|root|45205e80451cd91d1ba1ab9e9aae7ff6
/usr/bin/swtpm|application/x-pie-executable|-rwxr-xr-x|755|root|root|5ac53aa6297bd102a51e3c6b89c5b889
/usr/bin/swtpm_bios|application/x-pie-executable|-rwxr-xr-x|755|root|root|efa042370252e0c645fe57658518bf97
/usr/bin/swtpm_cert|application/x-pie-executable|-rwxr-xr-x|755|root|root|93a6c8c76fd044b5640651beb789e208
/usr/bin/swtpm_ioctl|application/x-pie-executable|-rwxr-xr-x|755|root|root|9e29262c75f9be40cdd294bcf1f6a496
/usr/bin/swtpm_localca|application/x-pie-executable|-rwxr-xr-x|755|root|root|ee83386e443936967adea331456e9dff
/usr/bin/swtpm_setup|application/x-pie-executable|-rwxr-xr-x|755|root|root|557579170234ef2048b43a5ddce6503c
/usr/bin/sxw2txt|symlink|odt2txt.odt2txt|777|root|root|-
/usr/bin/synaptic-pkexec|text/x-shellscript|-rwxr-xr-x|755|root|root|e586f813686bc1962a30add078d08618
/usr/bin/sync|application/x-pie-executable|-rwxr-xr-x|755|root|root|5ae14d029e5532e425bb574b0edeabba
/usr/bin/system-config-printer|text/x-shellscript|-rwxr-xr-x|755|root|root|56b2202746bd9e95a0355830bcb1982e
/usr/bin/system-config-printer-applet|text/x-shellscript|-rwxr-xr-x|755|root|root|6415fc767d53a0ebe1905cef920a7f53
/usr/bin/systemctl|application/x-pie-executable|-rwxr-xr-x|755|root|root|b522864517662830bb7888d60adb88cc
/usr/bin/systemd|symlink|/lib/systemd/systemd|777|root|root|-
/usr/bin/systemd-analyze|application/x-pie-executable|-rwxr-xr-x|755|root|root|0a3b3966be855a7a934543bf7b50618a
/usr/bin/systemd-ask-password|application/x-pie-executable|-rwxr-xr-x|755|root|root|5b49677ae028f98b30329c8218072626
/usr/bin/systemd-cat|application/x-pie-executable|-rwxr-xr-x|755|root|root|d681d709c91faedd977b16df6648b7a7
/usr/bin/systemd-cgls|application/x-pie-executable|-rwxr-xr-x|755|root|root|c2f68e9b54f3cdf2c10e19d4a261bd04
/usr/bin/systemd-cgtop|application/x-pie-executable|-rwxr-xr-x|755|root|root|2ee2857f7bc20e5d1b7927d09d156b4a
/usr/bin/systemd-creds|application/x-pie-executable|-rwxr-xr-x|755|root|root|14ca21485afec8b84c0872f25bb38108
/usr/bin/systemd-cryptenroll|application/x-pie-executable|-rwxr-xr-x|755|root|root|f6fc049bc77dc1bfea206ced624971f6
/usr/bin/systemd-delta|application/x-pie-executable|-rwxr-xr-x|755|root|root|94327588615fd120799fbff59fd8f5a6
/usr/bin/systemd-detect-virt|application/x-pie-executable|-rwxr-xr-x|755|root|root|52fd8ae2ba853cc8d924123d8e406135
/usr/bin/systemd-escape|application/x-pie-executable|-rwxr-xr-x|755|root|root|db62a9e54ad6eb8134f338985d795c9f
/usr/bin/systemd-firstboot|application/x-pie-executable|-rwxr-xr-x|755|root|root|085d5d7bd16db779baa395c336eb3507
/usr/bin/systemd-hwdb|application/x-pie-executable|-rwxr-xr-x|755|root|root|e762061053ed2109ccdfd44270ed1a73
/usr/bin/systemd-id128|application/x-pie-executable|-rwxr-xr-x|755|root|root|9301051cd092c0eadcdce9602b69da45
/usr/bin/systemd-inhibit|application/x-pie-executable|-rwxr-xr-x|755|root|root|ee43a92cbc2b0cdea41e9ae5e83f5475
/usr/bin/systemd-machine-id-setup|application/x-pie-executable|-rwxr-xr-x|755|root|root|9794b03786cd1ef3b08e9e863004ae43
/usr/bin/systemd-mount|application/x-pie-executable|-rwxr-xr-x|755|root|root|79871f97f55bbe2ae70535264d580af6
/usr/bin/systemd-notify|application/x-pie-executable|-rwxr-xr-x|755|root|root|81b4aa4fb23d4252849d2d54ca2be0ba
/usr/bin/systemd-path|application/x-pie-executable|-rwxr-xr-x|755|root|root|8ba1f549533d3cbd5ffd92e47e7e1329
/usr/bin/systemd-repart|application/x-pie-executable|-rwxr-xr-x|755|root|root|40911a1835d4cf67e7fd9a3e41d4ed14
/usr/bin/systemd-run|application/x-pie-executable|-rwxr-xr-x|755|root|root|889c5b833600b9c385190e71aa232bd7
/usr/bin/systemd-socket-activate|application/x-pie-executable|-rwxr-xr-x|755|root|root|99eaa1eb2f8525cad8e7b49f91b38b9a
/usr/bin/systemd-stdio-bridge|application/x-pie-executable|-rwxr-xr-x|755|root|root|4381e23223c244e52b4a86cce7984a54
/usr/bin/systemd-sysext|application/x-pie-executable|-rwxr-xr-x|755|root|root|146a6b32698af948fd9e8bdab1d7f753
/usr/bin/systemd-sysusers|application/x-pie-executable|-rwxr-xr-x|755|root|root|942028a1beb9df9122e31aa353b9b055
/usr/bin/systemd-tmpfiles|application/x-pie-executable|-rwxr-xr-x|755|root|root|445a6168378cc39ac1d13c0ac0990e5b
/usr/bin/systemd-tty-ask-password-agent|application/x-pie-executable|-rwxr-xr-x|755|root|root|db85e0c66a501ce43399dc3a60739a58
/usr/bin/systemd-umount|symlink|systemd-mount|777|root|root|-
/usr/bin/system-monitoring-center|text/x-script.python|-rwxr-xr-x|755|root|root|0e339e1e1bdaa28915f98d99d1c5180e
/usr/bin/tabs|application/x-pie-executable|-rwxr-xr-x|755|root|root|bb2e0ad400941e42f57dbd48f470d3bf
/usr/bin/tac|application/x-pie-executable|-rwxr-xr-x|755|root|root|68fdf0860a9d4b22a7ab0bfeff386e9a
/usr/bin/tail|application/x-pie-executable|-rwxr-xr-x|755|root|root|2d9323649cd3618f15f6a20185cf55a9
/usr/bin/tar|application/x-pie-executable|-rwxr-xr-x|755|root|root|7a4d13195ae7bde45d951cf77ec6600e
/usr/bin/tasksel|text/x-perl|-rwxr-xr-x|755|root|root|33597a75ed3d624db54fd49e300212d9
/usr/bin/taskset|application/x-pie-executable|-rwxr-xr-x|755|root|root|62b5d3e08ba7d2176d1c83e3fdd8579a
/usr/bin/tbl|application/x-pie-executable|-rwxr-xr-x|755|root|root|ebd3bddbe950fbf65f6fef8d92a0d49c
/usr/bin/tclsh|symlink|tclsh8.6|777|root|root|-
/usr/bin/tclsh8.6|application/x-pie-executable|-rwxr-xr-x|755|root|root|4285fe6f5ab6c1af331397ea141716b3
/usr/bin/tee|application/x-pie-executable|-rwxr-xr-x|755|root|root|8303f4a474cf16ba8d9603ca8adbdfd5
/usr/bin/telnet|symlink|/etc/alternatives/telnet|777|root|root|-
/usr/bin/tempfile|application/x-pie-executable|-rwxr-xr-x|755|root|root|6cd113a394c8d2d6f8842232bbdea09b
/usr/bin/test|application/x-pie-executable|-rwxr-xr-x|755|root|root|2b0d8f6da5bc97e313ded93f0bbbb239
/usr/bin/tic|application/x-pie-executable|-rwxr-xr-x|755|root|root|633418b8af629cd022c17f538cfd616d
/usr/bin/tificc|application/x-pie-executable|-rwxr-xr-x|755|root|root|4e4f1c85088519b650069d05d99c9a7b
/usr/bin/timedatectl|application/x-pie-executable|-rwxr-xr-x|755|root|root|deb681b92e98329661253d44c3f41b8a
/usr/bin/timeout|application/x-pie-executable|-rwxr-xr-x|755|root|root|68a5dbef05db76e205bd1757e3e20f88
/usr/bin/tixindex|text/x-shellscript|-rwxr-xr-x|755|root|root|2151af92adfd3689d84534e56b4da186
/usr/bin/tload|application/x-pie-executable|-rwxr-xr-x|755|root|root|c10814572e5de8a5f7480e3e7aad696a
/usr/bin/toe|application/x-pie-executable|-rwxr-xr-x|755|root|root|9c184458a2a4bef4f73556515dcc3dcd
/usr/bin/top|application/x-pie-executable|-rwxr-xr-x|755|root|root|cacf6bcf70953d709299c228cd39556b
/usr/bin/touch|application/x-pie-executable|-rwxr-xr-x|755|root|root|9f47a295ca6d22e1ede03e13dfb3d7a9
/usr/bin/touchdrv_launcher|text/x-shellscript|-rwxr-xr-x|755|root|root|12979ba1196eaf2c35ff9d4e19247a0c
/usr/bin/touchegg|application/x-pie-executable|-rwxr-xr-x|755|root|root|d66bbcf8ad2afeaa9fd7a3a6ece40680
/usr/bin/tput|application/x-pie-executable|-rwxr-xr-x|755|root|root|4fbeac6e9ce58d9e4272366dd505da72
/usr/bin/tr|application/x-pie-executable|-rwxr-xr-x|755|root|root|391a765192fcbe17e0bc6fdf8999d737
/usr/bin/traceproto|symlink|/etc/alternatives/traceproto|777|root|root|-
/usr/bin/traceproto.db|text/x-shellscript|-rwxr-xr-x|755|root|root|832f993e4ecf1dae88ded1d6f19dc750
/usr/bin/traceroute|symlink|/etc/alternatives/traceroute|777|root|root|-
/usr/bin/traceroute6|symlink|/etc/alternatives/traceroute6|777|root|root|-
/usr/bin/traceroute6.db|symlink|traceroute.db|777|root|root|-
/usr/bin/traceroute.db|application/x-pie-executable|-rwxr-xr-x|755|root|root|9f9261dd1962bfd72db18d29890ca506
/usr/bin/traceroute-nanog|text/x-shellscript|-rwxr-xr-x|755|root|root|13e3b7f9825dd0efcf73695f8e14240e
/usr/bin/tracker3|application/x-pie-executable|-rwxr-xr-x|755|root|root|d3190235b44518ebb7e2496224b3602a
/usr/bin/transform|application/x-pie-executable|-rwxr-xr-x|755|root|root|a5265b2463fc391f3b3f876a10ff88ed
/usr/bin/transicc|application/x-pie-executable|-rwxr-xr-x|755|root|root|6024b813bfe2842cfb7aaa8953710fe4
/usr/bin/transset|application/x-pie-executable|-rwxr-xr-x|755|root|root|4741be28cd4339e85c1ecf5cf9b60c9c
/usr/bin/tred|application/x-pie-executable|-rwxr-xr-x|755|root|root|e220baabd02c372e64226c256a723d40
/usr/bin/tree|application/x-pie-executable|-rwxr-xr-x|755|root|root|6050710ac1dcb11cfeec58da39685dd9
/usr/bin/troff|application/x-pie-executable|-rwxr-xr-x|755|root|root|c3ef503985b2ff7bcdc339b1ffc4f538
/usr/bin/true|application/x-pie-executable|-rwxr-xr-x|755|root|root|7a52c94ace40d9c052cf40f3541637c3
/usr/bin/truncate|application/x-pie-executable|-rwxr-xr-x|755|root|root|8f64cab438265bd7f96ff77a5c027bb3
/usr/bin/trust|application/x-pie-executable|-rwxr-xr-x|755|root|root|2fcca0c53ef2c1c2faaee20f2c4d157c
/usr/bin/tset|application/x-pie-executable|-rwxr-xr-x|755|root|root|e733195a5fc8b2609da2df4467363859
/usr/bin/tsort|application/x-pie-executable|-rwxr-xr-x|755|root|root|73b8ae4ba13ac793b58130756bf3f1f3
/usr/bin/ttf2svg|text/x-shellscript|-rwxr-xr-x|755|root|root|5c9e0905c8a21ecb3c848027e3c55faa
/usr/bin/tty|application/x-pie-executable|-rwxr-xr-x|755|root|root|b3f168bd022e4b9f67872464722dd989
/usr/bin/twopi|symlink|dot|777|root|root|-
/usr/bin/tzselect|text/x-shellscript|-rwxr-xr-x|755|root|root|05ce4113435ba55d120d13df8d185914
/usr/bin/ucf|text/x-shellscript|-rwxr-xr-x|755|root|root|40ef1880008f1869f379d7c7130e0a72
/usr/bin/ucfq|text/x-perl|-rwxr-xr-x|755|root|root|e664e50d61a9f85ee48c46e6b3fabc24
/usr/bin/ucfr|text/x-shellscript|-rwxr-xr-x|755|root|root|2c61aaa21072046cce0efbb9e7ea4a1b
/usr/bin/uclampset|application/x-pie-executable|-rwxr-xr-x|755|root|root|30ef40e86743ae12afdd7a7b3655a46a
/usr/bin/ucs2any|application/x-pie-executable|-rwxr-xr-x|755|root|root|710bf9b1cef854fade7d2f65554fdc76
/usr/bin/udevadm|application/x-pie-executable|-rwxr-xr-x|755|root|root|c5507b4e6f29d263718853a1938e73b2
/usr/bin/udisksctl|application/x-pie-executable|-rwxr-xr-x|755|root|root|19474203fe39ca3f62a54fe17aa02b5a
/usr/bin/uic|symlink|qtchooser|777|root|root|-
/usr/bin/uic3|symlink|qtchooser|777|root|root|-
/usr/bin/ul|application/x-pie-executable|-rwxr-xr-x|755|root|root|078558f6ef0dd00431450a5af645a78c
/usr/bin/umax_pp|application/x-pie-executable|-rwxr-xr-x|755|root|root|fd0303b3a79f83c187554be96142a4b9
/usr/bin/umount|application/x-pie-executable|-rwsr-xr-x|4755|root|root|04f0c0a2f1149bbfcef5dcead1eeebaf
/usr/bin/uname|application/x-pie-executable|-rwxr-xr-x|755|root|root|b38faa02cf704dbc24430fa94c0d18c5
/usr/bin/uncompress|text/x-shellscript|-rwxr-xr-x|755|root|root|f1c94a9ff82904934a5269edbc8356ec
/usr/bin/unexpand|application/x-pie-executable|-rwxr-xr-x|755|root|root|edf89c2a5a9bee4b20250b43923c5a21
/usr/bin/unflatten|application/x-pie-executable|-rwxr-xr-x|755|root|root|1fc7ce0e15d3820e7ea19cfc7e645e45
/usr/bin/unicode_start|text/x-shellscript|-rwxr-xr-x|755|root|root|8e8e3e536cef26bb2f5fe147052f1f3a
/usr/bin/unicode_stop|text/x-shellscript|-rwxr-xr-x|755|root|root|63976c86fc4ad2def9133af94a3a9146
/usr/bin/uniq|application/x-pie-executable|-rwxr-xr-x|755|root|root|8242181286fa015e0b9cf71fad7007d6
/usr/bin/unity-scope-loader|application/x-pie-executable|-rwxr-xr-x|755|root|root|fda7bfe8b9020ef294677ed106a55cfd
/usr/bin/unlink|application/x-pie-executable|-rwxr-xr-x|755|root|root|e0d7d80b812e94dea41d173790139322
/usr/bin/unlz4|symlink|lz4|777|root|root|-
/usr/bin/unlzma|symlink|/etc/alternatives/unlzma|777|root|root|-
/usr/bin/unmkinitramfs|text/x-shellscript|-rwxr-xr-x|755|root|root|80427489921e2171b24fc4fb22423db3
/usr/bin/unopkg|text/x-shellscript|-rwxr-xr-x|755|root|root|f2bb93d256fa13a4fe6d7e98f1894241
/usr/bin/unshare|application/x-pie-executable|-rwxr-xr-x|755|root|root|f1b87ccdd364c0ed4fb0f02cdbcf0795
/usr/bin/untex|application/x-pie-executable|-rwxr-xr-x|755|root|root|c182b193609505fc358376369a4da5e6
/usr/bin/unxz|symlink|xz|777|root|root|-
/usr/bin/unzip|application/x-pie-executable|-rwxr-xr-x|755|root|root|380b48da4e93a1bfc0b9fc10247aea6f
/usr/bin/unzipsfx|application/x-pie-executable|-rwxr-xr-x|755|root|root|e59b837d799eba67588bbf045b2918db
/usr/bin/unzstd|symlink|zstd|777|root|root|-
/usr/bin/update-alternatives|application/x-pie-executable|-rwxr-xr-x|755|root|root|ccdf886c921ca2503e583bc8ecc2aa41
/usr/bin/updatedb|symlink|/etc/alternatives/updatedb|777|root|root|-
/usr/bin/update-desktop-database|application/x-pie-executable|-rwxr-xr-x|755|root|root|5960315b7091c0add2daa1d473aa8762
/usr/bin/update-mime-database|application/x-pie-executable|-rwxr-xr-x|755|root|root|457b2de6b10fede473dece5e5611a062
/usr/bin/upower|application/x-pie-executable|-rwxr-xr-x|755|root|root|3791545c34f58f86b788e362a1429e54
/usr/bin/uptime|application/x-pie-executable|-rwxr-xr-x|755|root|root|b48f620b53343cbed8f1cab8e2ff5e0f
/usr/bin/usb-devices|text/x-shellscript|-rwxr-xr-x|755|root|root|4d5d16c084df3e381e825e2d9ad190b0
/usr/bin/usbhid-dump|application/x-pie-executable|-rwxr-xr-x|755|root|root|3668b5e9bb65e5d8f6fa5bb96d0d9f41
/usr/bin/usb_printerid|application/x-pie-executable|-rwxr-xr-x|755|root|root|06f76ed84c128673a02cf6bb8bd2ae81
/usr/bin/usbreset|application/x-pie-executable|-rwxr-xr-x|755|root|root|0339245cacb89fe9b95c611648f8a0c1
/usr/bin/users|application/x-pie-executable|-rwxr-xr-x|755|root|root|62952c72a6d11c503733d4f68ea1fd39
/usr/bin/user-setup|text/x-shellscript|-rwxr-xr-x|755|root|root|f9099f22480d83e6c852b9dd679c318f
/usr/bin/utmpdump|application/x-pie-executable|-rwxr-xr-x|755|root|root|4bb602aece97bb3e6abd14b87925b781
/usr/bin/uuidgen|application/x-pie-executable|-rwxr-xr-x|755|root|root|130b080af7e27ac30b70ba3e44f4e1e4
/usr/bin/uuidparse|application/x-pie-executable|-rwxr-xr-x|755|root|root|2e5448b35a277644eb251dea25fcff03
/usr/bin/vdir|application/x-pie-executable|-rwxr-xr-x|755|root|root|ffd6d0cb18e3ff9e37ae684f70f573ec
/usr/bin/vi|symlink|/etc/alternatives/vi|777|root|root|-
/usr/bin/view|symlink|/etc/alternatives/view|777|root|root|-
/usr/bin/viewres|application/x-pie-executable|-rwxr-xr-x|755|root|root|30b1956ac9d3be5a2b82bc1abf0bf9f6
/usr/bin/vimdot|text/x-shellscript|-rwxr-xr-x|755|root|root|08199db36f599d6782a2e99b4731ff62
/usr/bin/vim.tiny|application/x-pie-executable|-rwxr-xr-x|755|root|root|5428e73fb6fe47b0628b0c519fa70c38
/usr/bin/virt-qemu-run|application/x-pie-executable|-rwxr-xr-x|755|root|root|289e26d52d6f2a8a4fd2fd54fc74b2c1
/usr/bin/virt-ssh-helper|application/x-pie-executable|-rwxr-xr-x|755|root|root|1a262610f1450ed736261b6bfb2353d4
/usr/bin/vlc|application/x-pie-executable|-rwxr-xr-x|755|root|root|0e14cbe6a6dd7386aa5bdd7f1cd2b89e
/usr/bin/vlc-wrapper|application/x-pie-executable|-rwxr-xr-x|755|root|root|9b4690404efe4898e38c743a30cfaed6
/usr/bin/vmstat|application/x-pie-executable|-rwxr-xr-x|755|root|root|3282ccbdddd6844cee95cc3c4a34b875
/usr/bin/vmwarectrl|application/x-pie-executable|-rwxr-xr-x|755|root|root|a5fedbe75b3d78f87cb6d68cda0a4cbf
/usr/bin/w|application/x-pie-executable|-rwxr-xr-x|755|root|root|ad9020e959c7cf87de85907f31edda1c
/usr/bin/wall|application/x-pie-executable|-rwxr-xr-x|755|root|root|d867303aa2c204b56551c8fc89981ce5
/usr/bin/warpinator|text/x-shellscript|-rwxr-xr-x|755|root|root|0e7930221c30c6f961ee48f52d007c94
/usr/bin/warpinator-send|text/x-script.python|-rwxr-xr-x|755|root|root|15ed69f392cd345284d607ea3d388480
/usr/bin/watch|application/x-pie-executable|-rwxr-xr-x|755|root|root|133382fd2ec961527c755646c630942c
/usr/bin/watchgnupg|application/x-pie-executable|-rwxr-xr-x|755|root|root|616a419af189e54a1473c074ae148ddf
/usr/bin/wc|application/x-pie-executable|-rwxr-xr-x|755|root|root|1ba73ec5f15bb880732fe6e78456fc3e
/usr/bin/wdctl|application/x-pie-executable|-rwxr-xr-x|755|root|root|b76759ae721112f27ff85d156723fb97
/usr/bin/WebKitWebDriver|application/x-pie-executable|-rwxr-xr-x|755|root|root|c9c842c897eaa20d70bd3ddbb8c6d65d
/usr/bin/wget|application/x-pie-executable|-rwxr-xr-x|755|root|root|aaad9805f2a4aeb3f4741809a2d59a66
/usr/bin/whatis|application/x-pie-executable|-rwxr-xr-x|755|root|root|0557a327f754a9baf4c118264045c54c
/usr/bin/whereis|application/x-pie-executable|-rwxr-xr-x|755|root|root|e675530324bef793da32788e47cefb7d
/usr/bin/which|symlink|/etc/alternatives/which|777|root|root|-
/usr/bin/which.debianutils|text/x-shellscript|-rwxr-xr-x|755|root|root|e942f154ef9d9974366551d2d231d936
/usr/bin/whiptail|application/x-pie-executable|-rwxr-xr-x|755|root|root|abb18e1c5e596bb98034a01c6dc65311
/usr/bin/who|application/x-pie-executable|-rwxr-xr-x|755|root|root|1070b879f0cd690ce287d50ea614c894
/usr/bin/whoami|application/x-pie-executable|-rwxr-xr-x|755|root|root|3449871cc8b6da567a47d6d689d6f651
/usr/bin/widl|symlink|/opt/wine-stable/bin/widl|777|kali|kali|-
/usr/bin/wine|symlink|/opt/wine-stable/bin/wine|777|kali|kali|-
/usr/bin/wine64|symlink|/opt/wine-stable/bin/wine64|777|kali|kali|-
/usr/bin/wine64-preloader|symlink|/opt/wine-stable/bin/wine64-preloader|777|kali|kali|-
/usr/bin/wineboot|symlink|/opt/wine-stable/bin/wineboot|777|kali|kali|-
/usr/bin/winebuild|symlink|/opt/wine-stable/bin/winebuild|777|kali|kali|-
/usr/bin/winecfg|symlink|/opt/wine-stable/bin/winecfg|777|kali|kali|-
/usr/bin/wineconsole|symlink|/opt/wine-stable/bin/wineconsole|777|kali|kali|-
/usr/bin/winecpp|symlink|/opt/wine-stable/bin/winecpp|777|kali|kali|-
/usr/bin/winedbg|symlink|/opt/wine-stable/bin/winedbg|777|kali|kali|-
/usr/bin/winedump|symlink|/opt/wine-stable/bin/winedump|777|kali|kali|-
/usr/bin/winefile|symlink|/opt/wine-stable/bin/winefile|777|kali|kali|-
/usr/bin/wineg++|symlink|/opt/wine-stable/bin/wineg++|777|kali|kali|-
/usr/bin/winegcc|symlink|/opt/wine-stable/bin/winegcc|777|kali|kali|-
/usr/bin/winemaker|symlink|/opt/wine-stable/bin/winemaker|777|kali|kali|-
/usr/bin/winemine|symlink|/opt/wine-stable/bin/winemine|777|kali|kali|-
/usr/bin/winepath|symlink|/opt/wine-stable/bin/winepath|777|kali|kali|-
/usr/bin/wine-preloader|symlink|/opt/wine-stable/bin/wine-preloader|777|kali|kali|-
/usr/bin/wineserver|symlink|/opt/wine-stable/bin/wineserver|777|kali|kali|-
/usr/bin/wireplumber|application/x-pie-executable|-rwxr-xr-x|755|root|root|cef0724aaac5600aea58b2d250b26334
/usr/bin/wish|symlink|wish8.6|777|root|root|-
/usr/bin/wish8.6|application/x-pie-executable|-rwxr-xr-x|755|root|root|d713bca99fbb086d1a5f0772b31117ad
/usr/bin/wmc|symlink|/opt/wine-stable/bin/wmc|777|kali|kali|-
/usr/bin/word-list-compress|application/x-pie-executable|-rwxr-xr-x|755|root|root|78b2f13917b616e3a1bd125ed414a128
/usr/bin/wordview|text/x-tcl|-rwxr-xr-x|755|root|root|946115b4134ed1e73c85ad8b52861846
/usr/bin/wpa_passphrase|application/x-pie-executable|-rwxr-xr-x|755|root|root|77c9ba62409a26679e6652e9fc86fd48
/usr/bin/wpctl|application/x-pie-executable|-rwxr-xr-x|755|root|root|99370fa4af2c3148f4df0afd083b50bb
/usr/bin/wpexec|application/x-pie-executable|-rwxr-xr-x|755|root|root|a2b224af7a65accecae0809acb89297e
/usr/bin/wrc|symlink|/opt/wine-stable/bin/wrc|777|kali|kali|-
/usr/bin/write|application/x-pie-executable|-rwxr-xr-x|755|root|root|6757be98e1eee4509183a22c10ed3904
/usr/bin/www-browser|symlink|/etc/alternatives/www-browser|777|root|root|-
/usr/bin/X|symlink|Xorg|777|root|root|-
/usr/bin/X11|symlink|.|777|root|root|-
/usr/bin/x11perf|application/x-pie-executable|-rwxr-xr-x|755|root|root|de34d67020ee2ddafcce15e2aab1cd5e
/usr/bin/x11perfcomp|text/x-shellscript|-rwxr-xr-x|755|root|root|7933cc784c6e65789b27ee56c7868830
/usr/bin/x86_64|symlink|setarch|777|root|root|-
/usr/bin/x86_64-linux-gnu-addr2line|application/x-pie-executable|-rwxr-xr-x|755|root|root|06866fadd6d2aa763fc021fcb1c60947
/usr/bin/x86_64-linux-gnu-ar|application/x-pie-executable|-rwxr-xr-x|755|root|root|8366ccc368ae4f35dc4939f6c47dde1c
/usr/bin/x86_64-linux-gnu-as|application/x-pie-executable|-rwxr-xr-x|755|root|root|07354e5527aa494f01f2d317d79d1d7e
/usr/bin/x86_64-linux-gnu-c++filt|application/x-pie-executable|-rwxr-xr-x|755|root|root|a2b2adedbeae4eae390d1522a1f54a36
/usr/bin/x86_64-linux-gnu-cpp|symlink|cpp-12|777|root|root|-
/usr/bin/x86_64-linux-gnu-cpp-12|application/x-executable|-rwxr-xr-x|755|root|root|87c298e59412e2369c00f74d24ba7eaf
/usr/bin/x86_64-linux-gnu-dwp|application/x-pie-executable|-rwxr-xr-x|755|root|root|748f9229340dc31ffd0c99f137f5b3f8
/usr/bin/x86_64-linux-gnu-elfedit|application/x-pie-executable|-rwxr-xr-x|755|root|root|f7384d24f5f2e3235b0cca9251e805af
/usr/bin/x86_64-linux-gnu-g++|symlink|g++-12|777|root|root|-
/usr/bin/x86_64-linux-gnu-g++-12|application/x-executable|-rwxr-xr-x|755|root|root|89b53cea78e847836ed8fad3f23dd601
/usr/bin/x86_64-linux-gnu-gcc|symlink|gcc-12|777|root|root|-
/usr/bin/x86_64-linux-gnu-gcc-12|application/x-executable|-rwxr-xr-x|755|root|root|953489e0ca09dd3ebcc7e2077a3685cc
/usr/bin/x86_64-linux-gnu-gcc-ar|symlink|gcc-ar-12|777|root|root|-
/usr/bin/x86_64-linux-gnu-gcc-ar-12|application/x-executable|-rwxr-xr-x|755|root|root|e50ef474b0ac322ee969b69eaf2e7a2a
/usr/bin/x86_64-linux-gnu-gcc-nm|symlink|gcc-nm-12|777|root|root|-
/usr/bin/x86_64-linux-gnu-gcc-nm-12|application/x-executable|-rwxr-xr-x|755|root|root|33fc6239432a5bc009b67b0f07a23244
/usr/bin/x86_64-linux-gnu-gcc-ranlib|symlink|gcc-ranlib-12|777|root|root|-
/usr/bin/x86_64-linux-gnu-gcc-ranlib-12|application/x-executable|-rwxr-xr-x|755|root|root|8e794c89b9f8abe9d9799020d0f2dea3
/usr/bin/x86_64-linux-gnu-gcov|symlink|gcov-12|777|root|root|-
/usr/bin/x86_64-linux-gnu-gcov-12|application/x-executable|-rwxr-xr-x|755|root|root|5f9f3b57b39dc57ca6b58697ace15b1f
/usr/bin/x86_64-linux-gnu-gcov-dump|symlink|gcov-dump-12|777|root|root|-
/usr/bin/x86_64-linux-gnu-gcov-dump-12|application/x-executable|-rwxr-xr-x|755|root|root|347594b267b73de4c8cf05983fd34b46
/usr/bin/x86_64-linux-gnu-gcov-tool|symlink|gcov-tool-12|777|root|root|-
/usr/bin/x86_64-linux-gnu-gcov-tool-12|application/x-executable|-rwxr-xr-x|755|root|root|f4500eaff08ba9f5374f123b50097cd5
/usr/bin/x86_64-linux-gnu-gold|symlink|x86_64-linux-gnu-ld.gold|777|root|root|-
/usr/bin/x86_64-linux-gnu-gp-archive|application/x-pie-executable|-rwxr-xr-x|755|root|root|2ca1e6e9f62084cae78e47b199adf1ba
/usr/bin/x86_64-linux-gnu-gp-collect-app|application/x-pie-executable|-rwxr-xr-x|755|root|root|5883885724003dc2372715cf822a2317
/usr/bin/x86_64-linux-gnu-gp-display-html|text/x-perl|-rwxr-xr-x|755|root|root|ba6a6d54ffe2cf406ba94650882d41d3
/usr/bin/x86_64-linux-gnu-gp-display-src|application/x-pie-executable|-rwxr-xr-x|755|root|root|50c98fdfc0f061f990a3362bef1074c4
/usr/bin/x86_64-linux-gnu-gp-display-text|application/x-pie-executable|-rwxr-xr-x|755|root|root|7678e32d25f921337a46da6387358c12
/usr/bin/x86_64-linux-gnu-gprof|application/x-pie-executable|-rwxr-xr-x|755|root|root|f8e2945365d7890d842a29ec07317d41
/usr/bin/x86_64-linux-gnu-gprofng|application/x-pie-executable|-rwxr-xr-x|755|root|root|bd47ee80b9cac7ff5011b0454f56b8dd
/usr/bin/x86_64-linux-gnu-ld|symlink|x86_64-linux-gnu-ld.bfd|777|root|root|-
/usr/bin/x86_64-linux-gnu-ld.bfd|application/x-pie-executable|-rwxr-xr-x|755|root|root|cc7ec788778a418f2659b6dce26b69fb
/usr/bin/x86_64-linux-gnu-ld.gold|application/x-pie-executable|-rwxr-xr-x|755|root|root|1c9e96bd3b59f53e8f68f1ea7edab10f
/usr/bin/x86_64-linux-gnu-lto-dump|symlink|lto-dump-12|777|root|root|-
/usr/bin/x86_64-linux-gnu-lto-dump-12|application/x-executable|-rwxr-xr-x|755|root|root|bec468d95cf21b02f9eb585b78fd0737
/usr/bin/x86_64-linux-gnu-nm|application/x-pie-executable|-rwxr-xr-x|755|root|root|182bfc9c5c61aac8f102e5961e665527
/usr/bin/x86_64-linux-gnu-objcopy|application/x-pie-executable|-rwxr-xr-x|755|root|root|6556cef4a32f25023c897ee0c9e50ed7
/usr/bin/x86_64-linux-gnu-objdump|application/x-pie-executable|-rwxr-xr-x|755|root|root|2ddc37dde423b47c7acd6495e765e6bc
/usr/bin/x86_64-linux-gnu-python3.11-config|text/x-shellscript|-rwxr-xr-x|755|root|root|2e2b68513b697d63e61fb28d779ccd67
/usr/bin/x86_64-linux-gnu-python3-config|symlink|x86_64-linux-gnu-python3.11-config|777|root|root|-
/usr/bin/x86_64-linux-gnu-ranlib|application/x-pie-executable|-rwxr-xr-x|755|root|root|d8a50aab2b3d111ec17adb6ccc4db911
/usr/bin/x86_64-linux-gnu-readelf|application/x-pie-executable|-rwxr-xr-x|755|root|root|d65bfe361c7dd6c83ec7dbe3ecdb65a9
/usr/bin/x86_64-linux-gnu-size|application/x-pie-executable|-rwxr-xr-x|755|root|root|acb0fb41634746c7b4d113e4397bf9c3
/usr/bin/x86_64-linux-gnu-strings|application/x-pie-executable|-rwxr-xr-x|755|root|root|ed43e4f10d1ca33fbd1cd583f31b6c27
/usr/bin/x86_64-linux-gnu-strip|application/x-pie-executable|-rwxr-xr-x|755|root|root|419d41571dc034fb4ce953482a185d8d
/usr/bin/xargs|application/x-pie-executable|-rwxr-xr-x|755|root|root|ae9ab3b8498cea8fce2c31ee287dac51
/usr/bin/xauth|application/x-pie-executable|-rwxr-xr-x|755|root|root|837d875eaa1d78865501616b4a15ae04
/usr/bin/xbiff|application/x-pie-executable|-rwxr-xr-x|755|root|root|9ff82454cd140585f1dffb4e3ad85055
/usr/bin/xcalc|application/x-pie-executable|-rwxr-xr-x|755|root|root|9f4ed6fd9817f5590bd35fae929aa236
/usr/bin/xclipboard|application/x-pie-executable|-rwxr-xr-x|755|root|root|85048c7bad46d8fca136dc7f7042982b
/usr/bin/xclock|application/x-pie-executable|-rwxr-xr-x|755|root|root|93a50c1cd212456f8dead358382a7a45
/usr/bin/xcmsdb|application/x-pie-executable|-rwxr-xr-x|755|root|root|f8c2109e9775833f05e7834ca6db9fe3
/usr/bin/xconsole|application/x-pie-executable|-rwxr-xr-x|755|root|root|79ba5934af7fd65af13df00125d415f6
/usr/bin/xcursorgen|application/x-pie-executable|-rwxr-xr-x|755|root|root|e927b691305414115b7fc2d0a1a73198
/usr/bin/xcutsel|application/x-pie-executable|-rwxr-xr-x|755|root|root|e2789128b1277ea04d630e9940092481
/usr/bin/xdg-dbus-proxy|application/x-pie-executable|-rwxr-xr-x|755|root|root|abe5cbb4d1c75088b194e1b51dc6066c
/usr/bin/xdg-desktop-icon|text/x-shellscript|-rwxr-xr-x|755|root|root|d09016d38166312a3f26182fd69f22ef
/usr/bin/xdg-desktop-menu|text/x-shellscript|-rwxr-xr-x|755|root|root|b2b096a2f00d462dc91aad6bf7816698
/usr/bin/xdg-email|text/x-shellscript|-rwxr-xr-x|755|root|root|142dec04d102964f9c274e5ad24b1e2c
/usr/bin/xdg-icon-resource|text/x-shellscript|-rwxr-xr-x|755|root|root|7985ae36061f638eaf258f2ee730cf0d
/usr/bin/xdg-mime|text/x-shellscript|-rwxr-xr-x|755|root|root|ebd12490b99bf00a933e5f773b60a8b6
/usr/bin/xdg-open|text/x-shellscript|-rwxr-xr-x|755|root|root|55c29262d0fb4e8b80078337a164bea1
/usr/bin/xdg-screensaver|text/x-shellscript|-rwxr-xr-x|755|root|root|90c8a12794ee8fc94f78162667f27590
/usr/bin/xdg-settings|text/x-shellscript|-rwxr-xr-x|755|root|root|191c3da6e972ec09a5db5791feb3021e
/usr/bin/xdg-user-dir|text/x-shellscript|-rwxr-xr-x|755|root|root|d1a15d947021a3634feaa5e424d65bca
/usr/bin/xdg-user-dirs-update|application/x-pie-executable|-rwxr-xr-x|755|root|root|717cafe5c9d084784851d85e0fd0beb4
/usr/bin/xditview|application/x-pie-executable|-rwxr-xr-x|755|root|root|aaa714fbe576eff3f831c4aadece9cb7
/usr/bin/xdpyinfo|application/x-pie-executable|-rwxr-xr-x|755|root|root|5a22142a6e6629366d5745bfdc188a8f
/usr/bin/xdriinfo|application/x-pie-executable|-rwxr-xr-x|755|root|root|9dad52a58e9a4bb1368922f1fa69724e
/usr/bin/xedit|application/x-pie-executable|-rwxr-xr-x|755|root|root|a8363e6013dfccf043c63d9987e79c11
/usr/bin/xev|application/x-pie-executable|-rwxr-xr-x|755|root|root|9fb578b19dd3ac27fe4a4662f4903df0
/usr/bin/xeyes|application/x-pie-executable|-rwxr-xr-x|755|root|root|87af6b09a26c30223ed12a42e6498860
/usr/bin/xfconf-query|application/x-pie-executable|-rwxr-xr-x|755|root|root|597a764f7970aec3bcf62b0814c662c1
/usr/bin/xfd|application/x-pie-executable|-rwxr-xr-x|755|root|root|b47e8d7f84ed0d83936d2007384705ca
/usr/bin/xfontsel|application/x-pie-executable|-rwxr-xr-x|755|root|root|2e9bb730e053c9d0bc628553ed363611
/usr/bin/xfwm4|application/x-pie-executable|-rwxr-xr-x|755|root|root|a22808f475a0b439e1012d7f7d63e05b
/usr/bin/xfwm4-settings|application/x-pie-executable|-rwxr-xr-x|755|root|root|b973f271be9e3d16653a450a26db0952
/usr/bin/xfwm4-tweaks-settings|application/x-pie-executable|-rwxr-xr-x|755|root|root|f7dbe47e42b7d3efff9ffeadea3adf55
/usr/bin/xfwm4-workspace-settings|application/x-pie-executable|-rwxr-xr-x|755|root|root|fc546cf0a9c0ff80efcef855f7568518
/usr/bin/xgamma|application/x-pie-executable|-rwxr-xr-x|755|root|root|3771e34bf2586ba7bce1e974e68ddfe4
/usr/bin/xgc|application/x-pie-executable|-rwxr-xr-x|755|root|root|976d1a48d1e780b192db5a277a012b94
/usr/bin/xgettext|application/x-pie-executable|-rwxr-xr-x|755|root|root|f74d27da69e9bdde14679d0319809e02
/usr/bin/xhost|application/x-pie-executable|-rwxr-xr-x|755|root|root|a5fb661ed0a45c4298a59615bb54376b
/usr/bin/xinit|application/x-pie-executable|-rwxr-xr-x|755|root|root|ac231945e87d876f880d1960e2bf0363
/usr/bin/xkbbell|application/x-pie-executable|-rwxr-xr-x|755|root|root|3a6cc5199089041d8570e62003c31bda
/usr/bin/xkbcomp|application/x-pie-executable|-rwxr-xr-x|755|root|root|a8a17f7e7474a6886629a797127b99bf
/usr/bin/xkbevd|application/x-pie-executable|-rwxr-xr-x|755|root|root|e9804c2f5e541e83332c06ea5f9d6946
/usr/bin/xkbprint|application/x-pie-executable|-rwxr-xr-x|755|root|root|2d0cad46032383f2514d62592e66f3ec
/usr/bin/xkbvleds|application/x-pie-executable|-rwxr-xr-x|755|root|root|0e4a45c44be429e429d5ad2d737b549e
/usr/bin/xkbwatch|application/x-pie-executable|-rwxr-xr-x|755|root|root|17ca1dfc7ec955bb84eeb6ee834d33bb
/usr/bin/xkeystone|text/x-java|-rwxr-xr-x|755|root|root|466693b0c570681faae0f25e77bd5cee
/usr/bin/xkill|application/x-pie-executable|-rwxr-xr-x|755|root|root|f3901ace3cbc866e6681446fac8af0c1
/usr/bin/xlet-about-dialog|text/x-script.python|-rwxr-xr-x|755|root|root|679958e489422d4f9cef05bd860517d0
/usr/bin/xlet-settings|text/x-script.python|-rwxr-xr-x|755|root|root|fa0285c442c08430e122688ee6caf165
/usr/bin/xload|application/x-pie-executable|-rwxr-xr-x|755|root|root|f71999964fa72e3964455976453a69cb
/usr/bin/xlogo|application/x-pie-executable|-rwxr-xr-x|755|root|root|5a5f543e7582de40642d7878dfbfc198
/usr/bin/xls2csv|application/x-pie-executable|-rwxr-xr-x|755|root|root|ca8a4df8296b7e5174c48f6568a4c31e
/usr/bin/xlsatoms|application/x-pie-executable|-rwxr-xr-x|755|root|root|47bb18d1ffafb157c1820ee44023b169
/usr/bin/xlsclients|application/x-pie-executable|-rwxr-xr-x|755|root|root|4119c0d6140b4f8ba2b9e4013d0c19ad
/usr/bin/xlsfonts|application/x-pie-executable|-rwxr-xr-x|755|root|root|325bd54af7a3222f006f0a0e702c52ef
/usr/bin/xmag|application/x-pie-executable|-rwxr-xr-x|755|root|root|08235304bb6da8a4bedea8c645464635
/usr/bin/xman|application/x-pie-executable|-rwxr-xr-x|755|root|root|81ade7957d7f3b1a549d14c4c1118cd7
/usr/bin/xmessage|application/x-pie-executable|-rwxr-xr-x|755|root|root|4f574e261d76771eac37b8c048debe03
/usr/bin/xmlcatalog|application/x-pie-executable|-rwxr-xr-x|755|root|root|06d64a509b8920c0f2abbb974b4cccb7
/usr/bin/xmllint|application/x-pie-executable|-rwxr-xr-x|755|root|root|9917e9d53304b425bc51791a28d70c00
/usr/bin/xmlpatterns|symlink|qtchooser|777|root|root|-
/usr/bin/xmlpatternsvalidator|symlink|qtchooser|777|root|root|-
/usr/bin/xmodmap|application/x-pie-executable|-rwxr-xr-x|755|root|root|c388a82edc824a797f7ad19689235032
/usr/bin/xmore|application/x-pie-executable|-rwxr-xr-x|755|root|root|3f783e8028b0c09a8f8b136b0fe18f30
/usr/bin/Xorg|text/x-shellscript|-rwxr-xr-x|755|root|root|65c860c30f849b053fa7bfe6758f7c5e
/usr/bin/xournalpp|application/x-pie-executable|-rwxr-xr-x|755|root|root|e75cc29ef7fb4f8e100018c84f446d18
/usr/bin/xournalpp-thumbnailer|application/x-pie-executable|-rwxr-xr-x|755|root|root|40102966737cac7d76ef0886d99f4ede
/usr/bin/xprop|application/x-pie-executable|-rwxr-xr-x|755|root|root|0dc28b6155200f58707899e5901ea722
/usr/bin/xqxdecode|application/x-pie-executable|-rwxr-xr-x|755|root|root|a0ec79d3072c47d28fbd8f88fe794aec
/usr/bin/xrandr|application/x-pie-executable|-rwxr-xr-x|755|root|root|b690e7069952ba17bcc4b158a87688cb
/usr/bin/xrdb|application/x-pie-executable|-rwxr-xr-x|755|root|root|489274f312235382cf0ffbc09b3248b3
/usr/bin/xrefresh|application/x-pie-executable|-rwxr-xr-x|755|root|root|d7e4ee93dffa21ac7b042488f66357f1
/usr/bin/x-session-manager|symlink|/etc/alternatives/x-session-manager|777|root|root|-
/usr/bin/xset|application/x-pie-executable|-rwxr-xr-x|755|root|root|d0c7f23662d9619fec83b109f42af382
/usr/bin/xsetmode|application/x-pie-executable|-rwxr-xr-x|755|root|root|0d79fd7b45d77ca3e034648b4de17aa1
/usr/bin/xsetpointer|application/x-pie-executable|-rwxr-xr-x|755|root|root|96d5483e5c072460dcb2369131afc163
/usr/bin/xsetroot|application/x-pie-executable|-rwxr-xr-x|755|root|root|0573ff29cc13884be86c8cb51af44c50
/usr/bin/xsetwacom|application/x-pie-executable|-rwxr-xr-x|755|root|root|74953860cb3bb0befd26ab4f56426bc3
/usr/bin/xsm|application/x-pie-executable|-rwxr-xr-x|755|root|root|82f61a659dfc635ee22aafd0e5dab2d4
/usr/bin/xstdcmap|application/x-pie-executable|-rwxr-xr-x|755|root|root|e8f427ccd3678605cb4250516aa3de0d
/usr/bin/xsubpp|text/x-perl|-rwxr-xr-x|755|root|root|4759e7542662ba3eecc28b55d4b1c4bf
/usr/bin/x-terminal-emulator|symlink|/etc/alternatives/x-terminal-emulator|777|root|root|-
/usr/bin/xvidtune|application/x-pie-executable|-rwxr-xr-x|755|root|root|9d52b37bb4a3ab1a43ceab9a1ea2abd1
/usr/bin/xvinfo|application/x-pie-executable|-rwxr-xr-x|755|root|root|7bcc014628538ec65159945f87fbe2c4
/usr/bin/xwd|application/x-pie-executable|-rwxr-xr-x|755|root|root|0f71c33e232dee1aef2a1e00e2c4b505
/usr/bin/x-window-manager|symlink|/etc/alternatives/x-window-manager|777|root|root|-
/usr/bin/xwininfo|application/x-pie-executable|-rwxr-xr-x|755|root|root|d7ce96813967b6d9c83bf68a87b4437e
/usr/bin/xwud|application/x-pie-executable|-rwxr-xr-x|755|root|root|82f119cba3bee4a350fa11bb27fbb5dc
/usr/bin/x-www-browser|symlink|/etc/alternatives/x-www-browser|777|root|root|-
/usr/bin/xz|application/x-pie-executable|-rwxr-xr-x|755|root|root|48c120242b33fac50e71941b42fa8f99
/usr/bin/xzcat|symlink|xz|777|root|root|-
/usr/bin/xzcmp|symlink|xzdiff|777|root|root|-
/usr/bin/xzdiff|text/x-shellscript|-rwxr-xr-x|755|root|root|6eb585c7fd1419f722336f99b1265129
/usr/bin/xzegrep|symlink|xzgrep|777|root|root|-
/usr/bin/xzfgrep|symlink|xzgrep|777|root|root|-
/usr/bin/xzgrep|text/x-shellscript|-rwxr-xr-x|755|root|root|4a25c48c20aa7e2f463fdd58e4eb125c
/usr/bin/xzless|text/x-shellscript|-rwxr-xr-x|755|root|root|1b85e7fdc510151fb20bce384261a14c
/usr/bin/xzmore|text/x-shellscript|-rwxr-xr-x|755|root|root|784a17285d56d513c9de92c0dc5ae12a
/usr/bin/yelp|application/x-pie-executable|-rwxr-xr-x|755|root|root|c29f7c0f0a3e3f69c88710df37697c52
/usr/bin/yes|application/x-pie-executable|-rwxr-xr-x|755|root|root|cc2001ddacaf74be91c4ef7939938f88
/usr/bin/ypdomainname|symlink|hostname|777|root|root|-
/usr/bin/yt-dlp|text/x-script.python|-rwxr-xr-x|755|root|root|5bb755a9a760bb2c45fe8438d02135a5
/usr/bin/zcat|text/x-shellscript|-rwxr-xr-x|755|root|root|061181e78f3cc1557e29194b347599e8
/usr/bin/zcmp|text/x-shellscript|-rwxr-xr-x|755|root|root|f82a5e5c1545bc920a3d3850517c9d24
/usr/bin/zdiff|text/x-shellscript|-rwxr-xr-x|755|root|root|b2d7159602bf4037745876e218e72c85
/usr/bin/zdump|application/x-pie-executable|-rwxr-xr-x|755|root|root|80f5666e55632589d03099978ea85dca
/usr/bin/zegrep|text/x-shellscript|-rwxr-xr-x|755|root|root|00a56ed99986d72fd5967de74d69470c
/usr/bin/zenity|application/x-pie-executable|-rwxr-xr-x|755|root|root|020f103d7f3273ddd54a369a490db2e6
/usr/bin/zfgrep|text/x-shellscript|-rwxr-xr-x|755|root|root|997a6cfb1a2b3f88160ffa320d29d735
/usr/bin/zforce|text/x-shellscript|-rwxr-xr-x|755|root|root|5c5115c730925bc2e10460b0d6a9fd5e
/usr/bin/zgrep|text/x-shellscript|-rwxr-xr-x|755|root|root|2036a2daee5ab91af4cd3e4baa892f12
/usr/bin/zip|application/x-pie-executable|-rwxr-xr-x|755|root|root|31f711dfaecf67b5e8c232e968d18524
/usr/bin/zipcloak|application/x-pie-executable|-rwxr-xr-x|755|root|root|d2fe923834c519b8930020c575ceb9e6
/usr/bin/zipdetails|text/x-perl|-rwxr-xr-x|755|root|root|80d34f61002ad0127e3e7a75880fbaf0
/usr/bin/zipgrep|text/x-shellscript|-rwxr-xr-x|755|root|root|c02a470bb83e960652367abaadf07f16
/usr/bin/zipinfo|application/x-pie-executable|-rwxr-xr-x|755|root|root|380b48da4e93a1bfc0b9fc10247aea6f
/usr/bin/zipnote|application/x-pie-executable|-rwxr-xr-x|755|root|root|5ddce1e0b3dc66708c495d5b30b6c1df
/usr/bin/zipsplit|application/x-pie-executable|-rwxr-xr-x|755|root|root|58826e89a98da007fb69e09b1e12f78b
/usr/bin/zjsdecode|application/x-pie-executable|-rwxr-xr-x|755|root|root|92352083f80f6da74a0df01c702cf29b
/usr/bin/zless|text/x-shellscript|-rwxr-xr-x|755|root|root|3f85b9f0dc0563a5fa881c820d9001b6
/usr/bin/zmore|text/x-shellscript|-rwxr-xr-x|755|root|root|19326a5a1e8b5715e36b18125dfd1931
/usr/bin/znew|text/x-shellscript|-rwxr-xr-x|755|root|root|82f9a805e027f3bb9a6e3fd7b0ba5fba
/usr/bin/zstd|application/x-pie-executable|-rwxr-xr-x|755|root|root|4b0d491aae82dab69c28a5474c5d0b3e
/usr/bin/zstdcat|symlink|zstd|777|root|root|-
/usr/bin/zstdgrep|text/x-shellscript|-rwxr-xr-x|755|root|root|4e16657238c1d51e2067380425cea68c
/usr/bin/zstdless|text/x-shellscript|-rwxr-xr-x|755|root|root|f96f2accbe640e420a7cfd312d411732
/usr/bin/zstdmt|symlink|zstd|777|root|root|-
/usr/lib/apt/apt-helper|application/x-pie-executable|-rwxr-xr-x|755|root|root|ddcb610a558ce578efe07fe37ef033a3
/usr/lib/apt/apt.systemd.daily|text/x-affix|-rwxr-xr-x|755|root|root|25a7e8b4d72b7eafa17d47a5e29544f7
/usr/libexec/accounts-daemon|application/x-pie-executable|-rwxr-xr-x|755|root|root|ecc0f7d8595db7d36bd5b32e05093596
/usr/libexec/blueman-mechanism|text/x-script.python|-rwxr-xr-x|755|root|root|54a37d3b1577c01acead87af3d7519b8
/usr/libexec/bluetooth/bluetoothd|application/x-pie-executable|-rwxr-xr-x|755|root|root|7dbc1719bd2cc65fb388fdc3b9284d41
/usr/libexec/colord|application/x-pie-executable|-rwxr-xr-x|755|root|root|2b7895bcb9b5d4cd6e2c06fa9279008b
/usr/libexec/dpkg/dpkg-db-backup|text/x-shellscript|-rwxr-xr-x|755|root|root|ff2a4444fff126e0d0a727087c001953
/usr/libexec/geoclue|application/x-pie-executable|-rwxr-xr-x|755|root|root|ec349522d8fe38f6e9b5c53d00fd2bf5
/usr/libexec/rtkit-daemon|application/x-pie-executable|-rwxr-xr-x|755|root|root|15a96bb6f42a7cb7bc84799707afdca6
/usr/libexec/udisks2/udisksd|application/x-pie-executable|-rwxr-xr-x|755|root|root|9c4f4cbf29f91e0d098af56d7014351f
/usr/libexec/upowerd|application/x-pie-executable|-rwxr-xr-x|755|root|root|2527eb721c644422e600fcd3f7e3c7d4
/usr/lib/NetworkManager/nm-dispatcher|application/x-pie-executable|-rwxr-xr-x|755|root|root|fab6fca222b26fa2c5a1053a0367897f
/usr/lib/NetworkManager/nm-priv-helper|application/x-pie-executable|-rwxr-xr-x|755|root|root|6b11826b65e692d052d5ab8dee827b76
/usr/lib/polkit-1/polkitd|application/x-pie-executable|-rwxr-xr-x|755|root|root|e12a2e49bfd88b16867a78cfc08afd71
/usr/lib/systemd/systemd|application/x-pie-executable|-rwxr-xr-x|755|root|root|584a461c1ea274216bc4f71ce8c376c7
/usr/lib/systemd/systemd-journald|application/x-pie-executable|-rwxr-xr-x|755|root|root|6dea4cdf20d5b81e44281438ac941a3b
/usr/lib/systemd/systemd-logind|application/x-pie-executable|-rwxr-xr-x|755|root|root|2a39b2e5058406c329b734e83b2c991d
/usr/lib/systemd/systemd-pstore|application/x-pie-executable|-rwxr-xr-x|755|root|root|e24f3d253259225270c780cc474a5c63
/usr/lib/systemd/systemd-timesyncd|application/x-pie-executable|-rwxr-xr-x|755|root|root|cf7d9b0839f5b424f887fd16c448150a
/usr/lib/x86_64-linux-gnu/e2fsprogs/e2scrub_fail|text/x-shellscript|-rwxr-xr-x|755|root|root|7cadd12f72ba9663414849b5abe98649
/usr/sbin/agetty|application/x-pie-executable|-rwxr-xr-x|755|root|root|a5b67b2c174d5671e2ef0ec17baff769
/usr/sbin/alsactl|application/x-pie-executable|-rwxr-xr-x|755|root|root|cbbcb4bd125fa560e674a4105ed93352
/usr/sbin/anacron|application/x-pie-executable|-rwxr-xr-x|755|root|root|58042f1419e0d2725c83d9e5a6045587
/usr/sbin/avahi-daemon|application/x-pie-executable|-rwxr-xr-x|755|root|root|6f76ba5ecbac09d5e0fe1be60d57b164
/usr/sbin/blkdeactivate|text/x-shellscript|-rwxr-xr-x|755|root|root|edb3e0c3d10c15a879a569109f56eaa0
/usr/sbin/cron|application/x-pie-executable|-rwxr-xr-x|755|root|root|0ccca40116843b58eb10ab88da39ec70
/usr/sbin/cups-browsed|application/x-pie-executable|-rwxr-xr-x|755|root|root|3e75ad58f8aebe2459feb3574abc9f8e
/usr/sbin/cupsd|application/x-pie-executable|-rwxr-xr-x|755|root|root|3d4001a1a1218eca6f99be48b7b92361
/usr/sbin/ifdown|symlink|ifup|777|root|root|-
/usr/sbin/ifup|application/x-pie-executable|-rwxr-xr-x|755|root|root|d5972780da877a4a6e504bc24273ec12
/usr/sbin/iio-sensor-proxy|application/x-pie-executable|-rwxr-xr-x|755|root|root|97eb507add643ea86bad3bcb4c12324a
/usr/sbin/lightdm|application/x-pie-executable|-rwxr-xr-x|755|root|root|210d7ec4fdbbc453b6d9287711dc55db
/usr/sbin/logrotate|application/x-pie-executable|-rwxr-xr-x|755|root|root|a8d6feea73672c0bb493682561d38780
/usr/sbin/lvm|application/x-pie-executable|-rwxr-xr-x|755|root|root|14b0378348acfc116c0081f461c29a9c
/usr/sbin/ModemManager|application/x-pie-executable|-rwxr-xr-x|755|root|root|9b65ee09a201ad18cfd28abfc83ea6d9
/usr/sbin/NetworkManager|application/x-pie-executable|-rwxr-xr-x|755|root|root|ecbb960ac1a969cc5b704964b9ffdde5
/usr/sbin/nft|application/x-pie-executable|-rwxr-xr-x|755|root|root|da35da396673e26ac4f07ccc5d970ba2
/usr/sbin/plymouthd|application/x-pie-executable|-rwxr-xr-x|755|root|root|84e54db4a760e549d60de0fa6358f625
/usr/sbin/saned|application/x-pie-executable|-rwxr-xr-x|755|root|root|c7bba6afe2dafb61d594978167b7f497
/usr/sbin/updatedb.plocate|application/x-pie-executable|-rwxr-xr-x|755|root|root|a6cd807c1c2b350d5a1104afd85bd974
/usr/sbin/usb_modeswitch_dispatcher|application/x-pie-executable|-rwxr-xr-x|755|root|root|370d99d1dd01a4762d050befea62f7e2
/usr/sbin/usbmuxd|application/x-pie-executable|-rwxr-xr-x|755|root|root|05163cd343c0d9d6ef3a1f3b505df838
/usr/sbin/uuidd|application/x-pie-executable|-rwxr-xr-x|755|root|root|8fff46b168b3ab9c521d5c894e9c0983
/usr/sbin/wpa_supplicant|application/x-pie-executable|-rwxr-xr-x|755|root|root|065e02058daf32ee0954deab808077ff
/usr/sbin/zramswap|text/x-shellscript|-rwxr-xr-x|755|root|root|657b588307b0c14d8a793696b9dd6f3a
/usr/share/applications|directory|drwxr-xr-x|755|root|root|-
/usr/share/applications/appimage.desktop|text/plain|-rw-r--r--|644|root|root|ed0ba9a881260ab852bc3709ad1c7e66
/usr/share/applications/blueman-adapters.desktop|text/plain|-rw-r--r--|644|root|root|8c74cd94c5c8a549e8c488caf77e7ba7
/usr/share/applications/blueman-manager.desktop|text/plain|-rw-r--r--|644|root|root|cc7d31802f9bdcb479b45d43dc47c0af
/usr/share/applications/cinnamon2d.desktop|text/plain|-rw-r--r--|644|root|root|e5083a31dfa61c81f203b46a3efa44b3
/usr/share/applications/cinnamon-color-panel.desktop|text/plain|-rw-r--r--|644|root|root|2d673fee7276572a99ce6f83c8334211
/usr/share/applications/cinnamon.desktop|text/plain|-rw-r--r--|644|root|root|1b67747bb1b355819f4c8b17d5a94aa2
/usr/share/applications/cinnamon-display-panel.desktop|text/plain|-rw-r--r--|644|root|root|9373b0e1f4ad117344467521d1a3ffbd
/usr/share/applications/cinnamon-killer-daemon.desktop|text/plain|-rw-r--r--|644|root|root|ccf849b04a14c6292f24b4537e7b4123
/usr/share/applications/cinnamon-menu-editor.desktop|text/plain|-rw-r--r--|644|root|root|2dce452685ff81ee3bab4fc32221603b
/usr/share/applications/cinnamon-network-panel.desktop|text/plain|-rw-r--r--|644|root|root|48bfa45322b50b70ee753afcccc8a2f1
/usr/share/applications/cinnamon-onscreen-keyboard.desktop|text/plain|-rw-r--r--|644|root|root|bba5b2d136480fbfad6d21ff5b9a6a63
/usr/share/applications/cinnamon-settings-applets.desktop|text/plain|-rw-r--r--|644|root|root|85c5e3fb6c6465f18cf0d6db7152af75
/usr/share/applications/cinnamon-settings-backgrounds.desktop|text/plain|-rw-r--r--|644|root|root|47e29bd19e6a016a4c36b59185522aeb
/usr/share/applications/cinnamon-settings-calendar.desktop|text/plain|-rw-r--r--|644|root|root|8f077f7632d77e3c3ca6c139739b3984
/usr/share/applications/cinnamon-settings-default.desktop|text/plain|-rw-r--r--|644|root|root|b04cba2d44e8c125afebc9371d5f9f2f
/usr/share/applications/cinnamon-settings-desklets.desktop|text/plain|-rw-r--r--|644|root|root|839f7fbd38c02ab32501ee86f4321b52
/usr/share/applications/cinnamon-settings.desktop|text/plain|-rw-r--r--|644|root|root|bb41e8b3ff7d9c5b859fab6678a163a8
/usr/share/applications/cinnamon-settings-desktop.desktop|text/plain|-rw-r--r--|644|root|root|76854fb1bed197167482b5f7cfdff4ae
/usr/share/applications/cinnamon-settings-effects.desktop|text/plain|-rw-r--r--|644|root|root|1136d0c09b1949167e6fba1e3389ee1f
/usr/share/applications/cinnamon-settings-extensions.desktop|text/plain|-rw-r--r--|644|root|root|903f6bb4ddacdf11b9a2e56a7d6835ba
/usr/share/applications/cinnamon-settings-fonts.desktop|text/plain|-rw-r--r--|644|root|root|0539362310587daa83100fffde79a36c
/usr/share/applications/cinnamon-settings-general.desktop|text/plain|-rw-r--r--|644|root|root|71ec367f60aa55474b9a74f1e23fb170
/usr/share/applications/cinnamon-settings-hotcorner.desktop|text/plain|-rw-r--r--|644|root|root|11b0fb1232c737acaf701ce4991bd3d7
/usr/share/applications/cinnamon-settings-info.desktop|text/plain|-rw-r--r--|644|root|root|1c64a1ef9c48834d335c67214ac066eb
/usr/share/applications/cinnamon-settings-keyboard.desktop|text/plain|-rw-r--r--|644|root|root|9450edc79aa2354f3a94d022e0da0a35
/usr/share/applications/cinnamon-settings-mouse.desktop|text/plain|-rw-r--r--|644|root|root|ff432f446ac8c1438b1dab3a9c325659
/usr/share/applications/cinnamon-settings-notifications.desktop|text/plain|-rw-r--r--|644|root|root|f602d50698d9d694e2cd757d85279926
/usr/share/applications/cinnamon-settings-online-accounts.desktop|text/plain|-rw-r--r--|644|root|root|c51de1ba34b76b31b3ebd5fcbdacda81
/usr/share/applications/cinnamon-settings-panel.desktop|text/plain|-rw-r--r--|644|root|root|ef8e01edadf5bdf1562c3653a5ccdafc
/usr/share/applications/cinnamon-settings-power.desktop|text/plain|-rw-r--r--|644|root|root|cef49565cdcabbdb4f18d63684eb8e73
/usr/share/applications/cinnamon-settings-privacy.desktop|text/plain|-rw-r--r--|644|root|root|68cd050043b5405be387100cc7c9d30c
/usr/share/applications/cinnamon-settings-screensaver.desktop|text/plain|-rw-r--r--|644|root|root|b6d0da75fee9bfbe98e18c946b4456c2
/usr/share/applications/cinnamon-settings-sound.desktop|text/plain|-rw-r--r--|644|root|root|81b8006a15740907ea4ef603bdb421d1
/usr/share/applications/cinnamon-settings-startup.desktop|text/plain|-rw-r--r--|644|root|root|8e8f6b333237f46a647762e4b8e6810e
/usr/share/applications/cinnamon-settings-themes.desktop|text/plain|-rw-r--r--|644|root|root|9903726fe867ebce9ffc002450bb93aa
/usr/share/applications/cinnamon-settings-tiling.desktop|text/plain|-rw-r--r--|644|root|root|2b6b742125a338a2633ab78c9c5d68d5
/usr/share/applications/cinnamon-settings-universal-access.desktop|text/plain|-rw-r--r--|644|root|root|6d6e5588d4f46187eda836c2426213fb
/usr/share/applications/cinnamon-settings-user.desktop|text/plain|-rw-r--r--|644|root|root|6ca7d7c5e6fb4acb3fcc6dc2e1280166
/usr/share/applications/cinnamon-settings-users.desktop|text/plain|-rw-r--r--|644|root|root|7882c06e298c1703c0db7e475d56a9d6
/usr/share/applications/cinnamon-settings-windows.desktop|text/plain|-rw-r--r--|644|root|root|495c6c9031dec48dbad66e330109c5f9
/usr/share/applications/cinnamon-settings-workspaces.desktop|text/plain|-rw-r--r--|644|root|root|66861a59557c2a4c5ed5d244ed29e00b
/usr/share/applications/cinnamon-wacom-panel.desktop|text/plain|-rw-r--r--|644|root|root|6f6ce53a33657f1848cbcc63d18b0081
/usr/share/applications/com.github.maoschanz.drawing.desktop|text/plain|-rw-r--r--|644|root|root|4c5c24cc7a9e93d98ee49c2e3b9e3ae6
/usr/share/applications/com.github.xournalpp.xournalpp.desktop|text/plain|-rw-r--r--|644|root|root|b6f67d2e2d2c06f8e4f5816fc75650fe
/usr/share/applications/com.google.Chrome.desktop|text/plain|-rw-r--r--|644|root|root|84ee1037fb433dcffb4bdbfc80f3c5c1
/usr/share/applications/csd-automount.desktop|text/plain|-rw-r--r--|644|root|root|3de3b2a884c49f438e05e1bd63396199
/usr/share/applications/ebalogin.desktop|text/plain|-rw-r--r--|644|root|root|1cc5477eb4623868a5e5731b7ea917f8
/usr/share/applications/e-tahta.desktop|text/plain|-rw-r--r--|644|root|root|5af4e80b613b71af34fc6924b3ce5eb9
/usr/share/applications/eta-keyboard.desktop|text/plain|-rw-r--r--|644|root|root|0c495f24395c133e8c093e4096dfd4a1
/usr/share/applications/etap-installer.desktop|text/plain|-rw-r--r--|644|root|root|a9267a3dae0dae527a2b241fe1a6f803
/usr/share/applications/eta-poweroff.desktop|text/plain|-rw-r--r--|644|root|root|7cc0609f556b134b30ac905b8f5c9666
/usr/share/applications/eta-poweroff-menu.desktop|text/plain|-rw-r--r--|644|root|root|b1b76802a335fa8c526fe99c142ac3af
/usr/share/applications/firefox-esr.desktop|text/plain|-rw-r--r--|644|root|root|b7665b1e87a3bf3acba1e22e855f2cfa
/usr/share/applications/gcr-prompter.desktop|text/plain|-rw-r--r--|644|root|root|975f1a6611f19fd496ac2c9a3fb2c7f9
/usr/share/applications/gcr-viewer.desktop|text/plain|-rw-r--r--|644|root|root|142324b0fc5ac2cdd545891f3e620a91
/usr/share/applications/geoclue-demo-agent.desktop|text/plain|-rw-r--r--|644|root|root|0103d06ba39d32da3e537748b40a97a8
/usr/share/applications/gimp.desktop|text/plain|-rw-r--r--|644|root|root|7bce9a2277320a0d29a8170e668d80f5
/usr/share/applications/gkbd-keyboard-display.desktop|text/plain|-rw-r--r--|644|root|root|65717a0c0be3844231e584f61c21c4e9
/usr/share/applications/gnome-disk-image-mounter.desktop|text/plain|-rw-r--r--|644|root|root|1061e01443aaba57a9d1b94ddb125354
/usr/share/applications/gnome-disk-image-writer.desktop|text/plain|-rw-r--r--|644|root|root|1d63a778ed0cef9e7bf0d3594e5b66ea
/usr/share/applications/gnome-system-monitor.desktop|text/plain|-rw-r--r--|644|root|root|a4c99abd7df32f573933415cf72e5953
/usr/share/applications/gnome-system-monitor-kde.desktop|text/plain|-rw-r--r--|644|root|root|92db54e7742fa42f93976823e2421fc7
/usr/share/applications/google-chrome.desktop|text/plain|-rw-r--r--|644|root|root|c59cafeb8a2c669ca22b00e2a04764ab
/usr/share/applications/hplj1020.desktop|text/plain|-rw-r--r--|644|root|root|df20d1b2dfe90966e9beff25981ba167
/usr/share/applications/io.github.celluloid_player.Celluloid.desktop|text/plain|-rw-r--r--|644|root|root|459ff93b193b0a073e08c6bda1fe0b72
/usr/share/applications/io.github.hakandundar34coding.system-monitoring-center.desktop|text/plain|-rw-r--r--|644|root|root|4d23b599993eb933a9a98e8cedef5779
/usr/share/applications/java.desktop|text/plain|-rw-r--r--|644|root|root|95f5858edb15d1c9756ae1a95c0d111a
/usr/share/applications/kcm_trash.desktop|text/plain|-rw-r--r--|644|root|root|41beaa9981df7584945ffe9530c00b86
/usr/share/applications/ktelnetservice5.desktop|text/plain|-rw-r--r--|644|root|root|12c82b97924778fc61a7144a8f088278
/usr/share/applications/libreoffice-base.desktop|text/plain|-rw-r--r--|644|root|root|a645d6359a3484d995b0b7356c2a93bd
/usr/share/applications/libreoffice-calc.desktop|text/plain|-rw-r--r--|644|root|root|2413bd60a427f57fd219a1c9f58909a3
/usr/share/applications/libreoffice-draw.desktop|text/plain|-rw-r--r--|644|root|root|ee345e44de6c001bd47605a29e348478
/usr/share/applications/libreoffice-impress.desktop|text/plain|-rw-r--r--|644|root|root|d7d3159bbe75edb8b569a0161cb40ee7
/usr/share/applications/libreoffice-math.desktop|text/plain|-rw-r--r--|644|root|root|33961d236469aee55b37a6a037c5c048
/usr/share/applications/libreoffice-startcenter.desktop|text/plain|-rw-r--r--|644|root|root|82ea2c64e63ccdba1d8514ee35c61dfd
/usr/share/applications/libreoffice-writer.desktop|text/plain|-rw-r--r--|644|root|root|d568e2666fb957d2c904d2150dd63882
/usr/share/applications/libreoffice-xsltfilter.desktop|text/plain|-rw-r--r--|644|root|root|543a00ac41477156ea9f2131f24ae89d
/usr/share/applications/mimeinfo.cache|text/plain|-rw-r--r--|644|root|root|1a9757d16937e3cb9dea7d90d498d184
/usr/share/applications/mpv.desktop|text/plain|-rw-r--r--|644|root|root|6b5c71988ce0be2eeb00f24273801692
/usr/share/applications/muffin.desktop|text/plain|-rw-r--r--|644|root|root|09b6094092c524f980d60f30ec674883
/usr/share/applications/nemo-autorun-software.desktop|text/plain|-rw-r--r--|644|root|root|2fa04731de93f82e4ac9d4d58ef7e088
/usr/share/applications/nemo-autostart.desktop|text/plain|-rw-r--r--|644|root|root|26ba0c46fd8c8722c0ae2ecf2c9235c8
/usr/share/applications/nemo.desktop|text/plain|-rw-r--r--|644|root|root|5d9f420d37d1e1ea35e899004d1f42fe
/usr/share/applications/nm-applet.desktop|text/plain|-rw-r--r--|644|root|root|14e33db3662dc8beecb604271729f243
/usr/share/applications/nm-connection-editor.desktop|text/plain|-rw-r--r--|644|root|root|c5f04a49820000adacdba35dea41e979
/usr/share/applications/ogretmen-lock.desktop|text/plain|-rw-r--r--|644|root|root|bd6bb00af44b89b074ed09a3e31f8dd0
/usr/share/applications/onlyoffice-desktopeditors.desktop|text/plain|-rw-r--r--|644|root|root|913d174a32a737c1e455a53fcfd4e244
/usr/share/applications/org.cinnamon.ScreenSaver.desktop|text/plain|-rw-r--r--|644|root|root|d0260e98baa10ad51c6fed4a04d271d2
/usr/share/applications/org.gnome.Boxes.desktop|text/plain|-rw-r--r--|644|root|root|aa7a0d27e5c3eb04015ae289d1167743
/usr/share/applications/org.gnome.Calculator.desktop|text/plain|-rw-r--r--|644|root|root|a4fe40b576989bd122283ed4d7d666a2
/usr/share/applications/org.gnome.DiskUtility.desktop|text/plain|-rw-r--r--|644|root|root|44450c54dea91271428e5a0ef653ffec
/usr/share/applications/org.gnome.Evince.desktop|text/plain|-rw-r--r--|644|root|root|4ff922f294350281f533df80989d0632
/usr/share/applications/org.gnome.Evince-previewer.desktop|text/plain|-rw-r--r--|644|root|root|af7489232c811061e6c6660faad84e96
/usr/share/applications/org.gnome.Evolution-alarm-notify.desktop|text/plain|-rw-r--r--|644|root|root|28bc55f97f458f77ca0174206b98f20b
/usr/share/applications/org.gnome.Evolution.desktop|text/plain|-rw-r--r--|644|root|root|a97eee94746787b8fa40615c0098b04e
/usr/share/applications/org.gnome.FileRoller.desktop|text/plain|-rw-r--r--|644|root|root|9086c2a5b1ece9e64d6a7a0662f73428
/usr/share/applications/org.gnome.gedit.desktop|text/plain|-rw-r--r--|644|root|root|6fb5c6076b61d8164387fefebb8600b6
/usr/share/applications/org.gnome.Screenshot.desktop|text/plain|-rw-r--r--|644|root|root|6db599033e0b82691f68e5db8043b105
/usr/share/applications/org.gnome.Terminal.desktop|text/plain|-rw-r--r--|644|root|root|a60da75a3ddac4e2b16d1366009fdc4a
/usr/share/applications/org.gnome.Terminal.Preferences.desktop|text/plain|-rw-r--r--|644|root|root|6bb541e9b446b207915f784f8fd1bbf1
/usr/share/applications/org.kde.gwenview.desktop|text/plain|-rw-r--r--|644|root|root|7ea44475b30e1d5444725b02c317542f
/usr/share/applications/org.kde.gwenview_importer.desktop|text/plain|-rw-r--r--|644|root|root|c0b38a8a39d6ad7c4aba3c10423b9354
/usr/share/applications/org.kde.kded5.desktop|text/plain|-rw-r--r--|644|root|root|d80bb2110716937b3c2d3ba61f2b1dd5
/usr/share/applications/org.kde.kwalletd5.desktop|text/plain|-rw-r--r--|644|root|root|45d1c041c52c041d1d41f2f631e3db97
/usr/share/applications/org.xfce.Catfish.desktop|text/plain|-rw-r--r--|644|root|root|265429606adf6c698e7cd73450ec2534
/usr/share/applications/org.xfce.ristretto.desktop|text/plain|-rw-r--r--|644|root|root|a4fdc634a8510fa03142a403eb36b512
/usr/share/applications/org.x.Warpinator.desktop|text/plain|-rw-r--r--|644|root|root|ebfdd07f6884bea5cadff746a02141f0
/usr/share/applications/python3.11.desktop|text/plain|-rw-r--r--|644|root|root|bb0ee04824d263fd0c79bc841cd558d2
/usr/share/applications/qemu.desktop|text/plain|-rw-r--r--|644|root|root|f167b0c2c88ca72ed2e508adf5b099d2
/usr/share/applications/redshift.desktop|text/plain|-rw-r--r--|644|root|root|f0ca8a17f7ee2578bab3b88589e39775
/usr/share/applications/simple-scan.desktop|text/plain|-rw-r--r--|644|root|root|50feb4283b2ebee246a0b824da4a8902
/usr/share/applications/synaptic.desktop|text/plain|-rw-r--r--|644|root|root|f5085e9ae75d83e46447df53208c60c2
/usr/share/applications/system-config-printer.desktop|text/plain|-rw-r--r--|644|root|root|3ab6c77b2d810a51755caa6fbc0584ea
/usr/share/applications/tr.org.eta.kisit.desktop|text/plain|-rw-r--r--|644|root|root|568943bc312c52ad2c5e8d002f218f1a
/usr/share/applications/tr.org.etap.otp-settings.desktop|text/plain|-rw-r--r--|644|root|root|1cd02c5b2d494996fa7da15a75f41249
/usr/share/applications/tr.org.eta.usb-register.desktop|text/plain|-rw-r--r--|644|root|root|a1bd86b790b550f68a42e62b6d5f5fdf
/usr/share/applications/tr.org.pardus.about.desktop|text/plain|-rw-r--r--|644|root|root|f0ce2d2f8bddd65449c05d70d45c722d
/usr/share/applications/tr.org.pardus.about-hardware.desktop|text/plain|-rw-r--r--|644|root|root|3d2d32fdcb0890c57f5e5d2f73fb41bd
/usr/share/applications/tr.org.pardus-boot-repair.desktop|text/plain|-rw-r--r--|644|root|root|4cd936e7be2ea45fa76c0ccaf0f36f39
/usr/share/applications/tr.org.pardus.eta-cinnamon-greeter.desktop|text/plain|-rw-r--r--|644|root|root|56c6780241aebd51b901070bc47c3bf8
/usr/share/applications/tr.org.pardus.eta.count.desktop|text/plain|-rw-r--r--|644|root|root|c89d8cd345674f51ffac6e5baa753ee1
/usr/share/applications/tr.org.pardus.eta-help.desktop|text/plain|-rw-r--r--|644|root|root|d07cd5ee08dccd7281cf1c52a503adfe
/usr/share/applications/tr.org.pardus.eta-qr-reader.desktop|text/plain|-rw-r--r--|644|root|root|6c6c0a9dedbb6f7d5d06aeacd1216017
/usr/share/applications/tr.org.pardus.eta-register.desktop|text/plain|-rw-r--r--|644|root|root|fc7eab34b63b524797d14595d0da2197
/usr/share/applications/tr.org.pardus.eta-resolution.desktop|text/plain|-rw-r--r--|644|root|root|e5735a950ce5697ff5562a53f05239a9
/usr/share/applications/tr.org.pardus.eta-screen-cover.desktop|text/plain|-rw-r--r--|644|root|root|c68124a82cbe97d88705375a9cd49b0c
/usr/share/applications/tr.org.pardus.eta.shutdown.desktop|text/plain|-rw-r--r--|644|root|root|9e06bc67645a1d3ef18ea14d57283461
/usr/share/applications/tr.org.pardus.eta-usb-fix.desktop|text/plain|-rw-r--r--|644|root|root|e87fc1172e7298e51b1552b50f5bdd8b
/usr/share/applications/tr.org.pardus.font-manager.desktop|text/plain|-rw-r--r--|644|root|root|eb700eb6cba266560219709d42dba3a8
/usr/share/applications/tr.org.pardus.hotspot.desktop|text/plain|-rw-r--r--|644|root|root|51a8b68c3b753f63444639f7d391c89b
/usr/share/applications/tr.org.pardus.image-writer.desktop|text/plain|-rw-r--r--|644|root|root|6effd73ff3565e24519981c16520112d
/usr/share/applications/tr.org.pardus.java-installer.desktop|text/plain|-rw-r--r--|644|root|root|9cc3c4d3fb8e8d096175bb7a9b4c4b19
/usr/share/applications/tr.org.pardus.lightdm-greeter-setting.desktop|symlink|../pardus/pardus-lightdm-greeter-settings/data/pardus-lightdm-greeter-settings.desktop|777|root|root|-
/usr/share/applications/tr.org.pardus.mycomputer.desktop|text/plain|-rw-r--r--|644|root|root|ab7df92a17820c790d06167df5b8ffd9
/usr/share/applications/tr.org.pardus.night-light.desktop|text/plain|-rw-r--r--|644|root|root|cf2fc517bca95b1cb1c1ea09515ef2f1
/usr/share/applications/tr.org.pardus.package-installer.desktop|text/plain|-rw-r--r--|644|root|root|f1a7a29e71135e4ea12330032b212589
/usr/share/applications/tr.org.pardus.pen.desktop|text/plain|-rw-r--r--|644|root|root|0c6ffeee57706cc3d2dc80a44cb47b84
/usr/share/applications/tr.org.pardus.software.desktop|text/plain|-rw-r--r--|644|root|root|b5a04e4ceee3250f51109266ae5a9e4a
/usr/share/applications/tr.org.pardus.software-open.desktop|text/plain|-rw-r--r--|644|root|root|7aacff8c1355eb0f3b3f383734ce478e
/usr/share/applications/tr.org.pardus.update.desktop|text/plain|-rw-r--r--|644|root|root|75f2f8bec2409a7e42218499f0fffb3b
/usr/share/applications/tr.org.pardus.usb-formatter.desktop|text/plain|-rw-r--r--|644|root|root|e4c4561fa2324e94d541d5ef1f97d8bd
/usr/share/applications/vim.desktop|text/plain|-rw-r--r--|644|root|root|56f85edcf9063f71f53f776723034a46
/usr/share/applications/vlc.desktop|text/plain|-rw-r--r--|644|root|root|82bd3dc13a25f819645b58e110a7964e
/usr/share/applications/wine.desktop|symlink|/opt/wine-stable/share/applications/wine.desktop|777|kali|kali|-
/usr/share/applications/x-cinnamon-mimeapps.list|text/plain|-rw-r--r--|644|root|root|008353b0ba3797f86e149fa73e674497
/usr/share/applications/xdg-desktop-portal-gtk.desktop|text/plain|-rw-r--r--|644|root|root|43cddfad3b0a65f24de4fef2e66a69fb
/usr/share/applications/xfce-wm-settings.desktop|text/plain|-rw-r--r--|644|root|root|8e6fafd6f07f025908b2b8135f2639e4
/usr/share/applications/xfce-wmtweaks-settings.desktop|text/plain|-rw-r--r--|644|root|root|8a14c09ce8637520f140ad85c74d257c
/usr/share/applications/xfce-workspaces-settings.desktop|text/plain|-rw-r--r--|644|root|root|aab769d5788d8729c7776f988669738a
/usr/share/applications/yelp.desktop|text/plain|-rw-r--r--|644|root|root|a68a1a8f21b9cf6cb32a4c246354f2d0
/usr/share/cinnamon|directory|drwxr-xr-x|755|root|root|-
/usr/share/cinnamon/applets|directory|drwxr-xr-x|755|root|root|-
/usr/share/cinnamon/applets/a11y@cinnamon.org|directory|drwxr-xr-x|755|root|root|-
/usr/share/cinnamon/applets/a11y@cinnamon.org/applet.js|text/plain|-rw-r--r--|644|root|root|3eb6d48842121e80e530f9ca6a3bb699
/usr/share/cinnamon/applets/a11y@cinnamon.org/metadata.json|application/json|-rw-r--r--|644|root|root|4114913aff55ada118840719f6707314
/usr/share/cinnamon/applets/calendar@cinnamon.org|directory|drwxr-xr-x|755|root|root|-
/usr/share/cinnamon/applets/calendar@cinnamon.org/applet.js|application/javascript|-rw-r--r--|644|root|root|b1ed591058c7ec43c1f0547d41c518f9
/usr/share/cinnamon/applets/calendar@cinnamon.org/calendar.js|text/x-c++|-rw-r--r--|644|root|root|b542bd57c3350710eb591cb5a2df898f
/usr/share/cinnamon/applets/calendar@cinnamon.org/eventView.js|text/x-c++|-rw-r--r--|644|root|root|963c617180e62e2e5ee7355a23796b19
/usr/share/cinnamon/applets/calendar@cinnamon.org/metadata.json|application/json|-rw-r--r--|644|root|root|f16e458481b27e9e97edbe96620572ac
/usr/share/cinnamon/applets/calendar@cinnamon.org/settings-schema.json|application/json|-rw-r--r--|644|root|root|5ea063337a9b776b6c19825f31b2a320
/usr/share/cinnamon/applets/cornerbar@cinnamon.org|directory|drwxr-xr-x|755|root|root|-
/usr/share/cinnamon/applets/cornerbar@cinnamon.org/applet.js|text/x-c|-rw-r--r--|644|root|root|858edac119129baaee6ed7a51c22ab9b
/usr/share/cinnamon/applets/cornerbar@cinnamon.org/metadata.json|application/json|-rw-r--r--|644|root|root|ac86ef3304d9302cadd7ce4d9eb7c380
/usr/share/cinnamon/applets/cornerbar@cinnamon.org/settings-schema.json|application/json|-rw-r--r--|644|root|root|c9d80feef5e24b1ccab9b6a03c1a5717
/usr/share/cinnamon/applets/expo@cinnamon.org|directory|drwxr-xr-x|755|root|root|-
/usr/share/cinnamon/applets/expo@cinnamon.org/applet.js|text/x-c|-rw-r--r--|644|root|root|3cd15c226ef86c3afb8ac7439b4a266e
/usr/share/cinnamon/applets/expo@cinnamon.org/icons|directory|drwxr-xr-x|755|root|root|-
/usr/share/cinnamon/applets/expo@cinnamon.org/icons/cinnamon-expo-symbolic.svg|image/svg+xml|-rw-r--r--|644|root|root|67cbaf2324d558574e59dfa74803cd4f
/usr/share/cinnamon/applets/expo@cinnamon.org/metadata.json|application/json|-rw-r--r--|644|root|root|72101e67595f1ffd852bdb0eb98f3bc0
/usr/share/cinnamon/applets/expo@cinnamon.org/settings-schema.json|application/json|-rw-r--r--|644|root|root|5965ee74f3d0d4ec75d6f319ca59a789
/usr/share/cinnamon/applets/favorites@cinnamon.org|directory|drwxr-xr-x|755|root|root|-
/usr/share/cinnamon/applets/favorites@cinnamon.org/applet.js|text/x-c|-rw-r--r--|644|root|root|7b49d5a1f8d877edbaaa7cd9753f87dc
/usr/share/cinnamon/applets/favorites@cinnamon.org/metadata.json|application/json|-rw-r--r--|644|root|root|01e2d6afd16a872c399f2f7944e0324b
/usr/share/cinnamon/applets/favorites@cinnamon.org/settings-schema.json|application/json|-rw-r--r--|644|root|root|47cfb84ecf716b6b4756ccdac7f369e4
/usr/share/cinnamon/applets/grouped-window-list@cinnamon.org|directory|drwxr-xr-x|755|root|root|-
/usr/share/cinnamon/applets/grouped-window-list@cinnamon.org/appGroup.js|application/javascript|-rw-r--r--|644|root|root|c523f2c0eff96195939aae41b9a0b680
/usr/share/cinnamon/applets/grouped-window-list@cinnamon.org/applet.js|application/javascript|-rw-r--r--|644|root|root|2fd6367c0fb7ffd682d319a8f4c661e8
/usr/share/cinnamon/applets/grouped-window-list@cinnamon.org/appList.js|application/javascript|-rw-r--r--|644|root|root|1344a46d1d9e1d909a63f2a84180065a
/usr/share/cinnamon/applets/grouped-window-list@cinnamon.org/constants.js|application/javascript|-rw-r--r--|644|root|root|5813de69661bb22df2a6c0d54e8f24d7
/usr/share/cinnamon/applets/grouped-window-list@cinnamon.org/icons|directory|drwxr-xr-x|755|root|root|-
/usr/share/cinnamon/applets/grouped-window-list@cinnamon.org/icons/news-symbolic.svg|image/svg+xml|-rw-r--r--|644|root|root|7f18d2e676acb2feae7310c8b4260024
/usr/share/cinnamon/applets/grouped-window-list@cinnamon.org/icons/pin-symbolic.svg|image/svg+xml|-rw-r--r--|644|root|root|ea3f03b0e3d2f4e32405c0b9b3c7e537
/usr/share/cinnamon/applets/grouped-window-list@cinnamon.org/icons/screenshot-area-symbolic.svg|image/svg+xml|-rw-r--r--|644|root|root|f27d5ef15ef123c789d15e588024ca48
/usr/share/cinnamon/applets/grouped-window-list@cinnamon.org/icons/screenshot-fullscreen-symbolic.svg|image/svg+xml|-rw-r--r--|644|root|root|ea8c41ad615cf12851af05bae37c2e00
/usr/share/cinnamon/applets/grouped-window-list@cinnamon.org/icons/screenshot-window-symbolic.svg|image/svg+xml|-rw-r--r--|644|root|root|9b3e235fbf738a249359ffea31ea43fa
/usr/share/cinnamon/applets/grouped-window-list@cinnamon.org/icons/store-symbolic.svg|image/svg+xml|-rw-r--r--|644|root|root|7fcf0440f89ae2559d2d11fe98c0909d
/usr/share/cinnamon/applets/grouped-window-list@cinnamon.org/icons/unpin-symbolic.svg|image/svg+xml|-rw-r--r--|644|root|root|2669c137bf823c87a83bc5f27d98fa1f
/usr/share/cinnamon/applets/grouped-window-list@cinnamon.org/icons/view-private-symbolic.svg|image/svg+xml|-rw-r--r--|644|root|root|a65438801cbb06c1d76937d4cd85b62a
/usr/share/cinnamon/applets/grouped-window-list@cinnamon.org/icons/window-new-symbolic.svg|image/svg+xml|-rw-r--r--|644|root|root|19582d0a69208fc69088098f1ec6c19a
/usr/share/cinnamon/applets/grouped-window-list@cinnamon.org/icons/x-office-database-symbolic.svg|image/svg+xml|-rw-r--r--|644|root|root|259899524858cfcecf4fdf0182c22a42
/usr/share/cinnamon/applets/grouped-window-list@cinnamon.org/icons/x-office-math-symbolic.svg|image/svg+xml|-rw-r--r--|644|root|root|0dfaff5fdf49da399bfb038500f18372
/usr/share/cinnamon/applets/grouped-window-list@cinnamon.org/menus.js|application/javascript|-rw-r--r--|644|root|root|609b58e38fba96cbba56f5685b60e68a
/usr/share/cinnamon/applets/grouped-window-list@cinnamon.org/metadata.json|application/json|-rw-r--r--|644|root|root|3e91d19ff57523fccc50a5d9133a2c0c
/usr/share/cinnamon/applets/grouped-window-list@cinnamon.org/__pycache__|directory|drwxr-xr-x|755|root|root|-
/usr/share/cinnamon/applets/grouped-window-list@cinnamon.org/settings-schema.json|application/json|-rw-r--r--|644|root|root|0936aa4ff7c5dfe430689f0474e9b665
/usr/share/cinnamon/applets/grouped-window-list@cinnamon.org/utils.py|text/x-script.python|-rwxr-xr-x|755|root|root|9c08179b6542f2b623c5229681e559ac
/usr/share/cinnamon/applets/inhibit@cinnamon.org|directory|drwxr-xr-x|755|root|root|-
/usr/share/cinnamon/applets/inhibit@cinnamon.org/applet.js|text/plain|-rw-r--r--|644|root|root|0360f556979fe26bba4872d9598e5350
/usr/share/cinnamon/applets/inhibit@cinnamon.org/icons|directory|drwxr-xr-x|755|root|root|-
/usr/share/cinnamon/applets/inhibit@cinnamon.org/icons/inhibit-active-symbolic.svg|image/svg+xml|-rw-r--r--|644|root|root|524e8e8765ee2914fc6599ad30315881
/usr/share/cinnamon/applets/inhibit@cinnamon.org/icons/inhibit-notification-active-symbolic.svg|image/svg+xml|-rw-r--r--|644|root|root|a3928d8a0f0a6563659882f705670479
/usr/share/cinnamon/applets/inhibit@cinnamon.org/icons/inhibit-notification-symbolic.svg|image/svg+xml|-rw-r--r--|644|root|root|19cf287d922587e51af9db92ad551570
/usr/share/cinnamon/applets/inhibit@cinnamon.org/icons/inhibit-symbolic.svg|image/svg+xml|-rw-r--r--|644|root|root|d3727738e1ecbc8a0703ca6899c82f99
/usr/share/cinnamon/applets/inhibit@cinnamon.org/metadata.json|application/json|-rw-r--r--|644|root|root|03d5067c618f5190381f415f41bfa8da
/usr/share/cinnamon/applets/inhibit@cinnamon.org/settings-schema.json|application/json|-rw-r--r--|644|root|root|56e8861daa343dffe968f80e9a7fa5a2
/usr/share/cinnamon/applets/keyboard@cinnamon.org|directory|drwxr-xr-x|755|root|root|-
/usr/share/cinnamon/applets/keyboard@cinnamon.org/applet.js|text/x-c++|-rw-r--r--|644|root|root|aec755546d4b89f2b6c7930177e0fa3e
/usr/share/cinnamon/applets/keyboard@cinnamon.org/metadata.json|application/json|-rw-r--r--|644|root|root|f289e6c92936eda347ccd42f1ca1f322
/usr/share/cinnamon/applets/menu@cinnamon.org|directory|drwxr-xr-x|755|root|root|-
/usr/share/cinnamon/applets/menu@cinnamon.org/applet.js|application/javascript|-rw-r--r--|644|root|root|c80e363e3fdfc9bf902eff1e3b947a30
/usr/share/cinnamon/applets/menu@cinnamon.org/appUtils.js|text/plain|-rw-r--r--|644|root|root|565ddd6ecc3323c6ac322b5b4b21d67e
/usr/share/cinnamon/applets/menu@cinnamon.org/metadata.json|application/json|-rw-r--r--|644|root|root|533d41185b4c028f3e8109217fb7c6fb
/usr/share/cinnamon/applets/menu@cinnamon.org/settings-schema.json|application/json|-rw-r--r--|644|root|root|4a8f6dd474d525e207ee2ec60d373211
/usr/share/cinnamon/applets/menu@etap.org.tr|directory|drwxr-xr-x|755|root|root|-
/usr/share/cinnamon/applets/menu@etap.org.tr/applet.js|text/x-c|-rw-r--r--|644|root|root|f10a9bdf3b19f06f6f41e5fdecc73554
/usr/share/cinnamon/applets/menu@etap.org.tr/metadata.json|application/json|-rw-r--r--|644|root|root|825ea3f22543f58f238ff11692febb1e
/usr/share/cinnamon/applets/menu@etap.org.tr/settings-schema.json|application/json|-rw-r--r--|644|root|root|62df0b153d3a438faf735c74a3c1faf7
/usr/share/cinnamon/applets/network@cinnamon.org|directory|drwxr-xr-x|755|root|root|-
/usr/share/cinnamon/applets/network@cinnamon.org/applet.js|application/javascript|-rw-r--r--|644|root|root|f59fe649032838528bf98b816e457ee0
/usr/share/cinnamon/applets/network@cinnamon.org/icons|directory|drwxr-xr-x|755|root|root|-
/usr/share/cinnamon/applets/network@cinnamon.org/icons/network-wireless-signal-excellent-secure-symbolic.svg|image/svg+xml|-rw-r--r--|644|root|root|96f645858598ceca7b163ef5177aeb13
/usr/share/cinnamon/applets/network@cinnamon.org/icons/network-wireless-signal-good-secure-symbolic.svg|image/svg+xml|-rw-r--r--|644|root|root|95fcea4910e113eb487f47d883fbd710
/usr/share/cinnamon/applets/network@cinnamon.org/icons/network-wireless-signal-none-secure-symbolic.svg|image/svg+xml|-rw-r--r--|644|root|root|7280ff55c75388a2ee88ab7e1247def4
/usr/share/cinnamon/applets/network@cinnamon.org/icons/network-wireless-signal-ok-secure-symbolic.svg|image/svg+xml|-rw-r--r--|644|root|root|26778e17145a7445d3e8e4b6d23a0d91
/usr/share/cinnamon/applets/network@cinnamon.org/icons/network-wireless-signal-weak-secure-symbolic.svg|image/svg+xml|-rw-r--r--|644|root|root|18c4cb213ac571ddbb170db75879e303
/usr/share/cinnamon/applets/network@cinnamon.org/metadata.json|application/json|-rw-r--r--|644|root|root|bbb7f9538358b1913abbe229d25f1c62
/usr/share/cinnamon/applets/network@cinnamon.org/settings-schema.json|application/json|-rw-r--r--|644|root|root|976b46e8430522899e7fe34f2abfee76
/usr/share/cinnamon/applets/notifications@cinnamon.org|directory|drwxr-xr-x|755|root|root|-
/usr/share/cinnamon/applets/notifications@cinnamon.org/applet.js|text/x-c|-rw-r--r--|644|root|root|1240f2f2f9c71d69b9e4eb6fd4f0e8ab
/usr/share/cinnamon/applets/notifications@cinnamon.org/icons|directory|drwxr-xr-x|755|root|root|-
/usr/share/cinnamon/applets/notifications@cinnamon.org/icons/alt-critical-notif-symbolic.svg|image/svg+xml|-rw-r--r--|644|root|root|f3b086e519c3c9a99ec4ebaba5f65a39
/usr/share/cinnamon/applets/notifications@cinnamon.org/icons/critical-notif-symbolic.svg|image/svg+xml|-rw-r--r--|644|root|root|f5bb267ff9960faad8ecd93a5da63c27
/usr/share/cinnamon/applets/notifications@cinnamon.org/icons/empty-notif-symbolic.svg|image/svg+xml|-rw-r--r--|644|root|root|87d9e1959af641b4b3b76a99b31667be
/usr/share/cinnamon/applets/notifications@cinnamon.org/icons/low-notif-symbolic.svg|image/svg+xml|-rw-r--r--|644|root|root|6acbb025cb25c3fb382beffd3491f00c
/usr/share/cinnamon/applets/notifications@cinnamon.org/icons/normal-notif-symbolic.svg|image/svg+xml|-rw-r--r--|644|root|root|68f63767c2cd470536b997936fece5bd
/usr/share/cinnamon/applets/notifications@cinnamon.org/metadata.json|application/json|-rw-r--r--|644|root|root|abc3602d1ebc05ba5adf134d9417ab62
/usr/share/cinnamon/applets/notifications@cinnamon.org/settings-schema.json|application/json|-rw-r--r--|644|root|root|cb9ad336b2e360509f8ba388e1d19b8f
/usr/share/cinnamon/applets/on-screen-keyboard@cinnamon.org|directory|drwxr-xr-x|755|root|root|-
/usr/share/cinnamon/applets/on-screen-keyboard@cinnamon.org/applet.js|text/x-c|-rw-r--r--|644|root|root|b7ed8bf7950a1bba20aad75603364218
/usr/share/cinnamon/applets/on-screen-keyboard@cinnamon.org/icons|directory|drwxr-xr-x|755|root|root|-
/usr/share/cinnamon/applets/on-screen-keyboard@cinnamon.org/icons/on-screen-keyboard-disabled-symbolic.svg|image/svg+xml|-rw-r--r--|644|root|root|5b50789635e1fd1b252f54d582380cc4
/usr/share/cinnamon/applets/on-screen-keyboard@cinnamon.org/icons/on-screen-keyboard-symbolic.svg|image/svg+xml|-rw-r--r--|644|root|root|74389aa7cb7f9702fd63253a83f08678
/usr/share/cinnamon/applets/on-screen-keyboard@cinnamon.org/metadata.json|application/json|-rw-r--r--|644|root|root|c1b9e31a7c06ee53a7ed44f5e2e814d3
/usr/share/cinnamon/applets/panel-launchers@cinnamon.org|directory|drwxr-xr-x|755|root|root|-
/usr/share/cinnamon/applets/panel-launchers@cinnamon.org/applet.js|text/plain|-rw-r--r--|644|root|root|4d46e43bbd8fa133a793caabe150a089
/usr/share/cinnamon/applets/panel-launchers@cinnamon.org/metadata.json|application/json|-rw-r--r--|644|root|root|de025b55a3b297037ef365322397da6a
/usr/share/cinnamon/applets/panel-launchers@cinnamon.org/settings-schema.json|application/json|-rw-r--r--|644|root|root|366f8e129abf9622014c95f26ce5aa0f
/usr/share/cinnamon/applets/power@cinnamon.org|directory|drwxr-xr-x|755|root|root|-
/usr/share/cinnamon/applets/power@cinnamon.org/applet.js|text/plain|-rw-r--r--|644|root|root|4a9593f83f79bec54b4c4177343cf711
/usr/share/cinnamon/applets/power@cinnamon.org/metadata.json|application/json|-rw-r--r--|644|root|root|9b333ca07f891b4e7514b54d41c733a6
/usr/share/cinnamon/applets/power@cinnamon.org/settings-schema.json|application/json|-rw-r--r--|644|root|root|db29025b0930e93063f745d0adcc675a
/usr/share/cinnamon/applets/printers@cinnamon.org|directory|drwxr-xr-x|755|root|root|-
/usr/share/cinnamon/applets/printers@cinnamon.org/applet.js|text/plain|-rw-r--r--|644|root|root|2fcc0f1f6966175288736ede850330b6
/usr/share/cinnamon/applets/printers@cinnamon.org/cancel-print-dialog.py|text/x-script.python|-rw-r--r--|644|root|root|b5d136a7b228a2c11ee312ac1ae66c9e
/usr/share/cinnamon/applets/printers@cinnamon.org/lpstat-a.py|text/x-script.python|-rw-r--r--|644|root|root|546e7e48ccc19bb8fb5cb6e7ffcccd3c
/usr/share/cinnamon/applets/printers@cinnamon.org/metadata.json|application/json|-rw-r--r--|644|root|root|9e0253b834994cb89ca9827435e5bfac
/usr/share/cinnamon/applets/printers@cinnamon.org/__pycache__|directory|drwxr-xr-x|755|root|root|-
/usr/share/cinnamon/applets/printers@cinnamon.org/settings-schema.json|application/json|-rw-r--r--|644|root|root|93e5a8d56ccfdbf949efa8b7e5b6ef9d
/usr/share/cinnamon/applets/recent@cinnamon.org|directory|drwxr-xr-x|755|root|root|-
/usr/share/cinnamon/applets/recent@cinnamon.org/applet.js|text/x-c|-rw-r--r--|644|root|root|a427333f974ccfbd2f0fc0e382b38882
/usr/share/cinnamon/applets/recent@cinnamon.org/metadata.json|application/json|-rw-r--r--|644|root|root|90c23b115405355f71483c044e22a29e
/usr/share/cinnamon/applets/removable-drives@cinnamon.org|directory|drwxr-xr-x|755|root|root|-
/usr/share/cinnamon/applets/removable-drives@cinnamon.org/applet.js|text/x-c|-rw-r--r--|644|root|root|55681eabeb579f458231e0445efd547e
/usr/share/cinnamon/applets/removable-drives@cinnamon.org/metadata.json|application/json|-rw-r--r--|644|root|root|38244ad5951c9731c498bd91198289cf
/usr/share/cinnamon/applets/scale@cinnamon.org|directory|drwxr-xr-x|755|root|root|-
/usr/share/cinnamon/applets/scale@cinnamon.org/applet.js|text/x-c|-rw-r--r--|644|root|root|4d609f1404bdc5e4ed20865e5ba9239e
/usr/share/cinnamon/applets/scale@cinnamon.org/icons|directory|drwxr-xr-x|755|root|root|-
/usr/share/cinnamon/applets/scale@cinnamon.org/icons/cinnamon-scale-symbolic.svg|image/svg+xml|-rw-r--r--|644|root|root|1e257349071ded72a83b0481e7b4207e
/usr/share/cinnamon/applets/scale@cinnamon.org/metadata.json|application/json|-rw-r--r--|644|root|root|837571856f0f95d903d7c0ed87c22e8f
/usr/share/cinnamon/applets/scale@cinnamon.org/settings-schema.json|application/json|-rw-r--r--|644|root|root|b8cca2b78b83d067f5d0fb8b06b2b1a9
/usr/share/cinnamon/applets/separator@cinnamon.org|directory|drwxr-xr-x|755|root|root|-
/usr/share/cinnamon/applets/separator@cinnamon.org/applet.js|text/x-c|-rw-r--r--|644|root|root|1396ccdff82c9186d4dd678befa5e761
/usr/share/cinnamon/applets/separator@cinnamon.org/metadata.json|application/json|-rw-r--r--|644|root|root|993a97cb9ea66f9ef7ca548b84fcfa9e
/usr/share/cinnamon/applets/settings@cinnamon.org|directory|drwxr-xr-x|755|root|root|-
/usr/share/cinnamon/applets/settings@cinnamon.org/applet.js|text/x-c|-rw-r--r--|644|root|root|1fb652bc6e7db4eccb9beddeafb45896
/usr/share/cinnamon/applets/settings@cinnamon.org/metadata.json|application/json|-rw-r--r--|644|root|root|dabde1dcf8d24ff2b74b74b047cad394
/usr/share/cinnamon/applets/settings-example@cinnamon.org|directory|drwxr-xr-x|755|root|root|-
/usr/share/cinnamon/applets/settings-example@cinnamon.org/applet.js|text/x-c|-rw-r--r--|644|root|root|547483f1fa4b07e492ec84fa76b5d1da
/usr/share/cinnamon/applets/settings-example@cinnamon.org/CustomWidget.py|text/x-script.python|-rw-r--r--|644|root|root|3e47cca5d2d895f3cd296910ce6ec414
/usr/share/cinnamon/applets/settings-example@cinnamon.org/metadata.json|application/json|-rw-r--r--|644|root|root|501e270457076a2a38707d397d74b547
/usr/share/cinnamon/applets/settings-example@cinnamon.org/__pycache__|directory|drwxr-xr-x|755|root|root|-
/usr/share/cinnamon/applets/settings-example@cinnamon.org/settings-schema.json|application/json|-rw-r--r--|644|root|root|aa5b799c619af6beb9972fbf954e6c15
/usr/share/cinnamon/applets/show-desktop@cinnamon.org|directory|drwxr-xr-x|755|root|root|-
/usr/share/cinnamon/applets/show-desktop@cinnamon.org/applet.js|text/x-c|-rw-r--r--|644|root|root|96db63843814b92c24380c39af444ada
/usr/share/cinnamon/applets/show-desktop@cinnamon.org/metadata.json|application/json|-rw-r--r--|644|root|root|4fc63578d6fde8504bbb7d04ddb3ec2c
/usr/share/cinnamon/applets/show-desktop@cinnamon.org/settings-schema.json|application/json|-rw-r--r--|644|root|root|572d866c4382a156f35ea0664f8b64f9
/usr/share/cinnamon/applets/slideshow@cinnamon.org|directory|drwxr-xr-x|755|root|root|-
/usr/share/cinnamon/applets/slideshow@cinnamon.org/applet.js|text/x-c|-rw-r--r--|644|root|root|e96531b188d49bd9c277f0f709aa5f01
/usr/share/cinnamon/applets/slideshow@cinnamon.org/icons|directory|drwxr-xr-x|755|root|root|-
/usr/share/cinnamon/applets/slideshow@cinnamon.org/icons/slideshow-disabled-symbolic.svg|image/svg+xml|-rw-r--r--|644|root|root|a42022acd56450605559534b35d1b2eb
/usr/share/cinnamon/applets/slideshow@cinnamon.org/icons/slideshow-pause-symbolic.svg|image/svg+xml|-rw-r--r--|644|root|root|d610f6500834532460627349278447f6
/usr/share/cinnamon/applets/slideshow@cinnamon.org/icons/slideshow-play-symbolic.svg|image/svg+xml|-rw-r--r--|644|root|root|63ee5ef533943dfcb708c2adf9a3ce41
/usr/share/cinnamon/applets/slideshow@cinnamon.org/metadata.json|application/json|-rw-r--r--|644|root|root|2af63e012c18789c8ed8dd80236bf031
/usr/share/cinnamon/applets/sound@cinnamon.org|directory|drwxr-xr-x|755|root|root|-
/usr/share/cinnamon/applets/sound@cinnamon.org/applet.js|text/x-c++|-rw-r--r--|644|root|root|5e8fda11e6716728ae27b8852f3cb63a
/usr/share/cinnamon/applets/sound@cinnamon.org/metadata.json|application/json|-rw-r--r--|644|root|root|fb8b3fac2cac3cc8523bc51071285d45
/usr/share/cinnamon/applets/sound@cinnamon.org/settings-schema.json|application/json|-rw-r--r--|644|root|root|cd7a99af6fce1f04852ac27d13a3bf55
/usr/share/cinnamon/applets/spacer@cinnamon.org|directory|drwxr-xr-x|755|root|root|-
/usr/share/cinnamon/applets/spacer@cinnamon.org/applet.js|text/x-c|-rw-r--r--|644|root|root|03aaa14e2434b69e8f1cda6414ed4c03
/usr/share/cinnamon/applets/spacer@cinnamon.org/metadata.json|application/json|-rw-r--r--|644|root|root|f6efd9a1d1294ffe319b1f283249b952
/usr/share/cinnamon/applets/spacer@cinnamon.org/settings-schema.json|application/json|-rw-r--r--|644|root|root|ce7d0d70f40859fec53e8c70cde93a17
/usr/share/cinnamon/applets/systray@cinnamon.org|directory|drwxr-xr-x|755|root|root|-
/usr/share/cinnamon/applets/systray@cinnamon.org/applet.js|text/x-c|-rw-r--r--|644|root|root|4159a55a3012a908d8098d3f40729327
/usr/share/cinnamon/applets/systray@cinnamon.org/metadata.json|application/json|-rw-r--r--|644|root|root|197efbae6fc8cd792f1a5ebf9bdcceec
/usr/share/cinnamon/applets/trash@cinnamon.org|directory|drwxr-xr-x|755|root|root|-
/usr/share/cinnamon/applets/trash@cinnamon.org/applet.js|text/x-c|-rw-r--r--|644|root|root|a72b10b1f65e89ada279b1af4ae3b6da
/usr/share/cinnamon/applets/trash@cinnamon.org/metadata.json|application/json|-rw-r--r--|644|root|root|085f89015115ddc090c3ea5e34405b63
/usr/share/cinnamon/applets/user@cinnamon.org|directory|drwxr-xr-x|755|root|root|-
/usr/share/cinnamon/applets/user@cinnamon.org/applet.js|text/x-c|-rw-r--r--|644|root|root|32ee7f9568f4a6c5f4c171786464a090
/usr/share/cinnamon/applets/user@cinnamon.org/icons|directory|drwxr-xr-x|755|root|root|-
/usr/share/cinnamon/applets/user@cinnamon.org/icons/logout-symbolic.svg|image/svg+xml|-rw-r--r--|644|root|root|d9cf75d379ac9e2b90d4778997e303a8
/usr/share/cinnamon/applets/user@cinnamon.org/icons/switch-user-symbolic.svg|image/svg+xml|-rw-r--r--|644|root|root|cfdc845c6add67973111bdf8f9d0c2dd
/usr/share/cinnamon/applets/user@cinnamon.org/metadata.json|application/json|-rw-r--r--|644|root|root|7a2ee90109bb3de8314fc08e0161112f
/usr/share/cinnamon/applets/user@cinnamon.org/settings-schema.json|application/json|-rw-r--r--|644|root|root|73115574c1e6fb20d210240500720f13
/usr/share/cinnamon/applets/user@cinnamon.org/stylesheet.css|text/plain|-rw-r--r--|644|root|root|05bb24a086cc3f2975a12eff1de57a9c
/usr/share/cinnamon/applets/window-list@cinnamon.org|directory|drwxr-xr-x|755|root|root|-
/usr/share/cinnamon/applets/window-list@cinnamon.org/applet.js|text/plain|-rw-r--r--|644|root|root|93137e0b46a21223ec65a6fcf5161890
/usr/share/cinnamon/applets/window-list@cinnamon.org/metadata.json|application/json|-rw-r--r--|644|root|root|f800f175385334b943f20d480dfb0012
/usr/share/cinnamon/applets/window-list@cinnamon.org/settings-schema.json|application/json|-rw-r--r--|644|root|root|b35ffa9a47e7de8ef0c209cfa6a0e860
/usr/share/cinnamon/applets/windows-quick-list@cinnamon.org|directory|drwxr-xr-x|755|root|root|-
/usr/share/cinnamon/applets/windows-quick-list@cinnamon.org/applet.js|application/javascript|-rw-r--r--|644|root|root|94c5c459df2ad1c8c5c8d31a18eebb67
/usr/share/cinnamon/applets/windows-quick-list@cinnamon.org/icons|directory|drwxr-xr-x|755|root|root|-
/usr/share/cinnamon/applets/windows-quick-list@cinnamon.org/icons/windows-quick-list-symbolic.svg|image/svg+xml|-rw-r--r--|644|root|root|eaf593983e1edd5643e58dd741f31e2a
/usr/share/cinnamon/applets/windows-quick-list@cinnamon.org/metadata.json|application/json|-rw-r--r--|644|root|root|9308e831e9f9d13b1a114364a1fb91af
/usr/share/cinnamon/applets/workspace-switcher@cinnamon.org|directory|drwxr-xr-x|755|root|root|-
/usr/share/cinnamon/applets/workspace-switcher@cinnamon.org/applet.js|text/x-c++|-rw-r--r--|644|root|root|ee652c6faa05b96ea5f6edc94f61ad54
/usr/share/cinnamon/applets/workspace-switcher@cinnamon.org/metadata.json|application/json|-rw-r--r--|644|root|root|8696afc98815b6035cee9dafdbf9a272
/usr/share/cinnamon/applets/workspace-switcher@cinnamon.org/settings-schema.json|application/json|-rw-r--r--|644|root|root|c7a908d55620163f1c33c48b7dc5abe1
/usr/share/cinnamon/applets/xapp-status@cinnamon.org|directory|drwxr-xr-x|755|root|root|-
/usr/share/cinnamon/applets/xapp-status@cinnamon.org/applet.js|text/x-c++|-rw-r--r--|644|root|root|33e86d2b3d2726f84ad3c586810bb8f7
/usr/share/cinnamon/applets/xapp-status@cinnamon.org/metadata.json|application/json|-rw-r--r--|644|root|root|b904008cf293acbc8f67ebd7aec214e5
/usr/share/cinnamon/applets/xrandr@cinnamon.org|directory|drwxr-xr-x|755|root|root|-
/usr/share/cinnamon/applets/xrandr@cinnamon.org/applet.js|text/x-c|-rw-r--r--|644|root|root|a3303b4bd33cd930046577f7b141238c
/usr/share/cinnamon/applets/xrandr@cinnamon.org/metadata.json|application/json|-rw-r--r--|644|root|root|7c0daaff0cc429dd2f38d17f01c552f8
/usr/share/cinnamon/applets/xrandr@cinnamon.org/stylesheet.css|text/plain|-rw-r--r--|644|root|root|90dd9efa2220806b0975b8fe1d89b7d1
/usr/share/cinnamon/bumpmaps|directory|drwxr-xr-x|755|root|root|-
/usr/share/cinnamon/bumpmaps/birdnfish.png|image/png|-rw-r--r--|644|root|root|7c2e9fa9a4eb36038c6b7582d9a334d2
/usr/share/cinnamon/bumpmaps/brick.png|image/png|-rw-r--r--|644|root|root|e7754fe86fc8a3bc04577aa8a6183a37
/usr/share/cinnamon/bumpmaps/fish.png|image/png|-rw-r--r--|644|root|root|4025dba6f4944ce507b23c2ee2e22e71
/usr/share/cinnamon/bumpmaps/frost.png|image/png|-rw-r--r--|644|root|root|0c1fd578230517546991652aec6a42d2
/usr/share/cinnamon/bumpmaps/hex.png|image/png|-rw-r--r--|644|root|root|6f6334c57df3da337264582c5866dc79
/usr/share/cinnamon/bumpmaps/lizard.png|image/png|-rw-r--r--|644|root|root|933000a0b94ec9e205752205d4b601d0
/usr/share/cinnamon/cinnamon-desktop-editor|directory|drwxr-xr-x|755|root|root|-
/usr/share/cinnamon/cinnamon-desktop-editor/cinnamon-desktop-editor.py|text/x-script.python|-rwxr-xr-x|755|root|root|6e1ab74122b8c497d676f9133c8f7ebe
/usr/share/cinnamon/cinnamon-desktop-editor/directory-editor.ui|text/xml|-rw-r--r--|644|root|root|a2df0f321431f441a1ceb951f8881344
/usr/share/cinnamon/cinnamon-desktop-editor/launcher-editor.ui|text/xml|-rw-r--r--|644|root|root|8e5df53f581048428f3053af9abd2dce
/usr/share/cinnamon/cinnamon-desktop-editor/__pycache__|directory|drwxr-xr-x|755|root|root|-
/usr/share/cinnamon/cinnamon-looking-glass|directory|drwxr-xr-x|755|root|root|-
/usr/share/cinnamon/cinnamon-looking-glass/cinnamon-looking-glass.py|text/x-script.python|-rwxr-xr-x|755|root|root|f866a63e4de6dda41714adeaedc853d3
/usr/share/cinnamon/cinnamon-looking-glass/lookingglass_proxy.py|text/x-script.python|-rw-r--r--|644|root|root|bdaf188158ec35513c84af3710c891b5
/usr/share/cinnamon/cinnamon-looking-glass/page_extensions.py|text/x-script.python|-rw-r--r--|644|root|root|36b909e7bd6c1003ba3660b60f17bf4d
/usr/share/cinnamon/cinnamon-looking-glass/page_inspect.py|text/x-script.python|-rw-r--r--|644|root|root|5ba87dce5f734f615e0dd3da1df75cf0
/usr/share/cinnamon/cinnamon-looking-glass/page_log.py|text/x-script.python|-rw-r--r--|644|root|root|fc798bb836258d82078fedbfdf4dd749
/usr/share/cinnamon/cinnamon-looking-glass/page_results.py|text/x-script.python|-rw-r--r--|644|root|root|6f87227f71f060e597be97a418ac1730
/usr/share/cinnamon/cinnamon-looking-glass/pageutils.py|text/x-script.python|-rw-r--r--|644|root|root|dfa26d1b73540a5fafb4fef50d5aebd6
/usr/share/cinnamon/cinnamon-looking-glass/page_windows.py|text/x-script.python|-rw-r--r--|644|root|root|dc1ff7354c970d3895001d09010a5212
/usr/share/cinnamon/cinnamon-looking-glass/__pycache__|directory|drwxr-xr-x|755|root|root|-
/usr/share/cinnamon/cinnamon-menu-editor|directory|drwxr-xr-x|755|root|root|-
/usr/share/cinnamon/cinnamon-menu-editor/cinnamon-menu-editor.ui|text/xml|-rw-r--r--|644|root|root|c99604c0fa8af8cf79d40c62aab59033
/usr/share/cinnamon/cinnamon-menu-editor/cme|directory|drwxr-xr-x|755|root|root|-
/usr/share/cinnamon/cinnamon-menu-editor/cme/config.py|text/plain|-rw-r--r--|644|root|root|e4e66a5914f3bca89eaab434c32ac7cc
/usr/share/cinnamon/cinnamon-menu-editor/cme/__init__.py|inode/x-empty|-rw-r--r--|644|root|root|d41d8cd98f00b204e9800998ecf8427e
/usr/share/cinnamon/cinnamon-menu-editor/cme/MainWindow.py|text/x-script.python|-rw-r--r--|644|root|root|c322c079f9c508134455cbaa2243ea74
/usr/share/cinnamon/cinnamon-menu-editor/cme/MenuEditor.py|text/x-script.python|-rw-r--r--|644|root|root|2f0134551878f4820e738bfdaa54cef7
/usr/share/cinnamon/cinnamon-menu-editor/cme/__pycache__|directory|drwxr-xr-x|755|root|root|-
/usr/share/cinnamon/cinnamon-menu-editor/cme/util.py|text/x-script.python|-rw-r--r--|644|root|root|f156245b703dfaac7ae791b5d7e2129c
/usr/share/cinnamon/cinnamon-screensaver-lock-dialog|directory|drwxr-xr-x|755|root|root|-
/usr/share/cinnamon/cinnamon-screensaver-lock-dialog/cinnamon-screensaver-lock-dialog.py|text/x-script.python|-rwxr-xr-x|755|root|root|4e6ebd9506105010689a91604e06575d
/usr/share/cinnamon/cinnamon-screensaver-lock-dialog/cinnamon-screensaver-lock-dialog.ui|text/xml|-rw-r--r--|644|root|root|bda42f8606b7e0d69bb17f65c73301d9
/usr/share/cinnamon/cinnamon-screensaver-lock-dialog/__pycache__|directory|drwxr-xr-x|755|root|root|-
/usr/share/cinnamon/cinnamon-settings|directory|drwxr-xr-x|755|root|root|-
/usr/share/cinnamon/cinnamon-settings/bin|directory|drwxr-xr-x|755|root|root|-
/usr/share/cinnamon/cinnamon-settings/bin/capi.py|text/x-script.python|-rw-r--r--|644|root|root|f51c40a7569aadf37ab54d818409563a
/usr/share/cinnamon/cinnamon-settings/bin/ChooserButtonWidgets.py|text/x-script.python|-rw-r--r--|644|root|root|f172bcc97434cc63a9093156ff87f8e7
/usr/share/cinnamon/cinnamon-settings/bin/CinnamonGtkSettings.py|text/x-script.python|-rw-r--r--|644|root|root|c43a6d79a87429e8ced96144c0540639
/usr/share/cinnamon/cinnamon-settings/bin/ExtensionCore.py|text/x-script.python|-rw-r--r--|644|root|root|a5f515d23ff91b590a7c3c864327d237
/usr/share/cinnamon/cinnamon-settings/bin/eyedropper.py|text/x-script.python|-rw-r--r--|644|root|root|c5ec84c395eeb6499a2e428c2dd1630c
/usr/share/cinnamon/cinnamon-settings/bin/imtools.py|text/x-script.python|-rw-r--r--|644|root|root|850f4c9c42529f039950db969f1af26f
/usr/share/cinnamon/cinnamon-settings/bin/__init__.py|inode/x-empty|-rw-r--r--|644|root|root|d41d8cd98f00b204e9800998ecf8427e
/usr/share/cinnamon/cinnamon-settings/bin/JsonSettingsWidgets.py|text/x-script.python|-rw-r--r--|644|root|root|ee293411fd0e9d641fa8a9ac9525039d
/usr/share/cinnamon/cinnamon-settings/bin/KeybindingWidgets.py|text/x-script.python|-rwxr-xr-x|755|root|root|b39ee4a2b4726344fe89b94d6640bfda
/usr/share/cinnamon/cinnamon-settings/bin/proxygsettings.py|text/x-script.python|-rw-r--r--|644|root|root|047d878fe08b1918ab793cdf8a8e2414
/usr/share/cinnamon/cinnamon-settings/bin/__pycache__|directory|drwxr-xr-x|755|root|root|-
/usr/share/cinnamon/cinnamon-settings/bin/scrollbar-test-widget.glade|text/xml|-rw-r--r--|644|root|root|52d5c14151d1ed9f5b86dbe6520df790
/usr/share/cinnamon/cinnamon-settings/bin/scrollbar-test-widget.py|text/x-script.python|-rw-r--r--|644|root|root|7b87b75cb4dbcf6d2f41ea50bdea9c2f
/usr/share/cinnamon/cinnamon-settings/bin/SettingsWidgets.py|text/x-script.python|-rwxr-xr-x|755|root|root|0898a412aa6a909a3b8a53ff84d42653
/usr/share/cinnamon/cinnamon-settings/bin/Spices.py|text/x-script.python|-rw-r--r--|644|root|root|0e836d107a746245cc1d187c3568cfca
/usr/share/cinnamon/cinnamon-settings/bin/TreeListWidgets.py|text/x-script.python|-rw-r--r--|644|root|root|f097c42c85b02de6b1ca6308ad8cfaa3
/usr/share/cinnamon/cinnamon-settings/bin/tweenEquations.py|text/x-script.python|-rw-r--r--|644|root|root|e88bf4c246e12be4884852e36a3f0966
/usr/share/cinnamon/cinnamon-settings/bin/util.py|text/x-script.python|-rw-r--r--|644|root|root|a5b1a18cb3cecbf12706b7ce50065d76
/usr/share/cinnamon/cinnamon-settings/cinnamon-online-accounts-info.ui|text/xml|-rw-r--r--|644|root|root|b587a95059706ec9f81a5a2124724e30
/usr/share/cinnamon/cinnamon-settings/cinnamon-settings.py|text/x-script.python|-rwxr-xr-x|755|root|root|6e44acc21cec0a862f35a34d3d9b8463
/usr/share/cinnamon/cinnamon-settings/cinnamon-settings.ui|text/xml|-rw-r--r--|644|root|root|57f41c388ef021b055cf775259fc4519
/usr/share/cinnamon/cinnamon-settings/config.py|text/plain|-rw-r--r--|644|root|root|68f1c86535068900d0985f25ce527e10
/usr/share/cinnamon/cinnamon-settings/icons|text/plain|-rw-r--r--|644|root|root|e80cdb09c5624889c9bc3be1bace5f1a
/usr/share/cinnamon/cinnamon-settings/modules|directory|drwxr-xr-x|755|root|root|-
/usr/share/cinnamon/cinnamon-settings/modules/cs_accessibility.py|text/x-script.python|-rwxr-xr-x|755|root|root|1f707f577cfabbaeb459f8e590d3eb26
/usr/share/cinnamon/cinnamon-settings/modules/cs_applets.py|text/x-script.python|-rw-r--r--|644|root|root|64fa0386d2a18ae971cd1d36a31ec9ef
/usr/share/cinnamon/cinnamon-settings/modules/cs_backgrounds.py|text/x-script.python|-rwxr-xr-x|755|root|root|461296b27a0406aafeef33ec50a8c868
/usr/share/cinnamon/cinnamon-settings/modules/cs_calendar.py|text/x-script.python|-rwxr-xr-x|755|root|root|ed3ed02736ca7f84f54aacf3874ca8fe
/usr/share/cinnamon/cinnamon-settings/modules/cs_default.py|text/x-script.python|-rwxr-xr-x|755|root|root|da9b01c8090190a63785917838f0b531
/usr/share/cinnamon/cinnamon-settings/modules/cs_desklets.py|text/x-script.python|-rw-r--r--|644|root|root|7dcdf0baa59136b2ba7a787455b0df6c
/usr/share/cinnamon/cinnamon-settings/modules/cs_desktop.py|text/x-script.python|-rwxr-xr-x|755|root|root|13aa79ab2c0f92ff5c1a2a822d4c907a
/usr/share/cinnamon/cinnamon-settings/modules/cs_display.py|text/x-script.python|-rw-r--r--|644|root|root|d7e4c51c29ae07d38cf32686115545c7
/usr/share/cinnamon/cinnamon-settings/modules/cs_effects.py|text/x-script.python|-rwxr-xr-x|755|root|root|dab49c268314dd26b60d248e1ff269b1
/usr/share/cinnamon/cinnamon-settings/modules/cs_extensions.py|text/x-script.python|-rwxr-xr-x|755|root|root|155b520a1b3fe6f2e041ada145646a86
/usr/share/cinnamon/cinnamon-settings/modules/cs_fonts.py|text/x-script.python|-rwxr-xr-x|755|root|root|7e8b754b61fb8dd14fd72c789fe7e5ad
/usr/share/cinnamon/cinnamon-settings/modules/cs_general.py|text/x-script.python|-rwxr-xr-x|755|root|root|d681d9cf1577d9bccb54798497d57f40
/usr/share/cinnamon/cinnamon-settings/modules/cs_hotcorner.py|text/x-script.python|-rwxr-xr-x|755|root|root|1fbd477aa18092718fcb2375343b7528
/usr/share/cinnamon/cinnamon-settings/modules/cs_info.py|text/x-script.python|-rwxr-xr-x|755|root|root|74688d3e313f583f66583cb4bdb6c2e2
/usr/share/cinnamon/cinnamon-settings/modules/cs_keyboard.py|text/x-script.python|-rwxr-xr-x|755|root|root|f93feccebebd74472574572fb52703ea
/usr/share/cinnamon/cinnamon-settings/modules/cs_mouse.py|text/x-script.python|-rwxr-xr-x|755|root|root|da1d5b3fc2c3344cf4c8eabb6dc8edea
/usr/share/cinnamon/cinnamon-settings/modules/cs_notifications.py|text/x-script.python|-rwxr-xr-x|755|root|root|79829ad4b1a427cc26c67c1c031da364
/usr/share/cinnamon/cinnamon-settings/modules/cs_online_accounts.py|text/x-script.python|-rwxr-xr-x|755|root|root|89909cfaae9a87760060583507bf8633
/usr/share/cinnamon/cinnamon-settings/modules/cs_panel.py|text/x-script.python|-rwxr-xr-x|755|root|root|02eb79fff0615239bcd6d2ed3eda21fa
/usr/share/cinnamon/cinnamon-settings/modules/cs_power.py|text/x-script.python|-rwxr-xr-x|755|root|root|9b2b6561ec56e8c70dbb46e4fa321c56
/usr/share/cinnamon/cinnamon-settings/modules/cs_privacy.py|text/x-script.python|-rwxr-xr-x|755|root|root|8c11b80bdf82c2aba9db2203ca35f829
/usr/share/cinnamon/cinnamon-settings/modules/cs_screensaver.py|text/x-script.python|-rwxr-xr-x|755|root|root|dab04847a95cc4c127da096a58b287cc
/usr/share/cinnamon/cinnamon-settings/modules/cs_sound.py|text/x-script.python|-rwxr-xr-x|755|root|root|fb34ee6d71a70664c0b91c0b2b5f4bd9
/usr/share/cinnamon/cinnamon-settings/modules/cs_startup.py|text/x-script.python|-rwxr-xr-x|755|root|root|ba448d4d3380decd7fad7ec795b98cab
/usr/share/cinnamon/cinnamon-settings/modules/cs_themes.py|text/x-script.python|-rwxr-xr-x|755|root|root|b9b582c50d10d0db2bcc13eaccd3eaa7
/usr/share/cinnamon/cinnamon-settings/modules/cs_tiling.py|text/x-script.python|-rwxr-xr-x|755|root|root|86f7a0ca51dab8569cc32c6486a3fa62
/usr/share/cinnamon/cinnamon-settings/modules/cs_user.py|text/x-script.python|-rwxr-xr-x|755|root|root|966fe3b8c4325a444c953271bfe18eda
/usr/share/cinnamon/cinnamon-settings/modules/cs_windows.py|text/x-script.python|-rwxr-xr-x|755|root|root|7b7ce94292e3d1dbcc62e84e91a33159
/usr/share/cinnamon/cinnamon-settings/modules/cs_workspaces.py|text/x-script.python|-rwxr-xr-x|755|root|root|af11b369c0d67377ede18814bebee993
/usr/share/cinnamon/cinnamon-settings/modules/__pycache__|directory|drwxr-xr-x|755|root|root|-
/usr/share/cinnamon/cinnamon-settings/__pycache__|directory|drwxr-xr-x|755|root|root|-
/usr/share/cinnamon/cinnamon-settings-users|directory|drwxr-xr-x|755|root|root|-
/usr/share/cinnamon/cinnamon-settings-users/cinnamon-settings-users.py|text/x-script.python|-rwxr-xr-x|755|root|root|5c3a7fda17f96a299341b6b8d5935483
/usr/share/cinnamon/cinnamon-settings-users/cinnamon-settings-users.svg|image/svg+xml|-rw-r--r--|644|root|root|c8751fe32de6caf3bfb8ed51db33d119
/usr/share/cinnamon/cinnamon-settings-users/cinnamon-settings-users.ui|text/xml|-rw-r--r--|644|root|root|3f85a02acba22601eb9cc826a92f5bb2
/usr/share/cinnamon/cinnamon-settings-users/__pycache__|directory|drwxr-xr-x|755|root|root|-
/usr/share/cinnamon/cinnamon-settings/xlet-settings.py|text/x-script.python|-rwxr-xr-x|755|root|root|ad031ed7be9c0db8b015cab9054ec84d
/usr/share/cinnamon/cinnamon-slideshow|directory|drwxr-xr-x|755|root|root|-
/usr/share/cinnamon/cinnamon-slideshow/cinnamon-slideshow.py|text/x-script.python|-rwxr-xr-x|755|root|root|151442128161b004bf162e9f2eb2b7f5
/usr/share/cinnamon/cinnamon-slideshow/__pycache__|directory|drwxr-xr-x|755|root|root|-
/usr/share/cinnamon/desklets|directory|drwxr-xr-x|755|root|root|-
/usr/share/cinnamon/desklets/clock@cinnamon.org|directory|drwxr-xr-x|755|root|root|-
/usr/share/cinnamon/desklets/clock@cinnamon.org/desklet.js|text/x-c|-rw-r--r--|644|root|root|944dfc132da2bd6e4756de683c778d59
/usr/share/cinnamon/desklets/clock@cinnamon.org/metadata.json|application/json|-rw-r--r--|644|root|root|9851f3d10127104f9d53d3f66f1afadc
/usr/share/cinnamon/desklets/clock@cinnamon.org/settings-schema.json|application/json|-rw-r--r--|644|root|root|ea17d24b4f89d4d396c33ccaf8d7f6fc
/usr/share/cinnamon/desklets/launcher@cinnamon.org|directory|drwxr-xr-x|755|root|root|-
/usr/share/cinnamon/desklets/launcher@cinnamon.org/desklet.js|text/x-c|-rw-r--r--|644|root|root|4bf17b89c7e48b3db42b519e4ecea965
/usr/share/cinnamon/desklets/launcher@cinnamon.org/editorDialog.py|text/x-script.python|-rwxr-xr-x|755|root|root|d9b2c22890c4e50455e5ec809f88fb38
/usr/share/cinnamon/desklets/launcher@cinnamon.org/editorDialog.ui|text/xml|-rw-r--r--|644|root|root|82bcbcdd8cf9c5518b481e31e2e06483
/usr/share/cinnamon/desklets/launcher@cinnamon.org/metadata.json|application/json|-rw-r--r--|644|root|root|5d7aa9f1ec6cce1eaf13e455226a8bab
/usr/share/cinnamon/desklets/launcher@cinnamon.org/__pycache__|directory|drwxr-xr-x|755|root|root|-
/usr/share/cinnamon/desklets/photoframe@cinnamon.org|directory|drwxr-xr-x|755|root|root|-
/usr/share/cinnamon/desklets/photoframe@cinnamon.org/desklet.js|text/x-c|-rw-r--r--|644|root|root|742a4abf8438617dd4e08cad2af5f5d7
/usr/share/cinnamon/desklets/photoframe@cinnamon.org/metadata.json|application/json|-rw-r--r--|644|root|root|f581a4863351e5550f85a7ddfe2e0353
/usr/share/cinnamon/desklets/photoframe@cinnamon.org/settings-schema.json|application/json|-rw-r--r--|644|root|root|738cdf363d241ed8dbaafbed122a260f
/usr/share/cinnamon/desklets/photoframe@cinnamon.org/stylesheet.css|text/plain|-rw-r--r--|644|root|root|d0fac63eb48573056d9939cfbc3166e4
/usr/share/cinnamon/faces|directory|drwxr-xr-x|755|root|root|-
/usr/share/cinnamon/faces/0_cars.jpg|image/jpeg|-rw-r--r--|644|root|root|1d329469f056e9f8c5ddd51b7ef40d5d
/usr/share/cinnamon/faces/0_chess.jpg|image/jpeg|-rw-r--r--|644|root|root|5d1fe304f6ba2d259d707ffe549e5009
/usr/share/cinnamon/faces/0_coffee.jpg|image/jpeg|-rw-r--r--|644|root|root|c609ba83b52a067cb6b5b2107708339b
/usr/share/cinnamon/faces/0_guitar.jpg|image/jpeg|-rw-r--r--|644|root|root|ae9eaf626fdfaae60eb381e3853ae697
/usr/share/cinnamon/faces/2_10.png|image/png|-rw-r--r--|644|root|root|f23b3e604d14f52635ab32a91a4774ff
/usr/share/cinnamon/faces/2_11.png|image/png|-rw-r--r--|644|root|root|7a328211a63b5576738fe2e5181bf9f2
/usr/share/cinnamon/faces/2_12.png|image/png|-rw-r--r--|644|root|root|9f76c1ddcee638a05c5356f5b294c1e2
/usr/share/cinnamon/faces/2_13.png|image/png|-rw-r--r--|644|root|root|db128d933ed1f1e5dc724986bfc94688
/usr/share/cinnamon/faces/3_lightning.jpg|image/jpeg|-rw-r--r--|644|root|root|f120645a0e38a86ba32384d0db3920b8
/usr/share/cinnamon/faces/3_mountain.jpg|image/jpeg|-rw-r--r--|644|root|root|659c3fcda9428b5d743d1bc4d23ba428
/usr/share/cinnamon/faces/3_sky.jpg|image/jpeg|-rw-r--r--|644|root|root|39bbc4f5826133228448d1bcf9f91b59
/usr/share/cinnamon/faces/3_sunset.jpg|image/jpeg|-rw-r--r--|644|root|root|bfda89a72e981c0a2803015d0d326a84
/usr/share/cinnamon/faces/4_cinnamon.jpg|image/jpeg|-rw-r--r--|644|root|root|9697fafcb98508f0c2122134d3ee4eed
/usr/share/cinnamon/faces/4_flower.jpg|image/jpeg|-rw-r--r--|644|root|root|3b733318536aeb0bdbeb439739cff74d
/usr/share/cinnamon/faces/4_leaf.jpg|image/jpeg|-rw-r--r--|644|root|root|00cdef520a2477d7a42789d828d6bca3
/usr/share/cinnamon/faces/4_sunflower.jpg|image/jpeg|-rw-r--r--|644|root|root|aae83953c7ae25e3d0a544003b7c17e8
/usr/share/cinnamon/faces/5_fish.jpg|image/jpeg|-rw-r--r--|644|root|root|3b05b0538cc87a876da7d5338036fe14
/usr/share/cinnamon/faces/5_kitten.jpg|image/jpeg|-rw-r--r--|644|root|root|065fe15266c2b7067618d4a73491fafb
/usr/share/cinnamon/faces/5_penguin.jpg|image/jpeg|-rw-r--r--|644|root|root|fe7155bbda7d7b2871bfd51620b33d7a
/usr/share/cinnamon/faces/5_puppy.jpg|image/jpeg|-rw-r--r--|644|root|root|321e0e12ec4fdd7202b66114e8fa022d
/usr/share/cinnamon/faces/6_astronaut.jpg|image/jpeg|-rw-r--r--|644|root|root|8e085d3a22a85e32357e7665f7e13e60
/usr/share/cinnamon/faces/6_butterfly.png|image/png|-rw-r--r--|644|root|root|23f42bd6144d9d09159bb5788a44f456
/usr/share/cinnamon/faces/6_flake.jpg|image/jpeg|-rw-r--r--|644|root|root|d038d4cb7eb4f42b67b48ee09f661d3d
/usr/share/cinnamon/faces/6_grapes.jpg|image/jpeg|-rw-r--r--|644|root|root|1a24a4f03c337a87dc633b8815fc4e03
/usr/share/cinnamon/faces/7_bat.png|image/png|-rw-r--r--|644|root|root|6e10ec4ea91e714b9ee64af6303030fa
/usr/share/cinnamon/faces/7_dog.png|image/png|-rw-r--r--|644|root|root|0d2d240af8cbed20778d1efc5215eb0f
/usr/share/cinnamon/faces/7_elephant.png|image/png|-rw-r--r--|644|root|root|342decb223c48c5b2074fac854bca0b6
/usr/share/cinnamon/faces/7_fox.png|image/png|-rw-r--r--|644|root|root|cb00d4dd9ea97a6659eda2eb3c103657
/usr/share/cinnamon/faces/7_lion.png|image/png|-rw-r--r--|644|root|root|43a82ae5fead0c8dfd70859b94eeeae8
/usr/share/cinnamon/faces/7_panda.png|image/png|-rw-r--r--|644|root|root|55d44a26a6fdb559d44461196a450250
/usr/share/cinnamon/faces/7_penguin.png|image/png|-rw-r--r--|644|root|root|e2bb8e6f6f7693d19784d51259b9862e
/usr/share/cinnamon/faces/7_tucan.png|image/png|-rw-r--r--|644|root|root|5b6318ff122af2e7605751f17a954685
/usr/share/cinnamon/faces/user-generic.png|image/png|-rw-r--r--|644|root|root|8aa98ebf4494162d51f7b90ea9e499b5
/usr/share/cinnamon/icons|directory|drwxr-xr-x|755|root|root|-
/usr/share/cinnamon/icons/move-symbolic.svg|image/svg+xml|-rw-r--r--|644|root|root|113a05fd6092c17a37402191c6c4e711
/usr/share/cinnamon/js|directory|drwxr-xr-x|755|root|root|-
/usr/share/cinnamon/js/misc|directory|drwxr-xr-x|755|root|root|-
/usr/share/cinnamon/js/misc/config.js|text/plain|-rw-r--r--|644|root|root|4869d6007962bd631eccd7ef13815fb3
/usr/share/cinnamon/js/misc/docInfo.js|text/plain|-rw-r--r--|644|root|root|1e78469cf7a158b2eeb107986704cc70
/usr/share/cinnamon/js/misc/fileDialog.js|text/plain|-rw-r--r--|644|root|root|a4180b767e581ab0236e7ce5dddc3026
/usr/share/cinnamon/js/misc/fileUtils.js|application/javascript|-rw-r--r--|644|root|root|58a251f968522447d2917fb7999745ea
/usr/share/cinnamon/js/misc/gnomeSession.js|text/plain|-rw-r--r--|644|root|root|4f2d64526f4ace667aa09ad0867fa8b4
/usr/share/cinnamon/js/misc/gridNavigator.js|text/plain|-rw-r--r--|644|root|root|380fded2451d7aa4b5435c77367645ef
/usr/share/cinnamon/js/misc/history.js|application/javascript|-rw-r--r--|644|root|root|9ffe10bd2738e67ccf2b951c70c3cdfa
/usr/share/cinnamon/js/misc/inputMethod.js|text/plain|-rw-r--r--|644|root|root|06b425464d1034835a3d0884668bcf02
/usr/share/cinnamon/js/misc/interfaces.js|text/plain|-rw-r--r--|644|root|root|26477104ff0e7cab10ee6a1c933c9fa0
/usr/share/cinnamon/js/misc/modemManager.js|text/plain|-rw-r--r--|644|root|root|768dcc992c414f109f753a78327f2da3
/usr/share/cinnamon/js/misc/params.js|text/plain|-rw-r--r--|644|root|root|9b2dfe39071d25d322dd01f44c54669e
/usr/share/cinnamon/js/misc/pointerTracker.js|text/plain|-rw-r--r--|644|root|root|573e5a3cfa81d5115fc7028ee9118d15
/usr/share/cinnamon/js/misc/screenSaver.js|application/javascript|-rw-r--r--|644|root|root|d4b41421f6b573df16a617ba3a965920
/usr/share/cinnamon/js/misc/signalManager.js|text/plain|-rw-r--r--|644|root|root|a16c972d9255e82cb3cb2da436ce0899
/usr/share/cinnamon/js/misc/state.js|application/javascript|-rw-r--r--|644|root|root|5362a1a01daf2ca5d0b8e4083703bf7c
/usr/share/cinnamon/js/misc/timers.js|text/plain|-rw-r--r--|644|root|root|7a64868fbf151221aec69bdbb53b9f1c
/usr/share/cinnamon/js/misc/util.js|application/javascript|-rw-r--r--|644|root|root|62e596a1dffd9a3d1e172776529ffd67
/usr/share/cinnamon/js/misc/windowUtils.js|application/javascript|-rw-r--r--|644|root|root|dd790ce35eca447491612176f1134d1b
/usr/share/cinnamon/js/perf|directory|drwxr-xr-x|755|root|root|-
/usr/share/cinnamon/js/perf/core.js|application/javascript|-rw-r--r--|644|root|root|b9b7b8c404f669da053f767c9398ea70
/usr/share/cinnamon/js/ui|directory|drwxr-xr-x|755|root|root|-
/usr/share/cinnamon/js/ui/accessibility.js|text/plain|-rw-r--r--|644|root|root|f5773862cdd26a4342254ce19a50af52
/usr/share/cinnamon/js/ui/appFavorites.js|application/javascript|-rw-r--r--|644|root|root|2f7d7a121c5eb320737a478c95f9be1e
/usr/share/cinnamon/js/ui/applet.js|text/plain|-rw-r--r--|644|root|root|5990e9bcdde3a0e97591d621e5a5b55d
/usr/share/cinnamon/js/ui/appletManager.js|application/javascript|-rw-r--r--|644|root|root|582ab3386982326f871ff59a8785a446
/usr/share/cinnamon/js/ui/appSwitcher|directory|drwxr-xr-x|755|root|root|-
/usr/share/cinnamon/js/ui/appSwitcher/appSwitcher3D.js|application/javascript|-rw-r--r--|644|root|root|8ab6382d0987ebfd12ae32837b46a86e
/usr/share/cinnamon/js/ui/appSwitcher/appSwitcher.js|text/plain|-rw-r--r--|644|root|root|f61d3c2363b9349df31110f87cc55404
/usr/share/cinnamon/js/ui/appSwitcher/classicSwitcher.js|application/javascript|-rw-r--r--|644|root|root|d5bbd61861bceb196b9c7b7338f221e4
/usr/share/cinnamon/js/ui/appSwitcher/coverflowSwitcher.js|text/plain|-rw-r--r--|644|root|root|e91eda3ab3534881a8db3bcb7047fada
/usr/share/cinnamon/js/ui/appSwitcher/timelineSwitcher.js|text/plain|-rw-r--r--|644|root|root|e37f9e7029ceedcac1da44621bb60e62
/usr/share/cinnamon/js/ui/backgroundManager.js|text/plain|-rw-r--r--|644|root|root|67933be492864b626b04adebf6a78e23
/usr/share/cinnamon/js/ui/boxpointer.js|text/plain|-rw-r--r--|644|root|root|bf0b13ce9c2a121232bcb4a78525e63a
/usr/share/cinnamon/js/ui/checkBox.js|text/plain|-rw-r--r--|644|root|root|9e39574e148534547bf25d35d96e0945
/usr/share/cinnamon/js/ui/cinnamonDBus.js|text/plain|-rw-r--r--|644|root|root|6bfb771790e9a10101c1fa9b6b4b82a8
/usr/share/cinnamon/js/ui/cinnamonEntry.js|text/plain|-rw-r--r--|644|root|root|22657f6e819f828d42f91d4bea7e9421
/usr/share/cinnamon/js/ui/dbusMenu.js|text/plain|-rw-r--r--|644|root|root|46d7ee71e148b17bb830a33c5e43e0c5
/usr/share/cinnamon/js/ui/desklet.js|text/plain|-rw-r--r--|644|root|root|2f29c4ccebf26d6ceb047d8a58238490
/usr/share/cinnamon/js/ui/deskletManager.js|application/javascript|-rw-r--r--|644|root|root|8cda615530e765681210ad2a07df2f8b
/usr/share/cinnamon/js/ui/dnd.js|text/plain|-rw-r--r--|644|root|root|32b798696f3954d27693608a8bfaffe6
/usr/share/cinnamon/js/ui/edgeFlip.js|text/plain|-rw-r--r--|644|root|root|f23e0cf82da57c4df6bdc3cec533d1c7
/usr/share/cinnamon/js/ui/environment.js|text/x-java|-rw-r--r--|644|root|root|3a582b4b3ba3c575155f20ca5dd17b89
/usr/share/cinnamon/js/ui/expo.js|text/plain|-rw-r--r--|644|root|root|3b5a149c943061127fc80679fb72dac6
/usr/share/cinnamon/js/ui/expoThumbnail.js|text/plain|-rw-r--r--|644|root|root|18a697d2270b03cd6805589d3483fba2
/usr/share/cinnamon/js/ui/extension.js|application/javascript|-rw-r--r--|644|root|root|788472ebc58ad8b71dcf392882ea09a2
/usr/share/cinnamon/js/ui/extensionSystem.js|application/javascript|-rw-r--r--|644|root|root|f603c5c710fd7402806292fc47f2e05b
/usr/share/cinnamon/js/ui/flashspot.js|text/plain|-rw-r--r--|644|root|root|dd7a32d59e3fabcff93e0be51ce31f44
/usr/share/cinnamon/js/ui/hotCorner.js|text/x-c++|-rw-r--r--|644|root|root|817924691d8e0ebf56859b001bff5045
/usr/share/cinnamon/js/ui/keybindings.js|text/plain|-rw-r--r--|644|root|root|c4fd30e7e3d534b0c5fc07ce37181953
/usr/share/cinnamon/js/ui/layout.js|text/plain|-rw-r--r--|644|root|root|70eef7f85e9a636e78b578e746c3cd2d
/usr/share/cinnamon/js/ui/lightbox.js|text/plain|-rw-r--r--|644|root|root|f5f599a0d33e4ebfc88c008c1b99ed04
/usr/share/cinnamon/js/ui/locatePointer.js|text/plain|-rw-r--r--|644|root|root|060806ccaf74fe07c2ddaca09bf7730f
/usr/share/cinnamon/js/ui/lookingGlass.js|text/x-c++|-rw-r--r--|644|root|root|5d9344d06fa105e7d837b8c88ee20388
/usr/share/cinnamon/js/ui/magnifierDBus.js|application/javascript|-rw-r--r--|644|root|root|143ce60a0018077e0fba978193677fbd
/usr/share/cinnamon/js/ui/magnifier.js|application/javascript|-rw-r--r--|644|root|root|3221e2bef3006d9332d779454d84f0d5
/usr/share/cinnamon/js/ui/main.js|text/x-c|-rw-r--r--|644|root|root|43f2710dcc1d8d83fc11971963844779
/usr/share/cinnamon/js/ui/messageTray.js|text/plain|-rw-r--r--|644|root|root|0cf8cde369aac1ad096766b04fb2c0aa
/usr/share/cinnamon/js/ui/modalDialog.js|text/plain|-rw-r--r--|644|root|root|e7c22a6bee7bf2082e61ed645742c0f5
/usr/share/cinnamon/js/ui/notificationDaemon.js|text/plain|-rw-r--r--|644|root|root|a0a3bab40e50fd42ae3cc2798ca91fa5
/usr/share/cinnamon/js/ui/osdWindow.js|text/plain|-rw-r--r--|644|root|root|6ed4ab0e1bac70ff3f110a31ffd87b59
/usr/share/cinnamon/js/ui/overrides.js|application/javascript|-rw-r--r--|644|root|root|596292cccd6b5bf2f793a6a65ec7fd00
/usr/share/cinnamon/js/ui/overview.js|text/plain|-rw-r--r--|644|root|root|766d08360a665f2301807adbe7d6c4ab
/usr/share/cinnamon/js/ui/panel.js|text/plain|-rw-r--r--|644|root|root|6855f7341c932a81e0180a97ddbb7c44
/usr/share/cinnamon/js/ui/placesManager.js|text/plain|-rw-r--r--|644|root|root|10099c14aa85c3c2c0bb6b90ceb85700
/usr/share/cinnamon/js/ui/popupMenu.js|text/plain|-rw-r--r--|644|root|root|af4b2471fc0b3bfefe0f8bb8ac9739c2
/usr/share/cinnamon/js/ui/radioButton.js|text/plain|-rw-r--r--|644|root|root|3f19958d32ae78a835437a6a456642d9
/usr/share/cinnamon/js/ui/ripples.js|text/plain|-rw-r--r--|644|root|root|976b127a35f6fdd6472739c74abce9b6
/usr/share/cinnamon/js/ui/runDialog.js|application/javascript|-rw-r--r--|644|root|root|4eb8227f056a52e750521edd52356803
/usr/share/cinnamon/js/ui/screenRecorder.js|text/plain|-rw-r--r--|644|root|root|2bcd74e6add750ca0fb38a242a47f4f1
/usr/share/cinnamon/js/ui/screenshot.js|text/x-c++|-rw-r--r--|644|root|root|9c121f25d027da40bd1109068593c626
/usr/share/cinnamon/js/ui/search.js|application/javascript|-rw-r--r--|644|root|root|6a51ec77528eebd34d012f72179a86d6
/usr/share/cinnamon/js/ui/searchProviderManager.js|application/javascript|-rw-r--r--|644|root|root|d6da010962f0c05e9e5c70b435534c16
/usr/share/cinnamon/js/ui/separator.js|text/plain|-rw-r--r--|644|root|root|036e3e2cbca337da4b848955b963e10d
/usr/share/cinnamon/js/ui/settings.js|text/plain|-rw-r--r--|644|root|root|2bd190c1ec340baf18ee50239c41dbc9
/usr/share/cinnamon/js/ui/slider.js|text/plain|-rw-r--r--|644|root|root|4473362fd3377cdbd109420fa7b84bd5
/usr/share/cinnamon/js/ui/slideshowManager.js|text/plain|-rw-r--r--|644|root|root|93f6e24ec7eabaf62a1ad2d73a9accc0
/usr/share/cinnamon/js/ui/soundManager.js|text/plain|-rw-r--r--|644|root|root|8b02d52d0f67f1143ceaec7814808f88
/usr/share/cinnamon/js/ui/startupAnimation.js|text/plain|-rw-r--r--|644|root|root|9415d87230de56d2cdc06dfbf9856e1f
/usr/share/cinnamon/js/ui/statusIconDispatcher.js|text/plain|-rw-r--r--|644|root|root|d5d00cb9611d4bf6441f2fe07da1b515
/usr/share/cinnamon/js/ui/systray.js|text/plain|-rw-r--r--|644|root|root|dae70639baab6991a92c6afce6ee5b85
/usr/share/cinnamon/js/ui/themeManager.js|text/plain|-rw-r--r--|644|root|root|c05f88dbb5a10a6504a0750ce09a6837
/usr/share/cinnamon/js/ui/tooltips.js|text/plain|-rw-r--r--|644|root|root|592dac64bb2cac563dc017ccecd1dd6f
/usr/share/cinnamon/js/ui/tweener.js|text/plain|-rw-r--r--|644|root|root|0c4a46ae20079323bea09e2b9329bfeb
/usr/share/cinnamon/js/ui/virtualKeyboard.js|text/plain|-rw-r--r--|644|root|root|982dd4ce5b9c5ad9ad9767ce9f2a3291
/usr/share/cinnamon/js/ui/windowAttentionHandler.js|text/plain|-rw-r--r--|644|root|root|f7c24d838fa3e119b3e09d753d4502e6
/usr/share/cinnamon/js/ui/windowManager.js|text/x-c++|-rw-r--r--|644|root|root|07d737210cceffc94f3b0299b3c057f0
/usr/share/cinnamon/js/ui/windowMenu.js|text/plain|-rw-r--r--|644|root|root|68bc593987723ad2e39fca2bed1a637c
/usr/share/cinnamon/js/ui/wmGtkDialogs.js|text/plain|-rw-r--r--|644|root|root|fd8b00aa04ba48b64971ccc6170c7bef
/usr/share/cinnamon/js/ui/workspace.js|text/plain|-rw-r--r--|644|root|root|4757396bc871e57f7f21277e7f466905
/usr/share/cinnamon/js/ui/workspacesView.js|text/plain|-rw-r--r--|644|root|root|d3d2eed01b88460a41c30afd5a788271
/usr/share/cinnamon/js/ui/xdndHandler.js|text/plain|-rw-r--r--|644|root|root|f01499706a6b2c622294626bb3cbfc3f
/usr/share/cinnamon/search_providers|directory|drwxr-xr-x|755|root|root|-
/usr/share/cinnamon/search_providers/google.xml|text/plain|-rw-r--r--|644|root|root|c38edfc59d819cc28bac0fb591b32172
/usr/share/cinnamon/search_providers/wikipedia.xml|text/plain|-rw-r--r--|644|root|root|d0f25a90d5c3ccff3b790f3377e5338f
/usr/share/cinnamon/sounds|directory|drwxr-xr-x|755|root|root|-
/usr/share/cinnamon/sounds/bell.ogg|audio/ogg|-rw-r--r--|644|root|root|3281dd0b377172a2c5795dd30cb79f07
/usr/share/cinnamon/sounds/togglekeys-sound-off.ogg|audio/ogg|-rw-r--r--|644|root|root|02ef38cf18a544612e909b72345eeec1
/usr/share/cinnamon/sounds/togglekeys-sound-on.ogg|audio/ogg|-rw-r--r--|644|root|root|7d5a5040ec7a912c67920ba8d892154d
/usr/share/eta|directory|drwxr-xr-x|755|root|root|-
/usr/share/eta/eta-count|directory|drwxr-xr-x|755|root|root|-
/usr/share/eta/eta-count/alarm.ogg|audio/ogg|-rwxr-xr-x|755|root|root|2f7ad0edf2a4ab80bcae47b06741b231
/usr/share/eta/eta-count/audio.py|text/x-script.python|-rwxr-xr-x|755|root|root|bf1b97a62c86d1dd05051bbb56b24840
/usr/share/eta/eta-count/main.py|text/x-script.python|-rwxr-xr-x|755|root|root|087ad00039b83be67a604ac6829edd9c
/usr/share/eta/eta-count/MainWindow.py|text/x-script.python|-rwxr-xr-x|755|root|root|32b91a22ce9636f0ed731283025c11df
/usr/share/eta/eta-count/util.py|text/x-script.python|-rwxr-xr-x|755|root|root|050e861e74bfeb0ee1fd66c39c3d6384
/usr/share/eta/eta-display-control|directory|drwxr-xr-x|755|root|root|-
/usr/share/eta/eta-display-control/eta-add-4k-display|text/x-shellscript|-rwxr-xr-x|755|root|root|2f584f1605097d616bf38610846c566e
/usr/share/eta/eta-display-control/eta-display-control|text/x-shellscript|-rwxr-xr-x|755|root|root|5ae4527d788b4f12cd3891954d1cbbd9
/usr/share/eta/eta-keyboard|directory|drwxr-xr-x|755|root|root|-
/usr/share/eta/eta-keyboard/auto-off-status.svg|image/svg+xml|-rw-r--r--|644|root|root|749f04acc16a8f5d8051f2dd252a9d51
/usr/share/eta/eta-keyboard/auto-on-status.svg|image/svg+xml|-rw-r--r--|644|root|root|c2c80518febf51ece0bf38c230ab7b14
/usr/share/eta/eta-keyboard/keyboard.svg|image/svg+xml|-rw-r--r--|644|root|root|bdb4cfaf47fba6afe02477dfc5a4e522
/usr/share/eta/eta-kisit|directory|drwxr-xr-x|755|root|root|-
/usr/share/eta/eta-kisit/data|directory|drwxr-xr-x|755|root|root|-
/usr/share/eta/eta-kisit/data/img|directory|drwxr-xr-x|755|root|root|-
/usr/share/eta/eta-kisit/data/img/eta-kisit.svg|image/svg+xml|-rw-r--r--|644|root|root|60530a3136b169fd06766d792508065b
/usr/share/eta/eta-kisit/data/style_gtk3.css|text/plain|-rw-r--r--|644|root|root|3c5324db5dcb21e734856688a272330d
/usr/share/eta/eta-kisit/eta-kisit.svg|image/svg+xml|-rw-r--r--|644|root|root|653d0738985b6d171c3e1622b477ba91
/usr/share/eta/eta-kisit/src|directory|drwxr-xr-x|755|root|root|-
/usr/share/eta/eta-kisit/src/ETAKisitActivator.py|text/x-script.python|-rwxr-xr-x|755|root|root|19e09be38e38d21f8e7c9aa33b1569c0
/usr/share/eta/eta-kisit/src/Logger.py|text/x-script.python|-rw-r--r--|644|root|root|2d546441d74f9db51bcdfe22c982b57a
/usr/share/eta/eta-kisit/src/Main.py|text/x-script.python|-rwxr-xr-x|755|root|root|c4e2725e66a910da09b71ec922ffbf4f
/usr/share/eta/eta-kisit/src/managers|directory|drwxr-xr-x|755|root|root|-
/usr/share/eta/eta-kisit/src/managers/ApplicationManager.py|text/x-script.python|-rw-r--r--|644|root|root|e43aa6c582e25d34aa6ab7851d37ef0b
/usr/share/eta/eta-kisit/src/managers/BrowserManager.py|text/x-script.python|-rw-r--r--|644|root|root|6dd8d0bc04596a1fe55c24600298d539
/usr/share/eta/eta-kisit/src/managers/FileRestrictionManager.py|text/x-script.python|-rw-r--r--|644|root|root|7a79c86e8e6e4496c028f326160f2a01
/usr/share/eta/eta-kisit/src/managers/LinuxUserManager.py|text/x-script.python|-rw-r--r--|644|root|root|fc61fd474846bfbec0c227cab399acc8
/usr/share/eta/eta-kisit/src/managers/MalcontentManager.py|text/x-script.python|-rw-r--r--|644|root|root|cbb5027ac7e5ca5dbd6fa48e3ace296b
/usr/share/eta/eta-kisit/src/managers/NetworkFilterManager.py|text/x-script.python|-rw-r--r--|644|root|root|562c6d5e43a078e1d989c0701bdac649
/usr/share/eta/eta-kisit/src/managers/NotificationManager.py|text/x-script.python|-rw-r--r--|644|root|root|f921d17f69cf1d05d3cb08e5a0c83ec0
/usr/share/eta/eta-kisit/src/managers/ProfileManager.py|text/x-script.python|-rw-r--r--|644|root|root|5424eb9fa5a8a5433ac314d8cde2aa81
/usr/share/eta/eta-kisit/src/managers/SmartdnsManager.py|text/x-script.python|-rw-r--r--|644|root|root|c981344f229f0de58dbe70a7a12c5f97
/usr/share/eta/eta-kisit/src/managers/SnapManager.py|text/x-script.python|-rw-r--r--|644|root|root|b7a780fec529c127a1e71b62fe7aa9b4
/usr/share/eta/eta-kisit/src/ui_gtk3|directory|drwxr-xr-x|755|root|root|-
/usr/share/eta/eta-kisit/src/ui_gtk3/ApplicationChooserWindow.py|text/x-script.python|-rw-r--r--|644|root|root|303fc2c4f4532a95deb2558e0662c9f8
/usr/share/eta/eta-kisit/src/ui_gtk3/Dialogs.py|text/x-script.python|-rw-r--r--|644|root|root|e2892105c33a7d8c256720f6972f0a21
/usr/share/eta/eta-kisit/src/ui_gtk3/MainWindow.py|text/x-script.python|-rw-r--r--|644|root|root|0d1c3f9ae1be5bdff1cc1be93196f9ef
/usr/share/eta/eta-kisit/src/ui_gtk3/PActionRow.py|text/x-script.python|-rw-r--r--|644|root|root|b6c1ea361081f0ae3d0b6c5a4b375874
/usr/share/eta/eta-kisit/src/ui_gtk3/PreferencesWindow.py|text/x-script.python|-rw-r--r--|644|root|root|2468305b607469b1555df515cb6f5ffa
/usr/share/eta/eta-kisit/src/ui_gtk3/ProfileChooserWindow.py|text/x-script.python|-rw-r--r--|644|root|root|f35b8d1fcf4fb3f7701b4d84aa09b952
/usr/share/eta/eta-kisit/src/UserCheckService.py|text/x-script.python|-rwxr-xr-x|755|root|root|3845a489cca1291a7ad297961777a001
/usr/share/eta/eta-kisit/src/version.py|text/plain|-rw-r--r--|644|root|root|55e1e7695f0acc008869aeff8592b635
/usr/share/eta/eta-notify|directory|drwxr-xr-x|755|root|root|-
/usr/share/eta/eta-notify/data|directory|drwxr-xr-x|755|root|root|-
/usr/share/eta/eta-notify/data/temp1|directory|drwxr-xr-x|755|root|root|-
/usr/share/eta/eta-notify/data/temp1/index.html|text/html|-rw-r--r--|644|root|root|af05c9234916ed1b7429d164d5969c88
/usr/share/eta/eta-notify/data/temp1/logo.png|image/png|-rw-r--r--|644|root|root|ea67e2768a1817dc7851c420996aeedd
/usr/share/eta/eta-notify/src|directory|drwxr-xr-x|755|root|root|-
/usr/share/eta/eta-notify/src/Main.py|text/x-script.python|-rwxr-xr-x|755|root|root|4726df0cbdac8ae7378aa1a0abd00579
/usr/share/eta/eta-password-changer|directory|drwxr-xr-x|755|root|root|-
/usr/share/eta/eta-password-changer/Actions.py|text/x-script.python|-rwxr-xr-x|755|root|root|f72994e2d0e86e2018a1d6364fe559e0
/usr/share/eta/eta-password-changer/main.py|text/x-script.python|-rwxr-xr-x|755|root|root|eedce923b7dac74c517ffaf201b8c65a
/usr/share/eta/eta-password-changer/MainWindow.py|text/x-script.python|-rwxr-xr-x|755|root|root|7c302a71eacc4054e9b67ceb322c56b7
/usr/share/eta/eta-password-changer/ui|directory|drwxr-xr-x|755|root|root|-
/usr/share/eta/eta-password-changer/ui/MainWindow.ui|text/xml|-rwxr-xr-x|755|root|root|bf0adea3fd60af3e4f37570b04757161
/usr/share/eta/eta-qr-login|directory|drwxr-xr-x|755|root|root|-
/usr/share/eta/eta-qr-login/mock_service.py|text/x-script.python|-rw-r--r--|644|root|root|8e98912534656f814288b40cd7d9ec20
/usr/share/eta/eta-qr-login/qrwidget.py|text/x-script.python|-rw-r--r--|644|root|root|5d716d6d320b0e0f4fe738e475fbb823
/usr/share/eta/eta-qr-login/service.py|text/x-script.python|-rw-r--r--|644|root|root|717fb892ccdb39a28629eab3bdb00d12
/usr/share/eta/eta-qr-login/test_app.py|text/x-script.python|-rw-r--r--|644|root|root|41caeacd391bc1ea930bfba688c70808
/usr/share/eta/eta-qr-login/unix_socket_service.py|text/x-script.python|-rw-r--r--|644|root|root|5501fdcb4a4981e9f69eb2df521d4278
/usr/share/eta/eta-right-click|directory|drwxr-xr-x|755|root|root|-
/usr/share/eta/eta-right-click/main.py|text/x-script.python|-rw-r--r--|644|root|root|93d32757a5bbf2d4a7a4973c9f0497c4
/usr/share/eta/eta-right-click/util.py|text/x-script.python|-rw-r--r--|644|root|root|dc398effed5f12a329ccf79488cbe19a
/usr/share/eta/eta-shutdown|directory|drwxr-xr-x|755|root|root|-
/usr/share/eta/eta-shutdown/src|directory|drwxr-xr-x|755|root|root|-
/usr/share/eta/eta-shutdown/src/actions.py|text/x-script.python|-rwxr-xr-x|755|root|root|7ef57d340dd6d352a7ff27a9238810f9
/usr/share/eta/eta-shutdown/src/Main.py|text/x-script.python|-rwxr-xr-x|755|root|root|d1df9805ab4faa4f3dfa7f57e34233ca
/usr/share/eta/eta-shutdown/src/MainWindow.py|text/x-script.python|-rwxr-xr-x|755|root|root|0217d7561b03ae01afb4a8b1b79714ff
/usr/share/eta/eta-shutdown/src/service|directory|drwxr-xr-x|755|root|root|-
/usr/share/eta/eta-shutdown/src/service/logger.py|text/x-script.python|-rwxr-xr-x|755|root|root|0c0b87e4e2e26dc90ab3545b498c6b88
/usr/share/eta/eta-shutdown/src/service/main.py|text/x-script.python|-rwxr-xr-x|755|root|root|c66a8da27fdfa5bd352636350198f028
/usr/share/eta/eta-shutdown/src/service/service.py|text/x-script.python|-rwxr-xr-x|755|root|root|42a386a7500bea1ae478e288db869d90
/usr/share/eta/eta-shutdown/src/service/xidle.py|text/x-script.python|-rwxr-xr-x|755|root|root|7f2b01d5fcd8ca7e9000eeffe48205bb
/usr/share/eta/eta-shutdown/src/ShutdownMenu.py|text/x-script.python|-rwxr-xr-x|755|root|root|d504b1407a14c4b6b7a3e32afb57d70a
/usr/share/eta/eta-shutdown/ui|directory|drwxr-xr-x|755|root|root|-
/usr/share/eta/eta-shutdown/ui/MainWindow.glade|text/xml|-rw-r--r--|644|root|root|7294c8fc2f03177b9bf003de6dcdab0b
/usr/share/eta/eta-usb-login|directory|drwxr-xr-x|755|root|root|-
/usr/share/eta/eta-usb-login/credentials.py|text/x-script.python|-rw-r--r--|644|root|root|7d19d9b6d6ba33c56a46a32ea8d590d6
/usr/share/eta/eta-usb-login/etausblogin.service|text/plain|-rw-r--r--|644|root|root|d2ad92fd981cf0be9850149be7968c80
/usr/share/eta/eta-usb-login/main.py|text/x-script.python|-rw-r--r--|644|root|root|2e0a2754eb675c11fe9555e0eaddc6d1
/usr/share/eta/eta-usb-login/pam.py|text/x-script.python|-rw-r--r--|644|root|root|13f5282b58b6e22525419a5deb61fd38
/usr/share/eta/eta-usb-login/service.py|text/x-script.python|-rw-r--r--|644|root|root|8c8248c84a7967af726d5cb712c87789
/usr/share/eta/eta-usb-login/usb.py|text/x-script.python|-rw-r--r--|644|root|root|9a04431fe7dde989ad83e96d8c087a39
/usr/share/eta/eta-usb-login/user.py|text/x-script.python|-rw-r--r--|644|root|root|a3c1184ade1bfbebda760823706bcee2
/usr/share/eta/eta-usb-register|directory|drwxr-xr-x|755|root|root|-
/usr/share/eta/eta-usb-register/src|directory|drwxr-xr-x|755|root|root|-
/usr/share/eta/eta-usb-register/src/CredentialsManager.py|text/x-script.python|-rw-r--r--|644|root|root|a2f4517772bdd50fc95166aab13fde40
/usr/share/eta/eta-usb-register/src/Dialogs.py|text/x-script.python|-rw-r--r--|644|root|root|05318941452a7bf1b4b916b4b3e3299d
/usr/share/eta/eta-usb-register/src/Main.py|text/x-script.python|-rwxr-xr-x|755|root|root|63d44a36d03935e955e6abc7eaaf8a5e
/usr/share/eta/eta-usb-register/src/MainWindow.py|text/x-script.python|-rw-r--r--|644|root|root|cab9ea592f1e1326b9cc62c2bd82f577
/usr/share/eta/eta-usb-register/src/USBDeviceManager.py|text/x-script.python|-rw-r--r--|644|root|root|622a5e909878f45e1d2708c88f324e22
/usr/share/eta/eta-usb-register/ui|directory|drwxr-xr-x|755|root|root|-
/usr/share/eta/eta-usb-register/ui/MainWindow.glade|text/xml|-rw-r--r--|644|root|root|02082475049ebf75d47d9bf6c9399e61
/usr/share/etap|directory|drwxr-xr-x|755|root|root|-
/usr/share/etap/applications|directory|drwxr-xr-x|755|root|root|-
/usr/share/etap/applications/google-chrome.desktop|text/plain|-rw-r--r--|644|root|root|dfdac4becc0192d4c59b23260e36541e
/usr/share/etap/bin|directory|drwxr-xr-x|755|root|root|-
/usr/share/etap/bin/onlyoffice-desktopeditors|text/x-shellscript|-rwxr-xr-x|755|root|root|39b9f512cc7146220535ecb01a3b7db0
/usr/share/etap/bin/wine|text/x-shellscript|-rwxr-xr-x|755|root|root|9c0b9ac02cc1cda9fad539a8ba31d844
/usr/share/etap/bin/wine64|symlink|wine|777|root|root|-
/usr/share/etap/bin/wine64-preloader|symlink|wine|777|root|root|-
/usr/share/etap/bin/wineboot|symlink|wine|777|root|root|-
/usr/share/etap/bin/winecfg|symlink|wine|777|root|root|-
/usr/share/etap/bin/winefile|symlink|wine|777|root|root|-
/usr/share/etap/bin/wine-preloader|symlink|wine|777|root|root|-
/usr/share/etap/bin/wineserver|symlink|wine|777|root|root|-
/usr/share/etap/eta-otp|directory|drwxr-xr-x|755|root|root|-
/usr/share/etap/eta-otp/actions.py|text/x-script.python|-rwxr-xr-x|755|root|root|ef3a702c7cff46e19b40468a29761283
/usr/share/etap/eta-otp/gui.py|text/x-script.python|-rw-r--r--|644|root|root|cfd4b7096f33563d4a0d8342b5db569e
/usr/share/etap/eta-otp/main.py|text/x-script.python|-rw-r--r--|644|root|root|8f6f727029924e5db441bad55e8082eb
/usr/share/etap/eta-otp/MainWindow.py|text/x-script.python|-rw-r--r--|644|root|root|8f9135c2f2ecf498bdb3cdb063e30dc3
/usr/share/lightdm|directory|drwxr-xr-x|755|root|root|-
/usr/share/lightdm/greeters|directory|drwxr-xr-x|755|root|root|-
/usr/share/lightdm/greeters/pardus.desktop|text/plain|-rw-r--r--|644|root|root|8b0c5f06c3211e94a994eda034de066d
/usr/share/lightdm/greeters/pardus-wayland.desktop|text/plain|-rw-r--r--|644|root|root|d2c40fad31fc03380f03d89b5d2456a7
/usr/share/lightdm/lightdm.conf.d|directory|drwxr-xr-x|755|root|root|-
/usr/share/lightdm/lightdm.conf.d/01_debian.conf|text/plain|-rw-r--r--|644|root|root|91c94cafb8489a818c9837db9f050342
/usr/share/lightdm/lightdm.conf.d/99-pardus.conf|text/plain|-rw-r--r--|644|root|root|2dfa0175f3b82aa5a0dc310c315dc74d
/usr/share/lightdm/lightdm-gtk-greeter.conf.d|directory|drwxr-xr-x|755|root|root|-
/usr/share/lightdm/lightdm-gtk-greeter.conf.d/01_debian.conf|text/plain|-rw-r--r--|644|root|root|573b65dffd1987491af821a6b3d55d6a
/usr/share/pardus|directory|drwxr-xr-x|755|root|root|-
/usr/share/pardus/eta-cinnamon-greeter|directory|drwxr-xr-x|755|root|root|-
/usr/share/pardus/eta-cinnamon-greeter/data|directory|drwxr-xr-x|755|root|root|-
/usr/share/pardus/eta-cinnamon-greeter/data/css|directory|drwxr-xr-x|755|root|root|-
/usr/share/pardus/eta-cinnamon-greeter/data/css/style.css|text/plain|-rw-r--r--|644|root|root|20d23e8b8ffe8e7c4359fe0153d4c282
/usr/share/pardus/eta-cinnamon-greeter/data/discord.svg|image/svg+xml|-rw-r--r--|644|root|root|9ede9194d03dd142e69fbc976325a303
/usr/share/pardus/eta-cinnamon-greeter/data/eta-cinnamon-greeter.svg|image/svg+xml|-rw-r--r--|644|root|root|a4710f4d13a4ae1ad4a460b64ce54bca
/usr/share/pardus/eta-cinnamon-greeter/data/github.svg|image/svg+xml|-rw-r--r--|644|root|root|83e0e84b0388e3243ce837b68fab37d2
/usr/share/pardus/eta-cinnamon-greeter/data/pardus-night-light-ss.png|image/png|-rw-r--r--|644|root|root|1919db9cd9b1a8dacc3b1c5080432351
/usr/share/pardus/eta-cinnamon-greeter/data/sample.m4a|video/mp4|-rw-r--r--|644|root|root|1bfca2a6ff72a98eaf3f98c155417f43
/usr/share/pardus/eta-cinnamon-greeter/data/theme-dark.png|image/png|-rw-r--r--|644|root|root|9b5b5af83a63db7280f8c326ab0920bb
/usr/share/pardus/eta-cinnamon-greeter/data/theme-light.png|image/png|-rw-r--r--|644|root|root|28340b840150daab66021c4edcbad572
/usr/share/pardus/eta-cinnamon-greeter/data/tr.org.pardus.eta-cinnamon-greeter.desktop|text/plain|-rw-r--r--|644|root|root|56c6780241aebd51b901070bc47c3bf8
/usr/share/pardus/eta-cinnamon-greeter/src|directory|drwxr-xr-x|755|root|root|-
/usr/share/pardus/eta-cinnamon-greeter/src/Main.py|text/x-script.python|-rwxr-xr-x|755|root|root|e8dff8022976bffff6197eb13357cf84
/usr/share/pardus/eta-cinnamon-greeter/src/MainWindow.py|text/x-script.python|-rw-r--r--|644|root|root|1e02e9294c09df4e66f4b04f3756487c
/usr/share/pardus/eta-cinnamon-greeter/src/ScaleManager.py|text/x-script.python|-rw-r--r--|644|root|root|1624386b122ca4fb9d63a12fc69fa91a
/usr/share/pardus/eta-cinnamon-greeter/src/Server.py|text/x-script.python|-rw-r--r--|644|root|root|662f485a2ae5f1b08dc46ed1466975f9
/usr/share/pardus/eta-cinnamon-greeter/src/Stream.py|text/x-script.python|-rw-r--r--|644|root|root|896a7a59f34a40832806be9a9d8929f4
/usr/share/pardus/eta-cinnamon-greeter/src/ThemeManager.py|text/x-script.python|-rw-r--r--|644|root|root|5732ae86ea988b7ade771f2589063065
/usr/share/pardus/eta-cinnamon-greeter/src/UserSettings.py|text/x-script.python|-rw-r--r--|644|root|root|9a007f4d90d4eaca8caf269227254809
/usr/share/pardus/eta-cinnamon-greeter/src/utils.py|text/x-script.python|-rw-r--r--|644|root|root|ed8e63efa86d586a5ac6214f5296aedb
/usr/share/pardus/eta-cinnamon-greeter/src/__version__|text/plain|-rw-r--r--|644|root|root|38dfe6388acfa83c3486d41f22b08165
/usr/share/pardus/eta-cinnamon-greeter/src/WallpaperManager.py|text/x-script.python|-rw-r--r--|644|root|root|d354bfd188c8abb1001a5c16b16a60ce
/usr/share/pardus/eta-cinnamon-greeter/ui|directory|drwxr-xr-x|755|root|root|-
/usr/share/pardus/eta-cinnamon-greeter/ui/MainWindow.glade|text/xml|-rw-r--r--|644|root|root|90a02b716a7da2bd976f8c4e73d31eac
/usr/share/pardus/eta-help|directory|drwxr-xr-x|755|root|root|-
/usr/share/pardus/eta-help/data|directory|drwxr-xr-x|755|root|root|-
/usr/share/pardus/eta-help/data/docs.png|image/png|-rw-r--r--|644|root|root|40ae68cf6a29e78f3f0db3e146e93f86
/usr/share/pardus/eta-help/data/eta-help.svg|image/svg+xml|-rw-r--r--|644|root|root|823be176b6e063e4f70999545c3095d7
/usr/share/pardus/eta-help/data/etap-banner.png|image/png|-rw-r--r--|644|root|root|c239d39a2aa93d2af35eb6f031fa3ea7
/usr/share/pardus/eta-help/data/etaplogo.png|image/png|-rw-r--r--|644|root|root|61ef33000ec9bac0e4bed57afd67ea6d
/usr/share/pardus/eta-help/data/faq.png|image/png|-rw-r--r--|644|root|root|fc581261aa56194ee4b6f3048d821b62
/usr/share/pardus/eta-help/data/learn.png|image/png|-rw-r--r--|644|root|root|14f5b9b6d4c0e46c077ae74b53456b66
/usr/share/pardus/eta-help/data/style.css|text/plain|-rw-r--r--|644|root|root|55e7060c5a56446367d660c8dce4cf8d
/usr/share/pardus/eta-help/src|directory|drwxr-xr-x|755|root|root|-
/usr/share/pardus/eta-help/src/Main.py|text/x-script.python|-rwxr-xr-x|755|root|root|0b36455d807efe456912241973f93dae
/usr/share/pardus/eta-help/src/MainWindow.py|text/x-script.python|-rw-r--r--|644|root|root|fdffdd3c1ba65a1aada107a9e78311d1
/usr/share/pardus/eta-help/src/Server.py|text/x-script.python|-rw-r--r--|644|root|root|bb696f2636febf67739779724d8a25ac
/usr/share/pardus/eta-help/src/UserSettings.py|text/x-script.python|-rw-r--r--|644|root|root|dc4d5a1c897e5e5ade980d85ae383af8
/usr/share/pardus/eta-help/src/utils.py|text/x-script.python|-rw-r--r--|644|root|root|b9c79d3a75cf50aefad61dbb6504c740
/usr/share/pardus/eta-help/src/__version__|text/plain|-rw-r--r--|644|root|root|f723810a82dbb962df96794ccedc3cc3
/usr/share/pardus/eta-help/ui|directory|drwxr-xr-x|755|root|root|-
/usr/share/pardus/eta-help/ui/MainWindow.glade|text/xml|-rw-r--r--|644|root|root|ecc40b41f5d18dbfd28020e50d17b45d
/usr/share/pardus/eta-locales|directory|drwxr-xr-x|755|root|root|-
/usr/share/pardus/eta-locales/libreoffice|text/x-shellscript|-rwxr-xr-x|755|root|root|6d84cdd2e11c91b4d1cfdc349dafe888
/usr/share/pardus/eta-menu|directory|drwxr-xr-x|755|root|root|-
/usr/share/pardus/eta-menu/data|directory|drwxr-xr-x|755|root|root|-
/usr/share/pardus/eta-menu/data/css|directory|drwxr-xr-x|755|root|root|-
/usr/share/pardus/eta-menu/data/css/adw.css|text/plain|-rw-r--r--|644|root|root|416af646b1f763eacc0a24ee3948f057
/usr/share/pardus/eta-menu/data/css/all.css|text/plain|-rw-r--r--|644|root|root|e00648cb2c570a19147bf9c71fe7b137
/usr/share/pardus/eta-menu/data/css/base.css|text/plain|-rw-r--r--|644|root|root|fe898913c50986c7495e26a620b4bc16
/usr/share/pardus/eta-menu/data/eta-menu-panel-symbolic.svg|image/svg+xml|-rw-r--r--|644|root|root|8bebfaa1abe39844aab5f56c823ff5c6
/usr/share/pardus/eta-menu/data/eta-menu.svg|image/svg+xml|-rw-r--r--|644|root|root|ca8613c6fcb7b3b897026045ac1cbcd1
/usr/share/pardus/eta-menu/data/tr.org.pardus.eta-menu-autostart.desktop|text/plain|-rw-r--r--|644|root|root|066f8946900022a6ae1c6ba0567717e3
/usr/share/pardus/eta-menu/data/tr.org.pardus.eta-menu.desktop|text/plain|-rw-r--r--|644|root|root|03803a75fdb7654041daf169f931aca2
/usr/share/pardus/eta-menu/src|directory|drwxr-xr-x|755|root|root|-
/usr/share/pardus/eta-menu/src/Main.py|text/x-script.python|-rwxr-xr-x|755|root|root|38688d2dfe42cee5b974c2a7dfe7a5bc
/usr/share/pardus/eta-menu/src/MainWindow.py|text/x-script.python|-rw-r--r--|644|root|root|75f237ea46acc91f299acede3836cf0b
/usr/share/pardus/eta-menu/src/UserSettings.py|text/x-script.python|-rw-r--r--|644|root|root|53be460b539c205e30ec9279ef9ced72
/usr/share/pardus/eta-menu/src/Utils.py|text/x-script.python|-rw-r--r--|644|root|root|0eb3d40c929bc94c65e4748840eadbcc
/usr/share/pardus/eta-menu/src/__version__|text/plain|-rw-r--r--|644|root|root|47354877541923135499c38a6606138a
/usr/share/pardus/eta-menu/ui|directory|drwxr-xr-x|755|root|root|-
/usr/share/pardus/eta-menu/ui/MainWindow.glade|text/xml|-rw-r--r--|644|root|root|bdbe66fee47868ac70c42f96099afaac
/usr/share/pardus/eta-qr-reader|directory|drwxr-xr-x|755|root|root|-
/usr/share/pardus/eta-qr-reader/data|directory|drwxr-xr-x|755|root|root|-
/usr/share/pardus/eta-qr-reader/data/tr.org.pardus.eta-qr-reader-autostart.desktop|text/plain|-rw-r--r--|644|root|root|6669c30aaa5b4425fe3286580aa58489
/usr/share/pardus/eta-qr-reader/data/tr.org.pardus.eta-qr-reader.desktop|text/plain|-rw-r--r--|644|root|root|6c6c0a9dedbb6f7d5d06aeacd1216017
/usr/share/pardus/eta-qr-reader/src|directory|drwxr-xr-x|755|root|root|-
/usr/share/pardus/eta-qr-reader/src/Main.py|text/x-script.python|-rwxr-xr-x|755|root|root|7791825e0e30bcce3d8255b934d91104
/usr/share/pardus/eta-qr-reader/src/MainWindow.py|text/x-script.python|-rw-r--r--|644|root|root|76067f205651d9264b1200e54b8044b6
/usr/share/pardus/eta-qr-reader/src/UserSettings.py|text/x-script.python|-rw-r--r--|644|root|root|b9dad3c2ede74c56d99475df0988af45
/usr/share/pardus/eta-qr-reader/src/__version__|text/plain|-rw-r--r--|644|root|root|f723810a82dbb962df96794ccedc3cc3
/usr/share/pardus/eta-qr-reader/ui|directory|drwxr-xr-x|755|root|root|-
/usr/share/pardus/eta-qr-reader/ui/MainWindow.glade|text/xml|-rw-r--r--|644|root|root|ff69cfe19137a937eee768c23eaab69b
/usr/share/pardus/eta-register|directory|drwxr-xr-x|755|root|root|-
/usr/share/pardus/eta-register/data|directory|drwxr-xr-x|755|root|root|-
/usr/share/pardus/eta-register/data/po|directory|drwxr-xr-x|755|root|root|-
/usr/share/pardus/eta-register/data/po/eta-register.pot|text/x-po|-rw-r--r--|644|root|root|3c184f676c3e25a31e8e4fddd5e76e9b
/usr/share/pardus/eta-register/data/po/LINGUAS|text/plain|-rw-r--r--|644|root|root|e7d707a26e7f7b6ff52c489c60e429b1
/usr/share/pardus/eta-register/data/po/meson.build|text/plain|-rw-r--r--|644|root|root|3c3e0417b691f00585d622ee726dbac6
/usr/share/pardus/eta-register/data/po/POTFILES|text/plain|-rw-r--r--|644|root|root|248357d16ef47e76a8be92bf29f44ba5
/usr/share/pardus/eta-register/data/po/tr.po|text/x-po|-rw-r--r--|644|root|root|69115c2d1cd782216cea9a032e465939
/usr/share/pardus/eta-register/eta-register|text/x-script.python|-rwxr-xr-x|755|root|root|59f6bbbb6233e4239fe5f3a116b5956f
/usr/share/pardus/eta-register/eta-register.svg|image/svg+xml|-rw-r--r--|644|root|root|a13812a0ec7035f87e3cd023758a9bba
/usr/share/pardus/eta-register/src|directory|drwxr-xr-x|755|root|root|-
/usr/share/pardus/eta-register/src/checks.py|text/x-script.python|-rw-r--r--|644|root|root|e67b8766a01392faeb62b680bc30f957
/usr/share/pardus/eta-register/src/config.py|text/plain|-rw-r--r--|644|root|root|ab61569919ed8682424eb92321361379
/usr/share/pardus/eta-register/src/dispatcher.py|text/x-script.python|-rwxr-xr-x|755|root|root|0e7316d03f1cda43bb8357dace2ed158
/usr/share/pardus/eta-register/src/installer.py|text/x-script.python|-rw-r--r--|644|root|root|de6018ce74890ee4950a994e58d1f5e9
/usr/share/pardus/eta-register/src/logger.py|text/x-script.python|-rw-r--r--|644|root|root|a139b43a83f44baa744326bb6d5471c1
/usr/share/pardus/eta-register/src/Main.py|text/x-script.python|-rw-r--r--|644|root|root|a5f935baf50b551ad45b90c2b3ef345e
/usr/share/pardus/eta-register/src/MainWindow.py|text/x-script.python|-rw-r--r--|644|root|root|8e71c606527fb1e8d454bcf16ab17a5f
/usr/share/pardus/eta-register/src/network.py|text/x-script.python|-rw-r--r--|644|root|root|5c6096a51b5fdc981d87bf62d6829ec0
/usr/share/pardus/eta-register/src/opr.py|text/x-script.python|-rwxr-xr-x|755|root|root|87953575cd412a7bc4404e3067a612c4
/usr/share/pardus/eta-register/src/vm_detect.py|text/x-script.python|-rw-r--r--|644|root|root|22d3b7a3217abd37b92dfd178c662507
/usr/share/pardus/eta-register/ui|directory|drwxr-xr-x|755|root|root|-
/usr/share/pardus/eta-register/ui/window.glade|text/xml|-rw-r--r--|644|root|root|ddaa3fcccc5b558230fc68855ecb5fac
/usr/share/pardus/eta-resolution|directory|drwxr-xr-x|755|root|root|-
/usr/share/pardus/eta-resolution/src|directory|drwxr-xr-x|755|root|root|-
/usr/share/pardus/eta-resolution/src/Main.py|text/x-script.python|-rwxr-xr-x|755|root|root|a9f924f521351a3dbeb09df4c4a900ac
/usr/share/pardus/eta-resolution/src/MainWindow.py|text/x-script.python|-rw-r--r--|644|root|root|85f4507226a93a5517d35ab1d339f30d
/usr/share/pardus/eta-screen-cover|directory|drwxr-xr-x|755|root|root|-
/usr/share/pardus/eta-screen-cover/data|directory|drwxr-xr-x|755|root|root|-
/usr/share/pardus/eta-screen-cover/data/style.css|text/plain|-rw-r--r--|644|root|root|66c462e9c434f55f576488b83a24d81d
/usr/share/pardus/eta-screen-cover/eta-screen-cover.svg|image/svg+xml|-rw-r--r--|644|root|root|161d06cd193401281f99ebada0f91655
/usr/share/pardus/eta-screen-cover/src|directory|drwxr-xr-x|755|root|root|-
/usr/share/pardus/eta-screen-cover/src/Main.py|text/x-script.python|-rwxr-xr-x|755|root|root|e6e312ff78978679a5d0a8c8a00c2675
/usr/share/pardus/eta-screen-cover/src/MainWindow.py|text/x-script.python|-rw-r--r--|644|root|root|fdf95809716044ef9e29480d461cced1
/usr/share/pardus/eta-usb-fix|directory|drwxr-xr-x|755|root|root|-
/usr/share/pardus/eta-usb-fix/src|directory|drwxr-xr-x|755|root|root|-
/usr/share/pardus/eta-usb-fix/src/Main.py|text/x-script.python|-rwxr-xr-x|755|root|root|7b50dc95b9d3e70fd21e948d1d1d4cec
/usr/share/pardus/eta-usb-fix/src/MainWindow.py|text/x-script.python|-rw-r--r--|644|root|root|e126060ce8aea141a4926f78e043c72b
/usr/share/pardus/eta-usb-fix/src/Notification.py|text/x-script.python|-rw-r--r--|644|root|root|22d045da76dcc325fc0d7a51f10c9100
/usr/share/pardus/eta-usb-fix/src/USBDeviceManager.py|text/x-script.python|-rw-r--r--|644|root|root|2449d328ec4e9191a26c13732e67f73b
/usr/share/pardus/eta-usb-fix/src/USBFix.py|text/x-script.python|-rwxr-xr-x|755|root|root|1350902048ad4fc72010796ee87144fb
/usr/share/pardus/eta-usb-fix/src/__version__|text/plain|-rw-r--r--|644|root|root|fbacc30a1f288ebf360ad2de66710082
/usr/share/pardus/eta-usb-fix/ui|directory|drwxr-xr-x|755|root|root|-
/usr/share/pardus/eta-usb-fix/ui/MainWindow.glade|text/xml|-rw-r--r--|644|root|root|d9fac215a16f05c25f4fd295e9e90339
/usr/share/pardus/pardus-about|directory|drwxr-xr-x|755|root|root|-
/usr/share/pardus/pardus-about/css|directory|drwxr-xr-x|755|root|root|-
/usr/share/pardus/pardus-about/css/about.css|text/plain|-rw-r--r--|644|root|root|da9edfe4e978d5ccdc840d045ff044e3
/usr/share/pardus/pardus-about/data|directory|drwxr-xr-x|755|root|root|-
/usr/share/pardus/pardus-about/data/icons|directory|drwxr-xr-x|755|root|root|-
/usr/share/pardus/pardus-about/data/icons/pardus-about-audio.svg|image/svg+xml|-rw-r--r--|644|root|root|e4f8f1c87c6f688bb099364af3fc1e48
/usr/share/pardus/pardus-about/data/icons/pardus-about-bios.svg|image/svg+xml|-rw-r--r--|644|root|root|e16913eab1516b1cacdf2ba9e757124f
/usr/share/pardus/pardus-about/data/icons/pardus-about-bluetooth.svg|image/svg+xml|-rw-r--r--|644|root|root|f84f1d5ccd7891941403e6d1afdfae97
/usr/share/pardus/pardus-about/data/icons/pardus-about-camera.svg|image/svg+xml|-rw-r--r--|644|root|root|73990ef6b1fd58c835febff461d73970
/usr/share/pardus/pardus-about/data/icons/pardus-about-computer.svg|image/svg+xml|-rw-r--r--|644|root|root|7e696cb50d2f139827342d865bc9e283
/usr/share/pardus/pardus-about/data/icons/pardus-about-desktop.svg|image/svg+xml|-rw-r--r--|644|root|root|cdae15a9d6b923feb3fa5c00522fcdfd
/usr/share/pardus/pardus-about/data/icons/pardus-about-ethernet.svg|image/svg+xml|-rw-r--r--|644|root|root|5ef6734e925554a7f1f4194d68299388
/usr/share/pardus/pardus-about/data/icons/pardus-about-fingerprint.svg|image/svg+xml|-rw-r--r--|644|root|root|36b533f3193a5049347cd8223c09a6e5
/usr/share/pardus/pardus-about/data/icons/pardus-about-graphics.svg|image/svg+xml|-rw-r--r--|644|root|root|91756d1c530af1baf88fd769fec1eba9
/usr/share/pardus/pardus-about/data/icons/pardus-about-keyboard.svg|image/svg+xml|-rw-r--r--|644|root|root|3b2f0b78d40ac23fddf3c5f7888d08ae
/usr/share/pardus/pardus-about/data/icons/pardus-about-main.svg|image/svg+xml|-rw-r--r--|644|root|root|626412ecf9f23ce9366314aa61747607
/usr/share/pardus/pardus-about/data/icons/pardus-about-memory.svg|image/svg+xml|-rw-r--r--|644|root|root|e18eb042e0b2eef13f47b8de5560f71b
/usr/share/pardus/pardus-about/data/icons/pardus-about-monitor.svg|image/svg+xml|-rw-r--r--|644|root|root|62535f518d5b1fc600769a3400d5c2a0
/usr/share/pardus/pardus-about/data/icons/pardus-about-mouse.svg|image/svg+xml|-rw-r--r--|644|root|root|14ca461751cb178ef16cf08d566bd1eb
/usr/share/pardus/pardus-about/data/icons/pardus-about-network-card.svg|image/svg+xml|-rw-r--r--|644|root|root|d9134c156f77db143f6728b01e5dc782
/usr/share/pardus/pardus-about/data/icons/pardus-about-printer.svg|image/svg+xml|-rw-r--r--|644|root|root|623b0ce8d293a60b22a99b7473c21f59
/usr/share/pardus/pardus-about/data/icons/pardus-about-processor.svg|image/svg+xml|-rw-r--r--|644|root|root|4bac707bc2cc3101b8d5ddf0777c8243
/usr/share/pardus/pardus-about/data/icons/pardus-about-publicip.svg|image/svg+xml|-rw-r--r--|644|root|root|c29b58234aa1340d3196a27b62f6bd77
/usr/share/pardus/pardus-about/data/icons/pardus-about-storage.svg|image/svg+xml|-rw-r--r--|644|root|root|81d1d8c2ffa2149d9980b51c704cf7cb
/usr/share/pardus/pardus-about/data/icons/pardus-about.svg|image/svg+xml|-rw-r--r--|644|root|root|dd2573aeb30d776c1937bb0e2c92986b
/usr/share/pardus/pardus-about/data/icons/pardus-about-symbolic.svg|image/svg+xml|-rw-r--r--|644|root|root|55f2b0f86d9cbce0ff308945cfd7211d
/usr/share/pardus/pardus-about/data/icons/pardus-about-touchpad.svg|image/svg+xml|-rw-r--r--|644|root|root|335608c271a0d60ca4255f7851f78d00
/usr/share/pardus/pardus-about/data/icons/pardus-about-wifi.svg|image/svg+xml|-rw-r--r--|644|root|root|0062ebe97273d53427e0526d6ee3c509
/usr/share/pardus/pardus-about/data/icons/pardus-hardware-info.svg|image/svg+xml|-rw-r--r--|644|root|root|09603daad8ba56a1250ed1e52650c498
/usr/share/pardus/pardus-about/data/icons/tux.svg|image/svg+xml|-rw-r--r--|644|root|root|8fbe4c0cae55cb6262bc5ffbf2586a7b
/usr/share/pardus/pardus-about/data/servers.txt|text/plain|-rw-r--r--|644|root|root|9c956b180c5344a55f948aca7a030fb9
/usr/share/pardus/pardus-about/src|directory|drwxr-xr-x|755|root|root|-
/usr/share/pardus/pardus-about/src/Actions.py|text/x-script.python|-rwxr-xr-x|755|root|root|e8da45212faffffb758feafc1a056475
/usr/share/pardus/pardus-about/src/Main.py|text/x-script.python|-rwxr-xr-x|755|root|root|d75f11ef0e23aaa63db41d4698698d14
/usr/share/pardus/pardus-about/src/MainWindow.py|text/x-script.python|-rw-r--r--|644|root|root|513cf64e2b70fd8fb61968b7c9a2d154
/usr/share/pardus/pardus-about/src/util|directory|drwxr-xr-x|755|root|root|-
/usr/share/pardus/pardus-about/src/util/ACPIManager.py|text/x-script.python|-rw-r--r--|644|root|root|cb9b581f559dca5b8157d40445cb6346
/usr/share/pardus/pardus-about/src/util/ComputerManager.py|text/x-script.python|-rw-r--r--|644|root|root|b721ad63dc8fd0235be6717f357ea2da
/usr/share/pardus/pardus-about/src/util/DBusManager.py|text/x-script.python|-rw-r--r--|644|root|root|7492b91e2e7c7c3dd6b7daf1bb543b37
/usr/share/pardus/pardus-about/src/util/desktop.py|text/x-script.python|-rw-r--r--|644|root|root|e1ed1526f1c97075cb12f0ad65840380
/usr/share/pardus/pardus-about/src/util/DiskManager.py|text/x-script.python|-rw-r--r--|644|root|root|836ca0470ac023e5cd7a27f96b8199c6
/usr/share/pardus/pardus-about/src/util/DualBootManager.py|text/x-script.python|-rw-r--r--|644|root|root|d61898e7fdb8bfe8f6b7139468b0b8dc
/usr/share/pardus/pardus-about/src/util/edid.py|text/x-script.python|-rw-r--r--|644|root|root|094a036ad2bb0d5ab2842642642f9505
/usr/share/pardus/pardus-about/src/util/HardwareDetector.py|text/x-script.python|-rw-r--r--|644|root|root|dc8bb5519104c785c1a83022736b69ee
/usr/share/pardus/pardus-about/src/util/HostnameManager.py|text/x-script.python|-rw-r--r--|644|root|root|eb819bd6f05c9f6172b16b32b8337f4d
/usr/share/pardus/pardus-about/src/util/MonitorManager.py|text/x-script.python|-rw-r--r--|644|root|root|62fd330bad11a8f84d1a26e401697b84
/usr/share/pardus/pardus-about/src/util/network.py|text/x-script.python|-rw-r--r--|644|root|root|45b419a0df3194843d8bf31e58370759
/usr/share/pardus/pardus-about/src/util/OSManager.py|text/x-script.python|-rw-r--r--|644|root|root|a36487d4efb38e6ff0c977915c512970
/usr/share/pardus/pardus-about/src/util/PCIManager.py|text/x-script.python|-rw-r--r--|644|root|root|2eb08482c87118aa0a036ee1077760a1
/usr/share/pardus/pardus-about/src/util/PrinterManager.py|text/x-script.python|-rw-r--r--|644|root|root|b5c97b2238d7ee084e8fe3e7c3ad49e4
/usr/share/pardus/pardus-about/src/util/SerioManager.py|text/x-script.python|-rw-r--r--|644|root|root|677d4fe7c2c76ccdb5269f8c234f0011
/usr/share/pardus/pardus-about/src/util/SystemReportManager.py|text/x-script.python|-rw-r--r--|644|root|root|99a071e31c15b8b7856f4ff8b4899944
/usr/share/pardus/pardus-about/src/util/USBManager.py|text/x-script.python|-rw-r--r--|644|root|root|d3294cc4331eafe78a86eb83d9c86a96
/usr/share/pardus/pardus-about/src/widget|directory|drwxr-xr-x|755|root|root|-
/usr/share/pardus/pardus-about/src/widget/HardwareDetailRow.py|text/x-script.python|-rw-r--r--|644|root|root|51e2da7a8c33b591fb902f3435105dbb
/usr/share/pardus/pardus-about/src/widget/HardwareGridCell.py|text/x-script.python|-rw-r--r--|644|root|root|ac1dfe920ff605c33012f0c02050bb94
/usr/share/pardus/pardus-about/ui|directory|drwxr-xr-x|755|root|root|-
/usr/share/pardus/pardus-about/ui/MainWindow.glade|text/xml|-rw-r--r--|644|root|root|14670f0eabe5acfbc5ab4fce5e105c1b
/usr/share/pardus/pardus-about/__version__|text/plain|-rw-r--r--|644|root|root|e316640a77b2a412ac0fe91cb85078c4
/usr/share/pardus/pardus-boot-repair|directory|drwxr-xr-x|755|root|root|-
/usr/share/pardus/pardus-boot-repair/data|directory|drwxr-xr-x|755|root|root|-
/usr/share/pardus/pardus-boot-repair/data/images|directory|drwxr-xr-x|755|root|root|-
/usr/share/pardus/pardus-boot-repair/data/images/pardus-boot-repair.svg|image/svg+xml|-rw-r--r--|644|root|root|1ca1d2df85dcd4d2508f1d333369dced
/usr/share/pardus/pardus-boot-repair/data/tr.org.pardus-boot-repair.desktop|text/plain|-rwxr-xr-x|755|root|root|4cd936e7be2ea45fa76c0ccaf0f36f39
/usr/share/pardus/pardus-boot-repair/data/tr.org.pardus.boot-repair.gresource|application/octet-stream|-rw-r--r--|644|root|root|f3f83d727051ec400345266be8d8503c
/usr/share/pardus/pardus-boot-repair/data/tr.org.pardus.boot-repair.gresource.xml|text/xml|-rw-r--r--|644|root|root|0b02882533c6d5ba6e962fb22e182ea2
/usr/share/pardus/pardus-boot-repair/data/tr.org.pardus-boot-repair.policy|text/plain|-rw-r--r--|644|root|root|92481500a80c59e16671b94859484562
/usr/share/pardus/pardus-boot-repair/data/ui|directory|drwxr-xr-x|755|root|root|-
/usr/share/pardus/pardus-boot-repair/data/ui/AppWindow.ui|text/xml|-rw-r--r--|644|root|root|d633223f1577caf3aeca79dd8a89cd75
/usr/share/pardus/pardus-boot-repair/Main.py|text/x-script.python|-rwxr-xr-x|755|root|root|7878166070fffc3dbdbb281d59093295
/usr/share/pardus/pardus-boot-repair/scripts|directory|drwxr-xr-x|755|root|root|-
/usr/share/pardus/pardus-boot-repair/scripts/check-filesystem|text/x-shellscript|-rwxr-xr-x|755|root|root|3cada40378c5f4013f2c940a424769f5
/usr/share/pardus/pardus-boot-repair/scripts/dump-info-log|text/x-shellscript|-rwxr-xr-x|755|root|root|fd5907d789b0e5c537c03821b7dc387b
/usr/share/pardus/pardus-boot-repair/scripts/fix-broken-packages|text/x-shellscript|-rwxr-xr-x|755|root|root|3cbda2cf6b5b2a140f2c59d1a5d6a627
/usr/share/pardus/pardus-boot-repair/scripts/full-upgrade|text/x-shellscript|-rwxr-xr-x|755|root|root|56068bd968b0d9c35e9189bac34bf0c2
/usr/share/pardus/pardus-boot-repair/scripts/grub-reinstall|text/x-shellscript|-rwxr-xr-x|755|root|root|3732142a41fd5996edbc88aac7956187
/usr/share/pardus/pardus-boot-repair/scripts/pardus-chroot|text/x-shellscript|-rwxr-xr-x|755|root|root|ef08b6cbf07603f6e8151e2be618dc28
/usr/share/pardus/pardus-boot-repair/scripts/pardus-mount-rootfs|text/x-shellscript|-rwxr-xr-x|755|root|root|802bdbd1eee78f34a904d14fdc56331b
/usr/share/pardus/pardus-boot-repair/scripts/pardus-open-luks-lvm|text/x-shellscript|-rw-r--r--|644|root|root|c2ee62b174d94525d554311a137d881c
/usr/share/pardus/pardus-boot-repair/scripts/pardus-reinstall|text/x-shellscript|-rwxr-xr-x|755|root|root|00fe7a59cecacd6fb0b6e460c537bc1f
/usr/share/pardus/pardus-boot-repair/scripts/reset-password|text/x-shellscript|-rwxr-xr-x|755|root|root|74ee2ccb1b3acc8cad53498e21d5ea69
/usr/share/pardus/pardus-boot-repair/scripts/search-operating-system|text/x-shellscript|-rwxr-xr-x|755|root|root|9b22a0365bf0a87bb1bf6047c1b06b6e
/usr/share/pardus/pardus-etap-settings|directory|drwxr-xr-x|755|root|root|-
/usr/share/pardus/pardus-etap-settings/nemo-bookmarks|text/x-shellscript|-rwxr-xr-x|755|root|root|79b4c6f892689b891bd336ff737f9d1e
/usr/share/pardus/pardus-etap-settings/pam_etap.py|text/x-script.python|-rw-r--r--|644|root|root|0891c6144483e674870d4555887747f7
/usr/share/pardus/pardus-etap-settings/xdg-pardus-etap-desktops|directory|drwxr-xr-x|755|root|root|-
/usr/share/pardus/pardus-etap-settings/xdg-pardus-etap-desktops/xdg-pardus-etap-desktops|text/x-script.python|-rwxr-xr-x|755|root|root|68db5469ded2554c98c1e7bc52a93a16
/usr/share/pardus/pardus-etap-settings/xdg-pardus-etap-templates|directory|drwxr-xr-x|755|root|root|-
/usr/share/pardus/pardus-etap-settings/xdg-pardus-etap-templates/templates|directory|drwxr-xr-x|755|root|root|-
/usr/share/pardus/pardus-etap-settings/xdg-pardus-etap-templates/templates/Presentation.odp|application/vnd.oasis.opendocument.presentation|-rw-r--r--|644|root|root|41ae8476a258515aa18e09421f7d4e14
/usr/share/pardus/pardus-etap-settings/xdg-pardus-etap-templates/templates/Spreadsheet.ods|application/vnd.oasis.opendocument.spreadsheet|-rw-r--r--|644|root|root|1c61ea4b3fbfce526ef940fe713e965b
/usr/share/pardus/pardus-etap-settings/xdg-pardus-etap-templates/templates/Word Processor.odt|application/vnd.oasis.opendocument.text|-rw-r--r--|644|root|root|6d3258a561113192b3fbc3ba0635e871
/usr/share/pardus/pardus-etap-settings/xdg-pardus-etap-templates/xdg-pardus-etap-templates|text/x-script.python|-rwxr-xr-x|755|root|root|34dfb09786ed45154f5b2b14b18f6d92
/usr/share/pardus/pardus-font-manager|directory|drwxr-xr-x|755|root|root|-
/usr/share/pardus/pardus-font-manager/src|directory|drwxr-xr-x|755|root|root|-
/usr/share/pardus/pardus-font-manager/src/add_font.py|text/x-script.python|-rw-r--r--|644|root|root|54dfe5e93c7dd8135f114996f7356a3b
/usr/share/pardus/pardus-font-manager/src/delete_font.py|text/x-script.python|-rw-r--r--|644|root|root|fe399f2b0223a0507c8e73b2321761da
/usr/share/pardus/pardus-font-manager/src/font_charmaps.py|text/x-script.python|-rw-r--r--|644|root|root|6e6ab84dea5bd47f722eadffd0e12557
/usr/share/pardus/pardus-font-manager/src/font_viewer.py|text/x-script.python|-rwxr-xr-x|755|root|root|915dc61622d2744a175c49d84d842e33
/usr/share/pardus/pardus-font-manager/src/libfontadder.so|application/x-sharedlib|-rw-r--r--|644|root|root|b5a49d98c0f5d5404d6a325028687759
/usr/share/pardus/pardus-font-manager/src/Main.py|text/x-script.python|-rwxr-xr-x|755|root|root|23f7402435a36d02e1b1edc3110f434d
/usr/share/pardus/pardus-font-manager/src/MainWindow.py|text/x-script.python|-rw-r--r--|644|root|root|649f11c9f3a298a46517c541c64b97e7
/usr/share/pardus/pardus-font-manager/src/__version__|text/plain|-rw-r--r--|644|root|root|96a5d0f2a178420f4134741cf92b684c
/usr/share/pardus/pardus-font-manager/ui|directory|drwxr-xr-x|755|root|root|-
/usr/share/pardus/pardus-font-manager/ui/MainWindow.glade|text/xml|-rw-r--r--|644|root|root|f2cb645eb0f294f23e61b578163af043
/usr/share/pardus/pardus-hotspot|directory|drwxr-xr-x|755|root|root|-
/usr/share/pardus/pardus-hotspot/data|directory|drwxr-xr-x|755|root|root|-
/usr/share/pardus/pardus-hotspot/data/pardus-hotspot.svg|image/svg+xml|-rw-r--r--|644|root|root|cbdc4ee2abad7a825dac92847c6d9ee2
/usr/share/pardus/pardus-hotspot/data/tr.org.pardus.hotspot-autostart.desktop|text/plain|-rw-r--r--|644|root|root|0c673cc23b41d41bf0b1a733c0e4f1ed
/usr/share/pardus/pardus-hotspot/src|directory|drwxr-xr-x|755|root|root|-
/usr/share/pardus/pardus-hotspot/src/Actions.py|text/x-script.python|-rwxr-xr-x|755|root|root|ca59b6558db4b591b002bf43b4cd1b0b
/usr/share/pardus/pardus-hotspot/src/connected_devices.py|text/x-script.python|-rw-r--r--|644|root|root|8aea727113366f488753f98af72dddb7
/usr/share/pardus/pardus-hotspot/src/group_add.py|text/x-script.python|-rwxr-xr-x|755|root|root|a1b3f45b16a7630083b055d2b260376a
/usr/share/pardus/pardus-hotspot/src/hotspot.py|text/x-script.python|-rw-r--r--|644|root|root|b097e5c3ae61bc44ffc437a60745370d
/usr/share/pardus/pardus-hotspot/src/hotspot_settings.py|text/x-script.python|-rw-r--r--|644|root|root|af74886e170718ef6b7a18eaa7d3cecf
/usr/share/pardus/pardus-hotspot/src/logging_config.py|text/x-script.python|-rw-r--r--|644|root|root|5c1a6f9956ad89bccf01f92b0364084f
/usr/share/pardus/pardus-hotspot/src/Main.py|text/x-script.python|-rwxr-xr-x|755|root|root|2717d53e12687522da7e29112f8491b2
/usr/share/pardus/pardus-hotspot/src/MainWindow.py|text/x-script.python|-rw-r--r--|644|root|root|51d67ecbfe8f3f35f324e6988f2bbfde
/usr/share/pardus/pardus-hotspot/src/network_utils.py|text/x-script.python|-rw-r--r--|644|root|root|eabc2e1fed54f375070cf84914f7652b
/usr/share/pardus/pardus-hotspot/src/__version__|text/plain|-rw-r--r--|644|root|root|9904a304e0e1fcece251d588e573fd06
/usr/share/pardus/pardus-hotspot/ui|directory|drwxr-xr-x|755|root|root|-
/usr/share/pardus/pardus-hotspot/ui/MainWindow.glade|text/xml|-rw-r--r--|644|root|root|6e4c94b71bdd9a00754920d672f9719a
/usr/share/pardus/pardus-image-writer|directory|drwxr-xr-x|755|root|root|-
/usr/share/pardus/pardus-image-writer/assets|directory|drwxr-xr-x|755|root|root|-
/usr/share/pardus/pardus-image-writer/assets/disk.svg|image/svg+xml|-rw-r--r--|644|root|root|f00d803ee59c8f753d3232a5fa627d1c
/usr/share/pardus/pardus-image-writer/assets/iso.svg|image/svg+xml|-rw-r--r--|644|root|root|a6f831d75cd6bcaa4fb59788bf7f69f1
/usr/share/pardus/pardus-image-writer/assets/main.svg|image/svg+xml|-rw-r--r--|644|root|root|2634a5d9de6a948e925bec4f5c524bb4
/usr/share/pardus/pardus-image-writer/assets/pardus-image-writer.svg|image/svg+xml|-rw-r--r--|644|root|root|7b480511fd9940d320ab57486570fd85
/usr/share/pardus/pardus-image-writer/assets/uefi-ntfs.img|application/octet-stream|-rw-r--r--|644|root|root|d04079b9f84e8ab60acb50adb33c0141
/usr/share/pardus/pardus-image-writer/src|directory|drwxr-xr-x|755|root|root|-
/usr/share/pardus/pardus-image-writer/src/copy_dir_with_dd.sh|text/x-shellscript|-rwxr-xr-x|755|root|root|bbadbaff87872f776b92041f00441cd4
/usr/share/pardus/pardus-image-writer/src/ImageWriter.py|text/x-script.python|-rwxr-xr-x|755|root|root|818e8ad9bb6f925b27283eca6e7a9f76
/usr/share/pardus/pardus-image-writer/src/ISOCopier.py|text/x-script.python|-rwxr-xr-x|755|root|root|2c0feec44ff030a70a1c418b68f37844
/usr/share/pardus/pardus-image-writer/src/Main.py|text/x-script.python|-rwxr-xr-x|755|root|root|b4887ddb11c56d65a2cea70007d4a70d
/usr/share/pardus/pardus-image-writer/src/MainWindow.py|text/x-script.python|-rw-r--r--|644|root|root|370e423ac007015752e96aab74557596
/usr/share/pardus/pardus-image-writer/src/USBDeviceManager.py|text/x-script.python|-rw-r--r--|644|root|root|bf5ed707af339a4f4104c58740dd48fd
/usr/share/pardus/pardus-image-writer/src/__version__|text/plain|-rw-r--r--|644|root|root|c6a93534bbdf5212f9ffe28520823630
/usr/share/pardus/pardus-image-writer/ui|directory|drwxr-xr-x|755|root|root|-
/usr/share/pardus/pardus-image-writer/ui/MainWindow.glade|text/xml|-rw-r--r--|644|root|root|6d552295831ec98f258af2ed40367661
/usr/share/pardus/pardus-java-installer|directory|drwxr-xr-x|755|root|root|-
/usr/share/pardus/pardus-java-installer/src|directory|drwxr-xr-x|755|root|root|-
/usr/share/pardus/pardus-java-installer/src/Actions.py|text/x-script.python|-rwxr-xr-x|755|root|root|778c12f1d4719e9e6d91dca63275b469
/usr/share/pardus/pardus-java-installer/src/Main.py|text/x-script.python|-rwxr-xr-x|755|root|root|1fabf81757ba5b801b316e09ab7c4e11
/usr/share/pardus/pardus-java-installer/src/MainWindow.py|text/x-script.python|-rw-r--r--|644|root|root|bc93d832c7092957eb7cf9dd416919df
/usr/share/pardus/pardus-java-installer/src/PackageManager.py|text/x-script.python|-rw-r--r--|644|root|root|cd90cb07eb351f0421f7ed620a64e0b7
/usr/share/pardus/pardus-java-installer/src/__version__|text/plain|-rw-r--r--|644|root|root|9eac01120a372609e0afa3b236d9ed2d
/usr/share/pardus/pardus-java-installer/ui|directory|drwxr-xr-x|755|root|root|-
/usr/share/pardus/pardus-java-installer/ui/MainWindow.glade|text/xml|-rw-r--r--|644|root|root|2dad1e746c63a6ab51bef126205b2044
/usr/share/pardus/pardus-lightdm-greeter|directory|drwxr-xr-x|755|root|root|-
/usr/share/pardus/pardus-lightdm-greeter/cli.py|text/x-script.python|-rw-r--r--|644|root|root|07f981dd103d3ec87163fdaeb45d2471
/usr/share/pardus/pardus-lightdm-greeter/data|directory|drwxr-xr-x|755|root|root|-
/usr/share/pardus/pardus-lightdm-greeter/data/bg-dark.png|image/png|-rw-r--r--|644|root|root|b1c5d7251c38d907ba821636120c3bc6
/usr/share/pardus/pardus-lightdm-greeter/data/bg-light.png|image/png|-rw-r--r--|644|root|root|80e8e005766b7932cdd6440a83271f41
/usr/share/pardus/pardus-lightdm-greeter/data/colors.css|text/x-asm|-rw-r--r--|644|root|root|a426c5313831f57598ddb7f69c3b09f4
/usr/share/pardus/pardus-lightdm-greeter/data/colors-dark.css|text/x-asm|-rw-r--r--|644|root|root|da230c67f0f0bb9b09f545012397c47e
/usr/share/pardus/pardus-lightdm-greeter/data/emblem-pardus.svg|image/svg+xml|-rw-r--r--|644|root|root|53ed9c42ca05593a78990bf8cd9fbbb5
/usr/share/pardus/pardus-lightdm-greeter/data/main.css|text/x-asm|-rw-r--r--|644|root|root|a39013faabc27dd7e435784d61a9bffd
/usr/share/pardus/pardus-lightdm-greeter/data/main.ui|text/xml|-rw-r--r--|644|root|root|9a135268ad3d68daa79fd4e1de8478fd
/usr/share/pardus/pardus-lightdm-greeter/data/qr-login-key.svg|image/svg+xml|-rw-r--r--|644|root|root|1bf3d146077c63fee1125868e0148824
/usr/share/pardus/pardus-lightdm-greeter/data/qr-login-qr.svg|image/svg+xml|-rw-r--r--|644|root|root|5344d4df63327b7e6101bf29ec7c8b1d
/usr/share/pardus/pardus-lightdm-greeter/data/servers.txt|text/plain|-rw-r--r--|644|root|root|b3d412ea88bb4106a47b4eeaacf3de63
/usr/share/pardus/pardus-lightdm-greeter/main.py|text/x-script.python|-rw-r--r--|644|root|root|3f7032a29331c38236fc2f13c6ba8780
/usr/share/pardus/pardus-lightdm-greeter/module|directory|drwxr-xr-x|755|root|root|-
/usr/share/pardus/pardus-lightdm-greeter/module/actions.py|text/x-script.python|-rw-r--r--|644|root|root|f1b21aaa77bed24c932b3a8ae5d3a837
/usr/share/pardus/pardus-lightdm-greeter/module/blur.py|text/x-script.python|-rw-r--r--|644|root|root|55e706839f0c10f4f9f92bf438b601f7
/usr/share/pardus/pardus-lightdm-greeter/module/clock.py|text/x-script.python|-rw-r--r--|644|root|root|0685a47422a542bf786d92dd07368980
/usr/share/pardus/pardus-lightdm-greeter/module/daemon.py|text/x-script.python|-rw-r--r--|644|root|root|c68d28fcc9541fc0028bf2e1012c024d
/usr/share/pardus/pardus-lightdm-greeter/module/etap.py|text/x-script.python|-rw-r--r--|644|root|root|afa5ab668dca36371b59b34944fb0506
/usr/share/pardus/pardus-lightdm-greeter/module/gtkwindow.py|text/x-script.python|-rw-r--r--|644|root|root|c24e364deecd31ea0fbce8c909395044
/usr/share/pardus/pardus-lightdm-greeter/module/keyboard.py|text/x-script.python|-rw-r--r--|644|root|root|8d19a88f006471b3f67b3a40f8296e88
/usr/share/pardus/pardus-lightdm-greeter/module/lightdm.py|text/x-script.python|-rw-r--r--|644|root|root|fee5f99b33f2dc6e0133b8af9ac9f9b2
/usr/share/pardus/pardus-lightdm-greeter/module/monitor.py|text/x-script.python|-rw-r--r--|644|root|root|1db80c05572e5f788e0b3c0fbe0f1ae8
/usr/share/pardus/pardus-lightdm-greeter/module/network.py|text/x-script.python|-rw-r--r--|644|root|root|fc7068244e90fd25cf35126e5223b4db
/usr/share/pardus/pardus-lightdm-greeter/module/notes.py|text/x-script.python|-rw-r--r--|644|root|root|a7517b11d48f42a0641fbfcc87ea517d
/usr/share/pardus/pardus-lightdm-greeter/module/options.py|text/x-script.python|-rw-r--r--|644|root|root|62d17a6e5d7320d4b9c2fa516f0e23b6
/usr/share/pardus/pardus-lightdm-greeter/module/qrlogin.py|text/x-script.python|-rw-r--r--|644|root|root|729a9dc02d162ecc47dd179b2f192c3a
/usr/share/pardus/pardus-lightdm-greeter/module/reset.py|text/x-script.python|-rw-r--r--|644|root|root|0d3b25090bc272449543538aaab4033b
/usr/share/pardus/pardus-lightdm-greeter/module/screen.py|text/x-script.python|-rw-r--r--|644|root|root|12c8e67d4e0eff32e3afd382a1923d53
/usr/share/pardus/pardus-lightdm-greeter/module/sessionlist.py|text/x-script.python|-rw-r--r--|644|root|root|76b11ae8890ffeedb119f008717c52b3
/usr/share/pardus/pardus-lightdm-greeter/module/userlist.py|text/x-script.python|-rw-r--r--|644|root|root|4a3c2fb3f0f55e837731c4e3eb8a0ccd
/usr/share/pardus/pardus-lightdm-greeter/msgs.py|text/plain|-rw-r--r--|644|root|root|32860f940da226b8d72537dd015ddde2
/usr/share/pardus/pardus-lightdm-greeter-settings|directory|drwxr-xr-x|755|root|root|-
/usr/share/pardus/pardus-lightdm-greeter-settings/config.py|text/x-script.python|-rwxr-xr-x|755|root|root|235c6391fb07067205e4bf97c7b24dc6
/usr/share/pardus/pardus-lightdm-greeter-settings/data|directory|drwxr-xr-x|755|root|root|-
/usr/share/pardus/pardus-lightdm-greeter-settings/data/icon.svg|image/svg+xml|-rwxr-xr-x|755|root|root|a3fd60024037a0deb507b1860a220368
/usr/share/pardus/pardus-lightdm-greeter-settings/data/pardus-lightdm-greeter-settings.desktop|text/plain|-rwxr-xr-x|755|root|root|457fa3bc7842dcbccde2ac6f1a68cf5f
/usr/share/pardus/pardus-lightdm-greeter-settings/data/schemas|directory|drwxr-xr-x|755|root|root|-
/usr/share/pardus/pardus-lightdm-greeter-settings/data/schemas/00-main.json|application/json|-rwxr-xr-x|755|root|root|3f26ef6abb146cdecd7b67ac317ce415
/usr/share/pardus/pardus-lightdm-greeter-settings/data/schemas/01-gtkwindow.json|application/json|-rwxr-xr-x|755|root|root|48b4efe976aa9d0a1c3413ef72c98ffd
/usr/share/pardus/pardus-lightdm-greeter-settings/data/schemas/02-lightdm.json|application/json|-rwxr-xr-x|755|root|root|20593c8f79e2675f0bbfa2addfa627d4
/usr/share/pardus/pardus-lightdm-greeter-settings/data/schemas/03-monitor.json|application/json|-rwxr-xr-x|755|root|root|70199d80c6d2d00d31b8d413047972ea
/usr/share/pardus/pardus-lightdm-greeter-settings/data/schemas/04-userlist.json|application/json|-rwxr-xr-x|755|root|root|e13c0b4224af68970fc1e7b9f9f80367
/usr/share/pardus/pardus-lightdm-greeter-settings/data/schemas/05-notes.json|application/json|-rwxr-xr-x|755|root|root|570976be7061b64aa2df9c9f30f0c194
/usr/share/pardus/pardus-lightdm-greeter-settings/data/tr.org.pardus.lightdm-greeter-settings.policy|text/xml|-rwxr-xr-x|755|root|root|246eb63d67b6f679cded9680c678d5fa
/usr/share/pardus/pardus-lightdm-greeter-settings/main.py|text/x-script.python|-rwxr-xr-x|755|root|root|1d278f651ecb9cb654ddd4c8fbed2c7f
/usr/share/pardus/pardus-lightdm-greeter-settings/MainWindow.py|text/x-script.python|-rwxr-xr-x|755|root|root|73790b6cf4b50f4b1d0f5151e983de4d
/usr/share/pardus/pardus-lightdm-greeter-settings/saveconfig.py|text/x-script.python|-rwxr-xr-x|755|root|root|c0d7b81c4cedebab5b178245f1186753
/usr/share/pardus/pardus-lightdm-greeter-settings/settings|directory|drwxr-xr-x|755|root|root|-
/usr/share/pardus/pardus-lightdm-greeter-settings/settings/general.py|text/plain|-rwxr-xr-x|755|root|root|7fd9b746b3e24c9c822e88747891d765
/usr/share/pardus/pardus-lightdm-greeter-settings/settings/gtkwindow.py|text/plain|-rwxr-xr-x|755|root|root|d98c86dcc3bf3ca00bd26600476b3531
/usr/share/pardus/pardus-lightdm-greeter-settings/settings/lightdm.py|text/plain|-rwxr-xr-x|755|root|root|9d49a123623a3accf6ded3ba09ae7b5c
/usr/share/pardus/pardus-lightdm-greeter-settings/settings/monitor.py|text/x-script.python|-rwxr-xr-x|755|root|root|9c20abf9ddac005baba626b4735f58dc
/usr/share/pardus/pardus-lightdm-greeter-settings/settings/notes.py|text/plain|-rwxr-xr-x|755|root|root|c2fbece1bd5187eb88a5b803e29c2b48
/usr/share/pardus/pardus-lightdm-greeter-settings/settings/userlist.py|text/plain|-rwxr-xr-x|755|root|root|eb93f1ec80abecca693b5aa0a231927d
/usr/share/pardus/pardus-lightdm-greeter-settings/util.py|text/x-script.python|-rwxr-xr-x|755|root|root|100e0313e48a0083cf75548176c0a1fe
/usr/share/pardus/pardus-lightdm-greeter-settings/widget.py|text/x-script.python|-rwxr-xr-x|755|root|root|d502f5392d92d1f520d8c15e2fc3cb22
/usr/share/pardus/pardus-lightdm-greeter/util.py|text/x-script.python|-rw-r--r--|644|root|root|cec8d00c41ec0681c7ff65f462cfb771
/usr/share/pardus/pardus-lightdm-greeter/__version__|text/plain|-rw-r--r--|644|root|root|483d278b247a4809c85373e1d14cb093
/usr/share/pardus/pardus-lightdm-greeter/wifi|directory|drwxr-xr-x|755|root|root|-
/usr/share/pardus/pardus-lightdm-greeter/wifi/widget.py|text/x-script.python|-rw-r--r--|644|root|root|28f53cc0dbeac5b7de3d23d3dd7484c3
/usr/share/pardus/pardus-lightdm-greeter/wifi/wifi.py|text/x-script.python|-rw-r--r--|644|root|root|436c4251e0fdf53a716b1b69cb40dcd6
/usr/share/pardus/pardus-mycomputer|directory|drwxr-xr-x|755|root|root|-
/usr/share/pardus/pardus-mycomputer/autostart|directory|drwxr-xr-x|755|root|root|-
/usr/share/pardus/pardus-mycomputer/autostart/pardus-mycomputer-add-to-desktop|text/x-shellscript|-rwxr-xr-x|755|root|root|8708438d1758d94cb0afcbb811a957b5
/usr/share/pardus/pardus-mycomputer/css|directory|drwxr-xr-x|755|root|root|-
/usr/share/pardus/pardus-mycomputer/css/style.css|text/plain|-rw-r--r--|644|root|root|6adcbffefa24c90910c963b47deb80fe
/usr/share/pardus/pardus-mycomputer/pardus-mycomputer.svg|image/svg+xml|-rw-r--r--|644|root|root|fc559f312f9411f5cf98138be5859c98
/usr/share/pardus/pardus-mycomputer/src|directory|drwxr-xr-x|755|root|root|-
/usr/share/pardus/pardus-mycomputer/src/DiskManager.py|text/x-script.python|-rwxr-xr-x|755|root|root|26dda3d5a97956b8cd171193d0fe4fda
/usr/share/pardus/pardus-mycomputer/src/Main.py|text/x-script.python|-rwxr-xr-x|755|root|root|4f01f5ee0b42ce26c4bd5ba0a4a64e72
/usr/share/pardus/pardus-mycomputer/src/MainWindow.py|text/x-script.python|-rw-r--r--|644|root|root|336aac3f64416e340335a897d865ada3
/usr/share/pardus/pardus-mycomputer/src/Unmount.py|text/x-script.python|-rwxr-xr-x|755|root|root|e95ef26205aa21bfce457aa313acb031
/usr/share/pardus/pardus-mycomputer/src/UserSettings.py|text/x-script.python|-rw-r--r--|644|root|root|1debd290408d9be175ad89d090542eb0
/usr/share/pardus/pardus-mycomputer/src/__version__|text/plain|-rw-r--r--|644|root|root|088466b6546276d0d79a1569de547dc8
/usr/share/pardus/pardus-mycomputer/ui|directory|drwxr-xr-x|755|root|root|-
/usr/share/pardus/pardus-mycomputer/ui/MainWindow.glade|text/xml|-rw-r--r--|644|root|root|3c0722de240f0d96ed56c99e94f6e997
/usr/share/pardus/pardus-night-light|directory|drwxr-xr-x|755|root|root|-
/usr/share/pardus/pardus-night-light/data|directory|drwxr-xr-x|755|root|root|-
/usr/share/pardus/pardus-night-light/data/pardus-night-light-off-symbolic.svg|image/svg+xml|-rw-r--r--|644|root|root|ea4ce3ac7f7114b696280ec6c08723d8
/usr/share/pardus/pardus-night-light/data/pardus-night-light-on-symbolic.svg|image/svg+xml|-rw-r--r--|644|root|root|e51babb10cfbecb10a38273d6f794c3b
/usr/share/pardus/pardus-night-light/data/pardus-night-light.svg|image/svg+xml|-rw-r--r--|644|root|root|a3c87961b1a975ab4c9c91a4153cd868
/usr/share/pardus/pardus-night-light/data/style.css|text/plain|-rw-r--r--|644|root|root|69ddad54c50240e56987452413fd7c90
/usr/share/pardus/pardus-night-light/data/tr.org.pardus.night-light-autostart.desktop|text/plain|-rw-r--r--|644|root|root|6e2306284f5abce3ccd1e47f281a2875
/usr/share/pardus/pardus-night-light/src|directory|drwxr-xr-x|755|root|root|-
/usr/share/pardus/pardus-night-light/src/Main.py|text/x-script.python|-rwxr-xr-x|755|root|root|12b6f541ab27e0eb7e5a3cb4a9ce7bff
/usr/share/pardus/pardus-night-light/src/MainWindow.py|text/x-script.python|-rw-r--r--|644|root|root|35ca2fbeef62a3d236c926d069d8c072
/usr/share/pardus/pardus-night-light/src/UserSettings.py|text/x-script.python|-rw-r--r--|644|root|root|b40cce51011c9ed4a4ffb560c65f5185
/usr/share/pardus/pardus-night-light/src/__version__|text/plain|-rw-r--r--|644|root|root|e9656c7859930abc5add42a452d2377e
/usr/share/pardus/pardus-night-light/ui|directory|drwxr-xr-x|755|root|root|-
/usr/share/pardus/pardus-night-light/ui/MainWindow.glade|text/xml|-rw-r--r--|644|root|root|935463ccbfc06b9798cda4df245a763c
/usr/share/pardus/pardus-package-installer|directory|drwxr-xr-x|755|root|root|-
/usr/share/pardus/pardus-package-installer/src|directory|drwxr-xr-x|755|root|root|-
/usr/share/pardus/pardus-package-installer/src/Actions.py|text/x-script.python|-rwxr-xr-x|755|root|root|2c6369cb5f29f556347ecc0a1314a4ca
/usr/share/pardus/pardus-package-installer/src/Main.py|text/x-script.python|-rwxr-xr-x|755|root|root|84b26547a07157e570ac54563ae4d0b0
/usr/share/pardus/pardus-package-installer/src/MainWindow.py|text/x-script.python|-rwxr-xr-x|755|root|root|1ead2d3a4ec5259b555989134646deaf
/usr/share/pardus/pardus-package-installer/src/__version__|text/plain|-rw-r--r--|644|root|root|0959eaafa6e6f456b2b055bee51d67c3
/usr/share/pardus/pardus-package-installer/ui|directory|drwxr-xr-x|755|root|root|-
/usr/share/pardus/pardus-package-installer/ui/MainWindow.glade|text/xml|-rw-r--r--|644|root|root|656585c221f41257c2738ee88cce20b5
/usr/share/pardus/pardus-pen|directory|drwxr-xr-x|755|root|root|-
/usr/share/pardus/pardus-pen/backgrounds|directory|drwxr-xr-x|755|root|root|-
/usr/share/pardus/pardus-pen/backgrounds/beatifull-writing.svg|image/svg+xml|-rw-r--r--|644|root|root|4aaa40f1e39de3abd80d273570c1de75
/usr/share/pardus/pardus-pen/backgrounds/turkiye-map.svg|image/svg+xml|-rw-r--r--|644|root|root|7a8baa77b23fc73d640db02eda4093aa
/usr/share/pardus/pardus-pen/backgrounds/world-map.svg|image/svg+xml|-rw-r--r--|644|root|root|c6e2b8f78aa26af3771b33e8ccfe490f
/usr/share/pardus/pardus-software|directory|drwxr-xr-x|755|root|root|-
/usr/share/pardus/pardus-software/css|directory|drwxr-xr-x|755|root|root|-
/usr/share/pardus/pardus-software/css/adw.css|text/plain|-rw-r--r--|644|root|root|c9286e060d7e93d512aec90abb0b0985
/usr/share/pardus/pardus-software/css/all.css|text/plain|-rw-r--r--|644|root|root|c4110546b397e4536dbed0d0cf2fc062
/usr/share/pardus/pardus-software/css/base.css|text/plain|-rw-r--r--|644|root|root|76589bf6ae20fc6ca35961713ec262cb
/usr/share/pardus/pardus-software/images|directory|drwxr-xr-x|755|root|root|-
/usr/share/pardus/pardus-software/images/rating-0-3.svg|image/svg+xml|-rw-r--r--|644|root|root|0d1e17f4ce7f63ab68b221ff76646b5c
/usr/share/pardus/pardus-software/images/rating-0-5.svg|image/svg+xml|-rw-r--r--|644|root|root|3a29cb8b36154c2fac6724176ea4104d
/usr/share/pardus/pardus-software/images/rating-0-8.svg|image/svg+xml|-rw-r--r--|644|root|root|77df20733cdcd4fc5036a9d41c244d54
/usr/share/pardus/pardus-software/images/rating-0.svg|image/svg+xml|-rw-r--r--|644|root|root|606ced4585d9f58473cd962a249c2799
/usr/share/pardus/pardus-software/images/rating-1.svg|image/svg+xml|-rw-r--r--|644|root|root|ba58c72390a9e52de763b94bfdc3ac5b
/usr/share/pardus/pardus-software/images/rating-hover-empty.svg|image/svg+xml|-rw-r--r--|644|root|root|290d84c088c0c52ba489f9c90e51eeea
/usr/share/pardus/pardus-software/images/rating-hover-full.svg|image/svg+xml|-rw-r--r--|644|root|root|0d7eaff5211f87a90ec8fd8d1819bebb
/usr/share/pardus/pardus-software/images/rating.svg|image/svg+xml|-rw-r--r--|644|root|root|cb2ac67b068201b751fafb13cbfcc00e
/usr/share/pardus/pardus-software/images/rating-unrated.svg|image/svg+xml|-rw-r--r--|644|root|root|8ea3262d6f992a14aed9912c1ffb7f13
/usr/share/pardus/pardus-software/src|directory|drwxr-xr-x|755|root|root|-
/usr/share/pardus/pardus-software/src/Actions.py|text/x-script.python|-rwxr-xr-x|755|root|root|5b84c8c1438eaa25480d540985f382a0
/usr/share/pardus/pardus-software/src/AppDetail.py|text/x-script.python|-rw-r--r--|644|root|root|af429aceb885fdf55a1025bb8948446b
/usr/share/pardus/pardus-software/src/AppImage.py|text/x-script.python|-rw-r--r--|644|root|root|ebf1e0670df96e2a81e30751ae700c94
/usr/share/pardus/pardus-software/src/AppRequest.py|text/x-script.python|-rw-r--r--|644|root|root|c54f5961d947717a04dcc909fb133c5f
/usr/share/pardus/pardus-software/src/AutoAptUpdate.py|text/x-script.python|-rwxr-xr-x|755|root|root|280a43fbcdb795b2f3166845b422a762
/usr/share/pardus/pardus-software/src/CellRendererButton.py|text/x-script.python|-rw-r--r--|644|root|root|9161b69b70f224a391dd02d1069f691f
/usr/share/pardus/pardus-software/src/GnomeComment.py|text/x-script.python|-rw-r--r--|644|root|root|e3dbf5f54930770b781c8f843f5e6643
/usr/share/pardus/pardus-software/src/GnomeRatingServer.py|text/x-script.python|-rw-r--r--|644|root|root|6ec0f980cb38ead95a0f8362c0f119ed
/usr/share/pardus/pardus-software/src/Group.py|text/x-script.python|-rwxr-xr-x|755|root|root|41cf67d6342bc450606b7b818e9fc671
/usr/share/pardus/pardus-software/src/Logger.py|text/x-script.python|-rw-r--r--|644|root|root|ca75f934b39e513d84facc94e619fcea
/usr/share/pardus/pardus-software/src/Main.py|text/x-script.python|-rwxr-xr-x|755|root|root|7a4ed45d1bf35763935b3a4cf2e1db01
/usr/share/pardus/pardus-software/src/MainWindow.py|text/x-script.python|-rw-r--r--|644|root|root|482c866deb1b17005e33852ad7040360
/usr/share/pardus/pardus-software/src/Package.py|text/x-script.python|-rw-r--r--|644|root|root|765a925526bb6c2dd43717f38b2433ae
/usr/share/pardus/pardus-software/src/PardusComment.py|text/x-script.python|-rw-r--r--|644|root|root|beac80ee7958e1d920294f2b73f37964
/usr/share/pardus/pardus-software/src/Server.py|text/x-script.python|-rw-r--r--|644|root|root|91b9918577526bf3debacbe0cadff434
/usr/share/pardus/pardus-software/src/SysActions.py|text/x-script.python|-rwxr-xr-x|755|root|root|80b8642c42881f8ff8da97f40282cb41
/usr/share/pardus/pardus-software/src/UserSettings.py|text/x-script.python|-rw-r--r--|644|root|root|8e6b0ab23769f2c0cda2d2eddba5d2f5
/usr/share/pardus/pardus-software/src/Utils.py|text/x-script.python|-rw-r--r--|644|root|root|0e08d218eda2d07364258c4316f18416
/usr/share/pardus/pardus-software/src/__version__|text/plain|-rw-r--r--|644|root|root|c5f3f5c1b684f707080207f4f3a46f71
/usr/share/pardus/pardus-software/ui|directory|drwxr-xr-x|755|root|root|-
/usr/share/pardus/pardus-software/ui/MainWindow.glade|text/xml|-rw-r--r--|644|root|root|a9578d8117a42f2c21a6901313a83d01
/usr/share/pardus/pardus-update|directory|drwxr-xr-x|755|root|root|-
/usr/share/pardus/pardus-update/data|directory|drwxr-xr-x|755|root|root|-
/usr/share/pardus/pardus-update/data/pardus-safeupgrade.service|text/plain|-rwxr-xr-x|755|root|root|31ae0b5d10238367ac9ecc96f883154e
/usr/share/pardus/pardus-update/data/pardus-safeupgrade-template.sh|text/x-shellscript|-rwxr-xr-x|755|root|root|c0a00af3cbcc9568f957495b63ae1195
/usr/share/pardus/pardus-update/data/pardus-update-available-symbolic.svg|image/svg+xml|-rw-r--r--|644|root|root|b633832369fb91713c3a8a1ba7c90e35
/usr/share/pardus/pardus-update/data/pardus-update-cantconnect.svg|image/svg+xml|-rw-r--r--|644|root|root|46abf2a804034b20bd8f08d4c5629493
/usr/share/pardus/pardus-update/data/pardus-update-error-symbolic.svg|image/svg+xml|-rw-r--r--|644|root|root|088b52d92b183adfddacd48a649ad342
/usr/share/pardus/pardus-update/data/pardus-update-inprogress-symbolic.svg|image/svg+xml|-rw-r--r--|644|root|root|3ba6cd7ab456f1a1a2f6f58de4a8a0ea
/usr/share/pardus/pardus-update/data/pardus-update.svg|image/svg+xml|-rw-r--r--|644|root|root|648fcb6ef50be5c6efbd4cf3c0e91946
/usr/share/pardus/pardus-update/data/pardus-update-symbolic.svg|image/svg+xml|-rw-r--r--|644|root|root|002ae2bcc88ebe704a9da73c4b3681fe
/usr/share/pardus/pardus-update/data/pardus-update-uptodate.svg|image/svg+xml|-rw-r--r--|644|root|root|3a29bc6512b8e156d110811c1db733ac
/usr/share/pardus/pardus-update/data/sources.json|application/json|-rw-r--r--|644|root|root|0dd3d2f308940134800c914dcabb7cf0
/usr/share/pardus/pardus-update/data/style.css|text/plain|-rw-r--r--|644|root|root|f7eb124951e7b326d91da0d9603e3520
/usr/share/pardus/pardus-update/data/tr.org.pardus.update-autostart.desktop|text/plain|-rw-r--r--|644|root|root|60aa1db25cc3f9ff003484cbe3b66c4e
/usr/share/pardus/pardus-update/src|directory|drwxr-xr-x|755|root|root|-
/usr/share/pardus/pardus-update/src/AutoAptUpdate.py|text/x-script.python|-rwxr-xr-x|755|root|root|20ae337a03cca9129ca2473127d54cad
/usr/share/pardus/pardus-update/src/Group.py|text/x-script.python|-rwxr-xr-x|755|root|root|4c6e5081b02c400213996cba49dd15aa
/usr/share/pardus/pardus-update/src/Main.py|text/x-script.python|-rwxr-xr-x|755|root|root|2e34a65d295efca0e2182ef6eba990f8
/usr/share/pardus/pardus-update/src/MainWindow.py|text/x-script.python|-rw-r--r--|644|root|root|390aa2d457f3943c508ea5d5a29fa099
/usr/share/pardus/pardus-update/src/Package.py|text/x-script.python|-rw-r--r--|644|root|root|c07268dd140fc3ee09ff76dc96919d1c
/usr/share/pardus/pardus-update/src/RepoDistControl.py|text/x-script.python|-rw-r--r--|644|root|root|81cca98e3efbf92d5fe89cdb4de6384a
/usr/share/pardus/pardus-update/src/SysActions.py|text/x-script.python|-rwxr-xr-x|755|root|root|8a8878cfb9ea5f2b086724ba3447a6d6
/usr/share/pardus/pardus-update/src/SystemSettings.py|text/x-script.python|-rw-r--r--|644|root|root|f984bc1005985804099c5af0d479fb8e
/usr/share/pardus/pardus-update/src/SystemSettingsWrite.py|text/x-script.python|-rwxr-xr-x|755|root|root|ece865be1d0a3f31e180fba72f5bc4a4
/usr/share/pardus/pardus-update/src/UserSettings.py|text/x-script.python|-rw-r--r--|644|root|root|a69dc935cf7a43a54a03e74b305f6cf9
/usr/share/pardus/pardus-update/src/Utils.py|text/x-script.python|-rw-r--r--|644|root|root|8df1f6140f9484184d660c504dbb75a1
/usr/share/pardus/pardus-update/src/__version__|text/plain|-rw-r--r--|644|root|root|f7151452c19dcef7ce3d80c60b5b5e79
/usr/share/pardus/pardus-update/ui|directory|drwxr-xr-x|755|root|root|-
/usr/share/pardus/pardus-update/ui/MainWindow.glade|text/xml|-rw-r--r--|644|root|root|327c5e66ce0d4318dbd34cce0d983cb7
/usr/share/pardus/pardus-usb-formatter|directory|drwxr-xr-x|755|root|root|-
/usr/share/pardus/pardus-usb-formatter/main.svg|image/svg+xml|-rw-r--r--|644|root|root|03aaaaa9130ec884017673ead1140c2e
/usr/share/pardus/pardus-usb-formatter/pardus-usb-formatter.svg|image/svg+xml|-rw-r--r--|644|root|root|c6496b7c5ae3ed102a075d79deef6d6f
/usr/share/pardus/pardus-usb-formatter/src|directory|drwxr-xr-x|755|root|root|-
/usr/share/pardus/pardus-usb-formatter/src/Main.py|text/x-script.python|-rwxr-xr-x|755|root|root|f16b0ffabe914a0795d6e7ef4a653bf2
/usr/share/pardus/pardus-usb-formatter/src/MainWindow.py|text/x-script.python|-rw-r--r--|644|root|root|9aa3794447e6405403bb442d4702ee49
/usr/share/pardus/pardus-usb-formatter/src/USBDeviceManager.py|text/x-script.python|-rw-r--r--|644|root|root|319cd26fefb029320d172c47279be82a
/usr/share/pardus/pardus-usb-formatter/src/USBFormatter.py|text/x-script.python|-rwxr-xr-x|755|root|root|36f59f6f0c80c809c72a373cd25e2dbe
/usr/share/pardus/pardus-usb-formatter/src/__version__|text/plain|-rw-r--r--|644|root|root|850b5f632547c83da79c79b639d289f6
/usr/share/pardus/pardus-usb-formatter/ui|directory|drwxr-xr-x|755|root|root|-
/usr/share/pardus/pardus-usb-formatter/ui/MainWindow.glade|text/xml|-rw-r--r--|644|root|root|7f1cb4849a2653fc5711ca216e6a0be0
/usr/share/polkit-1|directory|drwxr-xr-x|755|root|root|-
/usr/share/polkit-1/actions|directory|drwxr-xr-x|755|root|root|-
/usr/share/polkit-1/actions/com.endlessm.ParentalControls.policy|text/xml|-rw-r--r--|644|root|root|a41a6883513b2411d6bcdbeaba9b310f
/usr/share/polkit-1/actions/com.ubuntu.pkexec.synaptic.policy|text/xml|-rw-r--r--|644|root|root|1a971da9405e28ad92f3f26659bc23ff
/usr/share/polkit-1/actions/io.github.hakandundar34coding.system-monitoring-center.policy|text/xml|-rw-r--r--|644|root|root|108b6e25eb95502a308514ddbf304096
/usr/share/polkit-1/actions/org.blueman.policy|text/xml|-rw-r--r--|644|root|root|efd87f6705581a4a877032cc10a43c51
/usr/share/polkit-1/actions/org.cinnamon.settingsdaemon.datetimemechanism.policy|text/xml|-rw-r--r--|644|root|root|25dd82b34c957cc8fa96399e03ca84b0
/usr/share/polkit-1/actions/org.cinnamon.settings-daemon.plugins.power.policy|text/xml|-rw-r--r--|644|root|root|6baa56119240b360f015102b0289f860
/usr/share/polkit-1/actions/org.cinnamon.settings-daemon.plugins.wacom.policy|text/xml|-rw-r--r--|644|root|root|0c3a1602b9a36650829886ccd4946414
/usr/share/polkit-1/actions/org.cinnamon.settings-users.policy|text/xml|-rw-r--r--|644|root|root|66972b3e46fd454527c66cf966e8a9b1
/usr/share/polkit-1/actions/org.dpkg.pkexec.update-alternatives.policy|text/xml|-rw-r--r--|644|root|root|54954d2b88edf5304e5891823c6b1789
/usr/share/polkit-1/actions/org.freedesktop.accounts.policy|text/xml|-rw-r--r--|644|root|root|78c363b05ce7f8a022180482ab1ff681
/usr/share/polkit-1/actions/org.freedesktop.color.policy|text/xml|-rw-r--r--|644|root|root|40a1d1097ca784bfb8aaf88175179cb3
/usr/share/polkit-1/actions/org.freedesktop.DisplayManager.AccountsService.policy|text/xml|-rw-r--r--|644|root|root|d00a035f34c3528a54175d3d35b0c41e
/usr/share/polkit-1/actions/org.freedesktop.hostname1.policy|text/xml|-rw-r--r--|644|root|root|267e82e3c5e836cab108d141353b1b04
/usr/share/polkit-1/actions/org.freedesktop.locale1.policy|text/xml|-rw-r--r--|644|root|root|93af260196e09b0405611e5672aa9626
/usr/share/polkit-1/actions/org.freedesktop.login1.policy|text/xml|-rw-r--r--|644|root|root|644cad21be5b44329aacf289b5ba252f
/usr/share/polkit-1/actions/org.freedesktop.ModemManager1.policy|text/xml|-rw-r--r--|644|root|root|8277a59b51feb7a585cfd0793a58c7de
/usr/share/polkit-1/actions/org.freedesktop.network1.policy|text/xml|-rw-r--r--|644|root|root|97b63ecc40411c9705dd540ca08a96af
/usr/share/polkit-1/actions/org.freedesktop.NetworkManager.policy|text/xml|-rw-r--r--|644|root|root|2d4927db0d2c0db9e96693de08a2284b
/usr/share/polkit-1/actions/org.freedesktop.policykit.policy|text/xml|-rw-r--r--|644|root|root|098d4c7b7b949758bc2edb9553a970fa
/usr/share/polkit-1/actions/org.freedesktop.RealtimeKit1.policy|text/xml|-rw-r--r--|644|root|root|0e3024bd81ed3596db33b87aa64fa3fd
/usr/share/polkit-1/actions/org.freedesktop.systemd1.policy|text/xml|-rw-r--r--|644|root|root|486e1891e9f670b6e75a0a4f500c6673
/usr/share/polkit-1/actions/org.freedesktop.timedate1.policy|text/xml|-rw-r--r--|644|root|root|5b1302abdf51b16ee98eacac3e4fbe7e
/usr/share/polkit-1/actions/org.freedesktop.timesync1.policy|text/xml|-rw-r--r--|644|root|root|f11e3254a64e32d1379897d6355b004c
/usr/share/polkit-1/actions/org.freedesktop.UDisks2.policy|text/xml|-rw-r--r--|644|root|root|026bfe3af6abbdef7591f75cce78e416
/usr/share/polkit-1/actions/org.gnome.gnome-system-monitor.policy|text/xml|-rw-r--r--|644|root|root|72931a42aa86b3a936659a94a10625fd
/usr/share/polkit-1/actions/org.gtk.vfs.file-operations.policy|text/xml|-rw-r--r--|644|root|root|4518605a7882a26544f8a7211a9afb0b
/usr/share/polkit-1/actions/org.nemo.root.policy|text/xml|-rw-r--r--|644|root|root|d3aaa32f7d68e37edbbbbc01dddc6b37
/usr/share/polkit-1/actions/org.opensuse.cupspkhelper.mechanism.policy|text/xml|-rw-r--r--|644|root|root|ce1206421332aaf98eabd0dcf56a615f
/usr/share/polkit-1/actions/org.spice-space.lowlevelusbaccess.policy|text/xml|-rw-r--r--|644|root|root|b6a08bbc5b750ecef8aba0b3278f95c6
/usr/share/polkit-1/actions/org.x.warpinator.policy|text/xml|-rw-r--r--|644|root|root|df8192be9c04d2dc5c7629bff5dcdf4a
/usr/share/polkit-1/actions/org.x.xf86-video-intel.backlight-helper.policy|text/xml|-rw-r--r--|644|root|root|e96c83ad191609a2c5225eac740ee402
/usr/share/polkit-1/actions/tr.org.eta.password-changer.policy|text/xml|-rwxr-xr-x|755|root|root|1a91bfc76c6bc9ac143cd06d2c5612eb
/usr/share/polkit-1/actions/tr.org.etap.otp-settings.policy|text/xml|-rw-r--r--|644|root|root|f489bcd04c3fc40255019a5098d1b832
/usr/share/polkit-1/actions/tr.org.pardus-boot-repair.policy|text/plain|-rwxr-xr-x|755|root|root|92481500a80c59e16671b94859484562
/usr/share/polkit-1/actions/tr.org.pardus.eta-register.policy|text/xml|-rw-r--r--|644|root|root|f915acef2bfabb327c54c91d2bd4632c
/usr/share/polkit-1/actions/tr.org.pardus.eta.shutdown.policy|text/xml|-rw-r--r--|644|root|root|16dfbb8468b2e7a69f50ecca3d693fd6
/usr/share/polkit-1/actions/tr.org.pardus.lightdm-greeter-settings.policy|text/xml|-rwxr-xr-x|755|root|root|246eb63d67b6f679cded9680c678d5fa
/usr/share/polkit-1/actions/tr.org.pardus.pkexec.eta-kisit.policy|text/xml|-rw-r--r--|644|root|root|ecc427bbd77d1b02e4b912ea2d4b4c03
/usr/share/polkit-1/actions/tr.org.pardus.pkexec.eta-usb-fix.policy|text/xml|-rwxr-xr-x|755|root|root|d217d4117ab4fddd8f929ff20b1ddd0a
/usr/share/polkit-1/actions/tr.org.pardus.pkexec.pardus-about.policy|text/xml|-rw-r--r--|644|root|root|078a9eb0a5bcd5f192315cc2f9cd3ee1
/usr/share/polkit-1/actions/tr.org.pardus.pkexec.pardus-hotspot.policy|text/xml|-rw-r--r--|644|root|root|24743b6ac64bcdf238faf6bff5318c46
/usr/share/polkit-1/actions/tr.org.pardus.pkexec.pardus-image-writer.policy|text/xml|-rw-r--r--|644|root|root|bbb048294eab8ebd2ed662592920c0a7
/usr/share/polkit-1/actions/tr.org.pardus.pkexec.pardus-java-installer.policy|text/xml|-rw-r--r--|644|root|root|85396f65cd558a89a9b82c97fff0fcc1
/usr/share/polkit-1/actions/tr.org.pardus.pkexec.pardus-package-installer.policy|text/xml|-rw-r--r--|644|root|root|633aa44c3763c1924998b0ce05e4d1e0
/usr/share/polkit-1/actions/tr.org.pardus.pkexec.pardus-software.policy|text/xml|-rwxr-xr-x|755|root|root|a40850fb00e5ab676550626229b1d240
/usr/share/polkit-1/actions/tr.org.pardus.pkexec.pardus-update.policy|text/xml|-rwxr-xr-x|755|root|root|3986d05db7f8cea5a29f31febc68d87e
/usr/share/polkit-1/actions/tr.org.pardus.pkexec.pardus-usb-formatter.policy|text/xml|-rw-r--r--|644|root|root|5c3a5fce7276b89c3b9327d099044369
/usr/share/polkit-1/policyconfig-1.dtd|text/plain|-rw-r--r--|644|root|root|1169dcbb77d72cedc12bc8d57d1198d9
/usr/share/polkit-1/rules.d|directory|drwx------|700|dhcpcd|root|-
/usr/share/polkit-1/rules.d/49-polkit-pkla-compat.rules|application/javascript|-rw-r--r--|644|root|root|2cf0514692274d943933e46953d01c5d
/usr/share/polkit-1/rules.d/50-default.rules|application/javascript|-rw-r--r--|644|root|root|62a5bcae7b67280c4a52b8d167e8c825
/usr/share/polkit-1/rules.d/blueman.rules|application/javascript|-rw-r--r--|644|root|root|503f618c0491653b5f9eb866b2ad3a7f
/usr/share/polkit-1/rules.d/com.endlessm.ParentalControls.rules|application/javascript|-rw-r--r--|644|root|root|6182229cd372746ff632db1795ee28c9
/usr/share/polkit-1/rules.d/org.freedesktop.GeoClue2.rules|application/javascript|-rw-r--r--|644|root|root|f8869ec2e64e7c34445e0647089b8f94
/usr/share/polkit-1/rules.d/org.freedesktop.NetworkManager.rules|application/javascript|-rw-r--r--|644|root|root|cb4255cab7a65e2c5796b36478044430
/usr/share/polkit-1/rules.d/org.gtk.vfs.file-operations.rules|application/javascript|-rw-r--r--|644|root|root|6d3318214e4206439efce4fe0c312086
/usr/share/polkit-1/rules.d/pardus-update-group.rules|application/javascript|-rw-r--r--|644|root|root|38f3f69bbbe5bbb8577a7ca5f624c415
/usr/share/polkit-1/rules.d/systemd-networkd.rules|application/javascript|-rw-r--r--|644|root|root|8f9cd6290cfcb9eb7becb456b7053643
/usr/share/polkit-1/rules.d/tr.org.pardus.about.rules|application/javascript|-rw-r--r--|644|root|root|50e1f2c4916f456a7ac7bc823eb3ca29
/usr/share/xfwm4|directory|drwxr-xr-x|755|root|root|-
/usr/share/xfwm4/defaults|text/plain|-rw-r--r--|644|root|root|7e82de2c5f01088f4e87461e01f00c24
/usr/share/xgreeters|directory|drwxr-xr-x|755|root|root|-
/usr/share/xgreeters/lightdm-greeter.desktop|symlink|/etc/alternatives/lightdm-greeter|777|root|root|-
/usr/share/xgreeters/lightdm-gtk-greeter.desktop|text/plain|-rw-r--r--|644|root|root|410cc9d4947e84f6721dd14878120beb
/usr/src|directory|drwxr-xr-x|755|root|root|-
/usr/src/broadcom-sta-6.30.223.271|directory|drwxr-xr-x|755|root|root|-
/usr/src/broadcom-sta-6.30.223.271/dkms.conf|text/plain|-rw-r--r--|644|root|root|d5fb758da44ad6cc2a6ed765a102d735
/usr/src/broadcom-sta-6.30.223.271/lib|directory|drwxr-xr-x|755|root|root|-
/usr/src/broadcom-sta-6.30.223.271/lib/wlc_hybrid.o_amd64|application/x-object|-rw-r--r--|644|root|root|6889dbd24abf8006de5cc6eddd138518
/usr/src/broadcom-sta-6.30.223.271/Makefile|text/plain|-rw-r--r--|644|root|root|0bdc92749382953684e705348055de27
/usr/src/broadcom-sta-6.30.223.271/src|directory|drwxr-xr-x|755|root|root|-
/usr/src/broadcom-sta-6.30.223.271/src/common|directory|drwxr-xr-x|755|root|root|-
/usr/src/broadcom-sta-6.30.223.271/src/common/include|directory|drwxr-xr-x|755|root|root|-
/usr/src/broadcom-sta-6.30.223.271/src/common/include/proto|directory|drwxr-xr-x|755|root|root|-
/usr/src/broadcom-sta-6.30.223.271/src/common/include/proto/802.11.h|text/x-c|-rw-r--r--|644|root|root|e9508195d1b74393b0e0add32a68f05e
/usr/src/broadcom-sta-6.30.223.271/src/common/include/proto/802.1d.h|text/x-c|-rw-r--r--|644|root|root|b30872b6fa9b11e28996b9bb4a373082
/usr/src/broadcom-sta-6.30.223.271/src/common/include/proto/bcmeth.h|text/x-c|-rw-r--r--|644|root|root|ff25c82d5091c8198221f5c96995436b
/usr/src/broadcom-sta-6.30.223.271/src/common/include/proto/bcmevent.h|text/x-c|-rw-r--r--|644|root|root|67b5f11bbdcfe317405ed1b660dbf0d9
/usr/src/broadcom-sta-6.30.223.271/src/common/include/proto/bcmip.h|text/x-c|-rw-r--r--|644|root|root|953515bf6ee31c3cccc8b001f7d1edcd
/usr/src/broadcom-sta-6.30.223.271/src/common/include/proto/ethernet.h|text/x-c|-rw-r--r--|644|root|root|9f54bca44f440488b4415d38b118ae39
/usr/src/broadcom-sta-6.30.223.271/src/common/include/proto/ieee80211_radiotap.h|text/x-c|-rw-r--r--|644|root|root|c276b774d50f060e2c33ca99ad8b77d9
/usr/src/broadcom-sta-6.30.223.271/src/common/include/proto/wpa.h|text/x-c|-rw-r--r--|644|root|root|f85ff042ce02b316f223491d01dbb4a8
/usr/src/broadcom-sta-6.30.223.271/src/include|directory|drwxr-xr-x|755|root|root|-
/usr/src/broadcom-sta-6.30.223.271/src/include/bcmcrypto|directory|drwxr-xr-x|755|root|root|-
/usr/src/broadcom-sta-6.30.223.271/src/include/bcmcrypto/tkhash.h|text/x-c|-rw-r--r--|644|root|root|d48e7d4d6b9026dc46cb5b8443a2c15d
/usr/src/broadcom-sta-6.30.223.271/src/include/bcmdefs.h|text/x-c|-rw-r--r--|644|root|root|49024adb9081ea658df9f43b91b3db86
/usr/src/broadcom-sta-6.30.223.271/src/include/bcmendian.h|text/x-c|-rw-r--r--|644|root|root|efae34583cce534a818baf8f0d3d7998
/usr/src/broadcom-sta-6.30.223.271/src/include/bcmutils.h|text/x-c|-rw-r--r--|644|root|root|c983882e19e7e10bb2f1d865a6e6ec94
/usr/src/broadcom-sta-6.30.223.271/src/include/epivers.h|text/x-c|-rw-r--r--|644|root|root|b6d3fa05debe86a161376e65aed2125b
/usr/src/broadcom-sta-6.30.223.271/src/include/lib80211.h|text/x-c|-rw-r--r--|644|root|root|11e35c2d9d7512f9687d8ea62f15d2d4
/usr/src/broadcom-sta-6.30.223.271/src/include/linux_osl.h|text/x-c|-rw-r--r--|644|root|root|777020d2eb93663644c58ab76abdea2a
/usr/src/broadcom-sta-6.30.223.271/src/include/linuxver.h|text/x-c|-rw-r--r--|644|root|root|f9904ca0a71ea465b03342c13328958f
/usr/src/broadcom-sta-6.30.223.271/src/include/osl.h|text/x-c|-rw-r--r--|644|root|root|b45610d64816714d58ca63b8adba6702
/usr/src/broadcom-sta-6.30.223.271/src/include/packed_section_end.h|text/x-c|-rw-r--r--|644|root|root|6d44a6799fb8f0fd86aada48834840b2
/usr/src/broadcom-sta-6.30.223.271/src/include/packed_section_start.h|text/x-c|-rw-r--r--|644|root|root|58f9480a14229514b51df8f64e8b545f
/usr/src/broadcom-sta-6.30.223.271/src/include/pcicfg.h|text/x-c|-rw-r--r--|644|root|root|a1cfabb20dfab1c4cda8cd82f66c2cb5
/usr/src/broadcom-sta-6.30.223.271/src/include/siutils.h|text/x-c|-rw-r--r--|644|root|root|bc7ac818ed4b025ecab675921c575143
/usr/src/broadcom-sta-6.30.223.271/src/include/typedefs.h|text/x-c|-rw-r--r--|644|root|root|442a541013492d58b15b8c02c941fdb7
/usr/src/broadcom-sta-6.30.223.271/src/include/wlioctl.h|text/x-c|-rw-r--r--|644|root|root|b828601baeebfd2304671043faa613df
/usr/src/broadcom-sta-6.30.223.271/src/shared|directory|drwxr-xr-x|755|root|root|-
/usr/src/broadcom-sta-6.30.223.271/src/shared/bcmwifi|directory|drwxr-xr-x|755|root|root|-
/usr/src/broadcom-sta-6.30.223.271/src/shared/bcmwifi/include|directory|drwxr-xr-x|755|root|root|-
/usr/src/broadcom-sta-6.30.223.271/src/shared/bcmwifi/include/bcmwifi_channels.h|text/x-c|-rw-r--r--|644|root|root|724ea8c3c694e3e2cb408672112e95b6
/usr/src/broadcom-sta-6.30.223.271/src/shared/bcmwifi/include/bcmwifi_rates.h|text/x-c|-rw-r--r--|644|root|root|976dac248d62c7f743ba9bf079d27bcb
/usr/src/broadcom-sta-6.30.223.271/src/shared/linux_osl.c|text/x-c|-rw-r--r--|644|root|root|8c6f8293984ae97c3db358bbf6a2ef81
/usr/src/broadcom-sta-6.30.223.271/src/wl|directory|drwxr-xr-x|755|root|root|-
/usr/src/broadcom-sta-6.30.223.271/src/wl/sys|directory|drwxr-xr-x|755|root|root|-
/usr/src/broadcom-sta-6.30.223.271/src/wl/sys/wlc_ethereal.h|text/x-c|-rw-r--r--|644|root|root|cf118f00fae1d9fda0fef4e8c87bf5b4
/usr/src/broadcom-sta-6.30.223.271/src/wl/sys/wl_cfg80211_hybrid.c|text/x-c|-rw-r--r--|644|root|root|1f7716114d0f2e6b79964776b2363a4c
/usr/src/broadcom-sta-6.30.223.271/src/wl/sys/wl_cfg80211_hybrid.h|text/x-c|-rw-r--r--|644|root|root|2dfb79916852ded879d31f68aa3d30e1
/usr/src/broadcom-sta-6.30.223.271/src/wl/sys/wlc_key.h|text/x-c|-rw-r--r--|644|root|root|99930f7c21dec7616436d9f56fde0405
/usr/src/broadcom-sta-6.30.223.271/src/wl/sys/wlc_pub.h|text/x-c|-rw-r--r--|644|root|root|df46872b8071a0598f844cbca41562ba
/usr/src/broadcom-sta-6.30.223.271/src/wl/sys/wlc_types.h|text/x-c|-rw-r--r--|644|root|root|7e41dbeb41e827ed9e26598191facfa8
/usr/src/broadcom-sta-6.30.223.271/src/wl/sys/wlc_utils.h|text/x-c|-rw-r--r--|644|root|root|468bfae6ed5884397b587365c25d2501
/usr/src/broadcom-sta-6.30.223.271/src/wl/sys/wlc_wowl.h|text/x-c|-rw-r--r--|644|root|root|96a7b147549a3d992ace5ffd03f4ed61
/usr/src/broadcom-sta-6.30.223.271/src/wl/sys/wl_dbg.h|text/x-c|-rw-r--r--|644|root|root|9e9be6a52552a184a1efe82f1b1c2ad9
/usr/src/broadcom-sta-6.30.223.271/src/wl/sys/wl_export.h|text/x-c|-rw-r--r--|644|root|root|1184911fc0f9439681a7775d47023c30
/usr/src/broadcom-sta-6.30.223.271/src/wl/sys/wl_iw.c|text/x-c|-rw-r--r--|644|root|root|7437f422964317e3f4036a3299f730b8
/usr/src/broadcom-sta-6.30.223.271/src/wl/sys/wl_iw.h|text/x-c|-rw-r--r--|644|root|root|c2d4998b7527cd7d6c6f0b4c8dea81d9
/usr/src/broadcom-sta-6.30.223.271/src/wl/sys/wl_linux.c|text/x-c|-rw-r--r--|644|root|root|07fa479219e5d52b8ec9dc9bd0051ff8
/usr/src/broadcom-sta-6.30.223.271/src/wl/sys/wl_linux.h|text/x-c|-rw-r--r--|644|root|root|41914d8749370c3b28408746b7188fee
/usr/src/eta-touchdrv-0.5.0|directory|drwxr-xr-x|755|root|root|-
/usr/src/eta-touchdrv-0.5.0/dkms.conf|text/plain|-rw-r--r--|644|root|root|ef5b2b9be4cc9ce41679790304ca6e46
/usr/src/eta-touchdrv-0.5.0/touch2|directory|drwxr-xr-x|755|root|root|-
/usr/src/eta-touchdrv-0.5.0/touch2/Makefile|text/x-makefile|-rw-r--r--|644|root|root|aefad09b94ae8ad2fa8186ce0cb60d80
/usr/src/eta-touchdrv-0.5.0/touch2/OpticalDrv.c|text/x-c|-rw-r--r--|644|root|root|08f8cd6a95f7a8124b2f7eed00d11ac8
/usr/src/eta-touchdrv-0.5.0/touch2/OpticalDrv.h|text/x-c|-rw-r--r--|644|root|root|032142c37ffb47f5bc4e814d08c95e32
/usr/src/eta-touchdrv-0.5.0/touch4|directory|drwxr-xr-x|755|root|root|-
/usr/src/eta-touchdrv-0.5.0/touch4/Makefile|text/x-makefile|-rwxr-xr-x|755|root|root|23edf94c62c03e9d7ad23d1ad6ada3b1
/usr/src/eta-touchdrv-0.5.0/touch4/OtdDrv.c|text/x-c|-rw-r--r--|644|root|root|a858e01eea8cb3ef6854cf925162213e
/usr/src/eta-touchdrv-0.5.0/touch4/OtdDrv.h|text/x-c|-rw-r--r--|644|root|root|1e27e99ef2f7a66706b4b1db8ad72e09
/usr/src/python3.11|directory|drwxr-xr-x|755|root|root|-
/usr/src/python3.11/Grammar|directory|drwxr-xr-x|755|root|root|-
/usr/src/python3.11/Grammar/python.gram|text/plain|-rw-r--r--|644|root|root|375738fa10033956d6db5893313876f8
/usr/src/python3.11/Parser|directory|drwxr-xr-x|755|root|root|-
/usr/src/python3.11/Parser/Python.asdl|text/plain|-rw-r--r--|644|root|root|3101ae71142fb88e8e994ba4fddc7b3b
